Row,cell1,cell2,cell3,cell4,cell5,cell6,cell7,cell8,cell9,cell10,cell11,cell12,cell13,cell14,cell15,cell16,cell17,cell18,cell19,cell20,cell21,cell22,cell23,cell24,cell25,cell26,cell27,cell28,cell29,cell30,cell31,cell32,cell33,cell34,cell35,cell36,cell37,cell38,cell39,cell40,cell41,cell42,cell43,cell44,cell45,cell46,cell47,cell48,cell49,cell50,cell51,cell52,cell53,cell54,cell55,cell56,cell57,cell58,cell59,cell60,cell61,cell62,cell63,cell64,cell65,cell66,cell67,cell68,cell69,cell70,cell71,cell72,cell73,cell74,cell75,cell76,cell77,cell78,cell79,cell80,cell81,cell82,cell83,cell84,cell85,cell86,cell87,cell88,cell89,cell90,cell91,cell92,cell93,cell94,cell95,cell96,cell97,cell98,cell99,cell100,cell101,cell102,cell103,cell104,cell105,cell106,cell107,cell108,cell109,cell110,cell111,cell112,cell113,cell114,cell115,cell116,cell117,cell118,cell119,cell120,cell121,cell122,cell123,cell124,cell125,cell126,cell127,cell128,cell129,cell130,cell131,cell132,cell133,cell134,cell135,cell136,cell137,cell138,cell139,cell140,cell141,cell142,cell143,cell144,cell145,cell146,cell147,cell148,cell149,cell150,cell151,cell152,cell153,cell154,cell155,cell156,cell157,cell158,cell159,cell160,cell161,cell162,cell163,cell164,cell165,cell166,cell167,cell168,cell169,cell170,cell171,cell172,cell173,cell174,cell175,cell176,cell177,cell178,cell179,cell180,cell181,cell182,cell183,cell184,cell185,cell186,cell187,cell188
1110004E09Rik,0,0,2,0,0,0,0,0,1,6,2,8,0,6,0,0,3,2,7,0,0,4,0,4,6,0,0,0,0,0,0,0,0,0,3,3,1,8,3,4,0,0,0,1,0,2,5,0,4,0,5,0,6,3,0,3,6,0,2,4,2,6,0,1,3,5,0,0,1,0,12,0,1,0,1,4,0,8,0,1,0,0,0,0,5,0,4,1,0,0,0,0,0,2,3,0,6,6,0,0,0,1,7,0,0,0,0,0,2,8,0,2,0,2,0,0,0,4,0,4,0,0,0,0,6,3,0,3,8,3,1,0,0,4,0,0,5,0,0,2,3,6,0,1,0,5,0,0,4,3,6,0,4,2,0,6,12,2,0,1,0,5,4,0,3,1,1,0,0,0,0,1,1,0,8,0,0,0,5,0,0,0,0,1,0,4,0,2
1700001L05Rik,0,0,2,0,0,0,1,10,4,0,5,2,0,0,0,3,0,0,6,0,0,1,0,3,0,0,2,2,1,0,7,0,0,1,0,0,0,0,0,4,1,0,0,0,0,0,3,4,0,0,3,0,0,0,0,0,0,3,1,0,0,3,7,0,7,4,0,0,0,0,0,0,0,0,0,0,1,0,0,0,0,0,0,0,0,0,0,0,4,0,0,0,0,3,0,0,0,0,0,1,10,4,6,0,0,0,0,3,5,2,0,2,0,0,2,0,0,1,0,3,0,0,2,7,0,0,1,0,0,0,0,1,0,4,0,1,3,0,4,0,0,0,0,0,0,3,0,0,0,0,0,3,0,1,0,3,0,0,0,0,0,4,0,7,7,0,0,0,0,0,1,0,0,0,0,0,0,0,0,0,0,0,0,0,4,0,0,3
1810058I24Rik,0,0,0,1,1,4,4,10,7,7,12,7,4,1,12,0,2,7,5,2,6,2,0,0,7,0,3,2,5,2,3,1,2,4,10,5,6,3,4,2,4,0,2,2,2,2,8,15,0,5,5,10,8,6,1,10,10,5,3,2,7,5,5,2,12,10,7,8,0,5,10,0,10,6,0,6,4,11,3,5,0,9,3,1,5,0,2,7,5,2,2,3,3,0,2,0,1,7,1,4,10,7,5,0,1,4,2,0,12,7,4,0,12,7,3,0,1,2,2,0,6,0,2,3,7,10,5,4,3,5,6,4,2,2,2,4,5,10,15,2,10,8,2,2,5,8,1,0,0,6,10,5,2,3,5,5,10,7,0,2,7,10,6,5,12,0,10,8,6,3,4,0,5,3,11,0,1,0,5,9,2,3,2,7,5,2,3,0
2810428I15Rik,0,4,0,0,0,5,0,4,6,2,0,3,6,10,0,0,0,4,5,5,3,3,0,0,0,0,3,0,1,0,4,3,2,1,1,2,0,3,0,0,0,0,0,0,3,0,3,4,0,4,7,0,2,6,0,0,0,3,4,1,1,2,0,0,0,2,0,3,0,0,2,0,10,0,4,0,1,0,0,0,4,0,0,0,14,0,0,3,1,2,0,0,0,3,0,0,10,2,0,0,4,6,5,4,0,6,5,0,0,3,5,0,0,4,3,0,3,3,2,0,3,0,0,4,0,1,1,0,3,2,0,1,0,0,3,0,7,0,4,0,0,2,0,0,4,3,0,0,0,6,0,3,1,4,0,2,2,1,0,0,0,2,0,0,0,0,10,3,0,0,1,4,0,0,0,0,0,4,14,0,2,0,0,3,1,0,0,3
2810474O19Rik,3,0,6,6,1,7,6,3,2,10,10,11,5,13,8,1,3,0,19,6,3,7,3,0,3,0,10,10,6,12,5,2,2,10,6,8,10,10,17,8,7,1,7,8,11,5,18,16,8,14,10,24,6,7,4,10,3,5,5,7,13,6,5,3,22,25,9,5,0,9,9,1,10,10,4,13,8,7,1,9,15,3,4,6,7,4,14,9,5,12,9,5,4,0,3,3,13,10,6,6,3,2,19,0,1,5,6,1,10,11,7,6,8,0,10,0,2,7,2,0,3,3,10,5,3,6,6,17,10,8,10,10,12,8,11,7,10,24,16,5,10,6,7,8,14,18,4,1,8,7,3,5,7,5,9,6,9,13,1,3,9,25,13,5,22,0,10,5,10,1,8,4,9,4,7,4,6,15,7,3,12,5,9,9,5,14,4,0
5730455P16Rik,0,1,0,0,2,0,0,4,0,1,0,3,2,1,1,5,0,2,0,1,5,4,1,0,0,0,5,0,0,0,0,0,0,1,0,4,0,0,3,1,0,0,0,0,7,0,4,8,3,0,6,1,2,0,0,0,0,0,0,0,2,0,0,0,2,3,2,0,6,0,0,0,0,0,0,0,5,0,0,0,4,0,0,0,0,0,4,0,0,9,3,0,0,0,0,0,1,1,0,0,4,0,0,1,2,2,1,5,0,3,0,0,1,2,5,0,0,4,0,0,5,1,0,0,0,0,0,3,0,4,0,1,0,1,7,0,6,1,8,0,0,2,0,0,0,4,0,0,3,0,0,0,0,0,0,0,0,2,0,0,2,3,0,0,2,6,0,0,0,0,5,0,0,0,0,0,0,4,0,0,9,0,3,0,0,4,0,0
Aamp,10,11,13,6,5,5,11,8,9,9,13,3,4,18,7,7,14,12,12,7,11,12,23,10,9,0,10,4,18,0,12,3,3,20,9,9,6,13,2,17,20,9,6,1,6,12,6,15,8,9,16,18,1,13,19,0,13,11,15,6,21,14,9,18,12,22,6,20,6,13,13,5,21,1,3,17,14,22,8,31,11,12,9,10,15,7,29,8,8,13,12,16,15,16,14,10,18,9,6,11,8,9,12,11,5,4,7,7,13,3,5,13,7,12,10,0,3,12,3,10,11,23,4,12,9,9,18,2,13,9,6,20,0,17,6,20,16,18,15,12,0,1,6,1,9,6,19,9,8,13,13,11,6,15,13,14,13,21,5,18,6,22,17,9,12,6,21,20,1,8,14,3,31,9,22,7,10,11,15,12,13,16,12,8,8,29,15,16
Abr,0,4,0,0,0,0,1,5,3,2,0,0,0,5,0,2,0,1,2,4,3,5,2,0,5,2,0,0,3,4,2,0,0,10,0,1,2,2,4,3,0,1,6,0,1,0,3,3,6,1,9,10,0,4,0,1,0,0,0,3,2,8,0,5,3,6,6,0,0,4,0,2,5,3,4,2,6,0,7,4,5,0,3,0,0,2,3,0,4,4,2,0,0,0,0,0,5,2,0,1,5,3,2,4,0,0,4,2,0,0,0,0,0,1,0,2,0,5,0,0,3,2,0,2,5,0,3,4,2,1,2,10,4,3,1,0,9,10,3,0,1,0,6,0,1,3,0,1,6,4,0,0,3,0,4,8,0,2,2,5,6,6,2,0,3,0,5,0,3,7,6,4,4,3,0,2,0,5,0,0,4,0,2,0,4,3,0,0
Acad9,0,0,0,2,0,5,0,5,0,2,3,3,1,0,0,0,0,1,0,0,0,1,1,1,2,0,1,2,0,1,0,2,3,3,0,2,1,4,2,0,5,3,2,0,0,0,6,2,1,2,0,7,2,0,0,1,2,4,2,0,3,1,0,3,2,3,1,1,0,3,4,0,1,0,0,3,0,0,1,3,2,3,1,0,0,1,1,2,3,4,4,0,0,0,0,0,0,2,2,0,5,0,0,0,0,1,0,0,3,3,5,0,0,1,1,0,2,1,3,1,0,1,2,0,2,0,0,2,4,2,1,3,1,0,0,5,0,7,2,0,1,2,2,0,2,6,0,3,1,0,2,4,0,2,3,1,4,3,0,3,1,3,3,0,2,0,1,1,0,1,0,0,3,1,0,1,0,2,0,3,4,0,4,2,3,1,0,0
Acd,0,0,1,0,0,1,3,1,3,1,0,0,0,3,0,4,2,0,1,2,0,1,2,0,0,0,3,0,0,3,4,2,0,1,3,3,0,0,0,1,0,0,0,0,1,2,0,4,0,0,8,2,0,0,0,3,3,3,0,1,2,0,0,2,0,0,2,2,1,1,3,0,2,0,0,1,3,0,6,3,0,5,0,0,0,4,0,0,0,0,0,0,0,0,2,0,3,1,0,3,1,3,1,0,0,0,2,4,0,0,1,1,0,0,3,0,2,1,0,0,0,2,0,4,0,3,0,0,0,3,0,1,3,1,1,0,8,2,4,2,3,0,0,0,0,0,0,0,0,0,3,3,1,0,1,0,3,2,0,2,2,0,1,0,0,1,2,2,0,6,3,0,3,0,0,4,0,0,0,5,0,0,0,0,0,0,0,0
Acly,1,2,4,0,3,3,2,2,11,4,6,5,4,8,7,8,0,4,0,2,3,4,1,4,5,0,5,6,1,5,9,5,2,4,2,4,6,8,7,3,0,2,12,0,7,2,3,1,4,0,1,0,0,0,7,7,1,1,6,3,5,3,5,3,11,4,0,0,2,4,3,1,14,7,2,6,5,7,4,2,2,3,1,4,5,0,6,6,5,0,0,0,4,0,0,1,8,4,0,2,2,11,0,2,3,4,2,8,6,5,3,4,7,4,5,0,5,4,2,4,3,1,6,9,5,2,1,7,8,4,6,4,5,3,7,0,1,0,1,2,7,0,12,0,0,3,7,2,4,0,1,1,3,6,4,3,3,5,1,3,0,4,6,5,11,2,14,0,7,4,5,2,2,1,7,0,4,2,5,3,0,0,0,6,5,6,4,0
Acot13,1,2,0,0,0,0,5,0,0,0,6,5,2,0,5,0,0,0,1,3,3,0,0,0,0,0,0,3,5,0,0,0,0,3,0,1,0,4,3,4,1,0,6,4,3,1,5,0,0,2,0,1,4,0,0,0,0,0,6,5,8,1,0,0,0,3,0,0,0,0,1,3,4,4,0,0,2,0,0,3,0,0,0,3,9,7,0,4,3,2,0,0,2,1,0,1,0,0,0,5,0,0,1,2,0,2,3,0,6,5,0,0,5,0,0,0,0,0,0,0,3,0,3,0,0,0,5,3,4,1,0,3,0,4,3,1,0,1,0,1,0,4,6,4,2,5,0,0,0,0,0,0,5,6,0,1,1,8,3,0,0,3,0,0,0,0,4,0,4,0,2,0,3,0,0,7,3,0,9,0,2,0,0,4,3,0,2,1
Actn1,3,9,13,0,0,4,2,13,5,10,5,7,0,2,6,10,12,6,5,6,8,4,3,3,15,1,4,6,4,1,10,1,7,14,5,2,3,15,3,0,6,6,13,7,6,6,9,15,5,23,22,8,7,5,11,5,9,6,11,5,6,6,3,4,16,14,8,7,2,3,11,0,15,6,5,11,3,13,9,6,8,7,17,4,4,5,2,2,6,4,0,9,8,11,12,3,2,10,0,2,13,5,5,9,0,0,6,10,5,7,4,13,6,6,4,1,1,4,7,3,8,3,6,10,15,5,4,3,15,2,3,14,1,0,6,6,22,8,15,6,5,7,13,7,23,9,11,6,5,5,9,6,5,11,3,6,11,6,0,4,8,14,11,3,16,2,15,7,6,9,3,5,6,17,13,5,4,8,4,7,4,9,0,2,6,2,8,11
Adk,0,0,3,0,0,2,2,8,2,7,3,2,3,6,0,2,2,0,4,0,3,0,0,0,3,0,0,6,0,0,9,4,0,3,1,9,0,2,0,0,0,0,1,2,0,0,4,2,6,0,4,2,7,2,2,0,0,3,9,0,6,1,3,1,7,6,0,6,0,3,6,3,5,2,0,9,0,11,0,0,0,0,1,0,0,0,9,0,5,4,3,2,2,1,2,0,6,7,0,2,8,2,4,0,0,3,0,2,3,2,2,3,0,0,0,0,4,0,0,0,3,0,6,9,3,1,0,0,2,9,0,3,0,0,0,0,4,2,2,0,0,7,1,2,0,4,2,0,6,2,0,3,0,9,3,1,6,6,3,1,0,6,9,3,7,0,5,6,2,0,0,0,0,1,11,0,0,0,0,0,4,2,3,0,5,9,2,1
Aff1,13,2,0,0,0,5,0,10,0,0,0,0,0,0,0,0,1,0,12,0,16,0,6,0,9,0,1,4,0,5,18,7,0,19,9,15,8,9,8,2,17,3,0,5,4,7,8,10,0,16,0,8,5,0,2,2,2,8,2,15,0,7,0,0,0,4,7,0,0,17,1,12,12,1,4,0,15,1,9,5,0,2,0,5,4,0,19,0,0,0,0,10,18,11,1,13,0,0,0,0,10,0,12,2,0,0,0,0,0,0,5,0,0,0,1,0,7,0,0,0,16,6,4,18,9,9,0,8,9,15,8,19,5,2,4,17,0,8,10,7,2,5,0,5,16,8,2,3,0,0,2,8,15,2,17,7,1,0,12,0,7,4,0,0,0,0,12,0,1,9,15,4,5,0,1,0,5,0,4,2,0,10,0,0,0,19,18,11
Aimp2,0,3,5,2,0,2,0,9,4,10,9,0,0,3,3,8,2,0,10,2,6,11,2,0,0,0,0,8,2,6,2,1,0,5,7,3,0,10,4,2,1,4,1,1,0,3,0,0,0,1,3,1,3,6,4,1,4,15,4,4,1,5,5,4,8,8,1,0,5,7,5,5,9,6,0,7,5,6,8,0,0,3,0,0,8,1,11,6,3,0,0,5,8,4,2,0,3,10,2,0,9,4,10,3,0,0,2,8,9,0,2,5,3,0,0,0,1,11,0,0,6,2,8,2,0,7,2,4,10,3,0,5,6,2,0,1,3,1,0,3,1,3,1,1,1,0,4,4,0,6,4,15,4,4,7,5,5,1,5,4,1,8,7,5,8,5,9,0,6,8,5,0,0,0,6,1,0,0,8,3,0,5,0,6,3,11,8,4
Amdhd2,0,0,0,0,4,2,2,0,9,9,0,5,0,6,5,0,1,0,12,9,6,4,8,7,7,0,0,7,11,8,18,3,2,2,5,9,4,12,8,4,5,11,7,10,10,4,7,9,7,8,1,4,0,3,5,0,11,2,5,6,10,0,1,4,5,5,1,10,3,3,8,5,18,0,7,0,5,21,1,8,4,6,6,4,3,0,14,14,0,4,10,0,7,3,1,0,6,9,0,2,0,9,12,0,4,0,9,0,0,5,2,0,5,0,0,0,3,4,2,7,6,8,7,18,7,5,11,8,12,9,4,2,8,4,10,5,1,4,9,4,0,0,7,10,8,7,5,11,7,3,11,2,6,5,3,0,8,10,5,4,1,5,0,1,5,3,18,10,0,1,5,7,8,6,21,0,4,4,3,6,4,0,10,14,0,14,7,3
Ankhd1,6,9,5,5,0,0,13,3,0,5,0,14,4,6,2,9,1,1,4,0,1,7,6,0,0,1,6,0,0,0,5,3,9,5,0,3,3,5,6,0,11,0,0,4,0,8,3,11,7,17,6,2,0,9,7,4,12,7,8,7,7,5,1,3,4,21,0,5,0,2,3,5,8,0,5,4,3,5,0,7,2,11,4,0,8,7,2,12,5,0,12,4,14,5,1,6,6,5,5,13,3,0,4,9,0,4,0,9,0,14,0,5,2,1,6,1,3,7,9,0,1,6,0,5,0,0,0,6,5,3,3,5,0,0,0,11,6,2,11,8,4,0,0,4,17,3,7,0,7,9,12,7,7,8,2,5,3,7,5,3,0,21,4,1,4,0,8,5,0,0,3,5,7,4,5,7,0,2,8,11,0,4,12,12,5,2,14,5
Ankrd10,2,0,2,2,0,7,0,4,1,1,4,0,7,0,0,4,0,4,1,3,6,4,2,0,1,0,0,7,4,0,7,0,0,2,0,7,7,6,0,2,11,5,5,3,3,3,4,4,0,6,1,7,0,0,5,0,1,1,4,0,9,3,4,4,0,9,0,4,0,3,3,3,0,1,0,2,1,1,4,2,13,0,1,4,6,0,0,0,7,10,2,4,0,2,0,2,0,1,2,0,4,1,1,0,0,7,3,4,4,0,7,2,0,4,0,0,0,4,0,0,6,2,7,7,1,0,4,0,6,7,7,2,0,2,3,11,1,7,4,3,0,0,5,3,6,4,5,5,0,0,1,1,0,4,3,3,3,9,3,4,0,9,2,4,0,0,0,4,1,4,1,0,2,1,1,0,4,13,6,0,10,4,2,0,7,0,0,2
Ankrd35,0,7,4,3,0,3,1,3,2,0,1,3,0,1,1,5,1,0,2,1,0,0,6,0,3,0,4,4,2,0,0,1,0,3,0,6,0,3,3,1,0,0,2,0,5,2,0,9,0,2,0,2,1,0,0,0,0,0,0,3,0,0,1,0,0,0,0,0,2,0,1,0,1,2,0,3,0,4,2,1,0,5,0,0,0,3,0,2,3,0,2,4,5,0,1,0,1,0,3,1,3,2,2,7,0,0,1,5,1,3,3,4,1,0,4,0,1,0,0,0,0,6,4,0,3,0,2,3,3,6,0,3,0,1,5,0,0,2,9,2,0,1,2,0,2,0,0,0,0,0,0,0,3,0,0,0,1,0,0,0,0,0,3,1,0,2,1,0,2,2,0,0,1,0,4,3,0,0,0,5,0,4,2,2,3,0,5,0
Anp32e,0,5,4,0,2,0,0,5,15,0,14,17,0,2,0,0,0,18,16,13,6,16,0,0,22,0,3,21,0,0,3,5,0,5,0,21,12,19,9,0,0,0,11,10,6,10,8,12,0,6,20,24,5,26,13,0,0,7,17,5,11,10,0,2,0,20,0,24,6,16,21,0,0,13,0,13,11,22,0,0,6,0,0,0,13,0,0,0,0,2,0,1,7,2,0,0,2,0,0,0,5,15,16,5,2,0,13,0,14,17,0,4,0,18,3,0,5,16,0,0,6,0,21,3,22,0,0,9,19,21,12,5,0,0,6,0,20,24,12,10,0,5,11,10,6,8,13,0,0,26,0,7,5,17,16,10,21,11,0,2,0,20,13,0,0,6,0,24,13,0,11,0,0,0,22,0,0,6,13,0,2,1,0,0,0,0,7,2
Anxa7,3,0,8,0,0,6,3,1,5,8,2,4,1,8,8,5,4,8,9,4,1,2,4,5,5,0,5,0,0,6,3,3,0,2,5,5,3,5,4,6,4,3,3,3,1,0,8,6,2,11,1,1,0,6,7,4,4,2,0,4,7,4,4,6,11,9,7,1,7,2,2,7,3,8,5,5,0,5,1,15,2,5,1,3,8,2,8,0,1,12,0,1,9,4,4,3,8,8,0,3,1,5,9,0,0,1,4,5,2,4,6,8,8,8,5,0,3,2,0,5,1,4,0,3,5,5,0,4,5,5,3,2,6,6,1,4,1,1,6,0,4,0,3,3,11,8,7,3,2,6,4,2,4,0,2,4,2,7,7,6,7,9,5,4,11,7,3,1,8,1,0,5,15,1,5,2,3,2,8,5,12,1,0,0,1,8,9,4
Ap1s1,1,5,4,5,0,2,1,7,0,4,2,3,0,1,2,0,0,2,4,0,0,5,4,0,5,0,0,4,5,2,0,0,3,5,3,6,6,5,3,6,0,1,4,0,3,0,10,6,0,5,1,4,4,12,6,6,5,4,4,0,9,1,7,2,5,0,2,6,2,3,5,0,5,0,3,1,1,0,9,4,1,4,2,3,1,0,0,2,3,0,2,7,0,4,0,1,1,4,5,1,7,0,4,5,0,0,0,0,2,3,2,4,2,2,0,0,0,5,3,0,0,4,4,0,5,3,5,3,5,6,6,5,2,6,3,0,1,4,6,0,6,4,4,0,5,10,6,1,0,12,5,4,0,4,3,1,5,9,0,2,2,0,1,7,5,2,5,6,0,9,1,3,4,2,0,0,3,1,1,4,0,7,2,2,3,0,0,4
Ap2m1,6,13,7,3,0,0,0,12,12,1,14,10,4,13,0,11,0,0,5,10,9,15,0,0,11,0,5,6,7,0,12,5,2,0,8,0,8,16,0,8,0,6,6,0,0,7,5,0,0,11,6,5,0,7,7,6,8,0,6,0,8,5,5,3,2,7,4,5,0,12,4,6,12,21,0,5,0,8,9,7,1,0,10,0,24,8,9,0,6,3,0,2,0,12,0,6,13,1,3,0,12,12,5,13,0,4,10,11,14,10,0,7,0,0,5,0,5,15,2,0,9,0,6,12,11,8,7,0,16,0,8,0,0,8,0,0,6,5,0,7,6,0,6,0,11,5,7,6,0,7,8,0,0,6,12,5,4,8,6,3,4,7,5,5,2,0,12,5,21,9,0,0,7,10,8,8,0,1,24,0,3,2,0,0,6,9,0,12
Appbp2,0,2,0,0,0,1,0,0,0,0,0,0,0,0,0,0,0,4,0,7,4,5,2,7,3,0,0,5,7,6,7,0,0,0,5,0,0,2,0,8,0,0,0,0,3,4,0,0,0,5,3,0,0,7,2,0,0,2,0,7,0,2,0,0,8,0,0,5,0,3,0,7,6,5,0,9,2,0,0,0,7,0,4,6,11,2,4,7,2,2,0,0,0,5,0,0,0,0,0,0,0,0,0,2,0,0,7,0,0,0,1,0,0,4,0,0,0,5,0,7,4,2,5,7,3,5,7,0,2,0,0,0,6,8,3,0,3,0,0,4,0,0,0,0,5,0,2,0,0,7,0,2,7,0,3,2,0,0,7,0,0,0,9,0,8,0,6,5,5,0,2,0,0,4,0,2,6,7,11,0,2,0,0,7,2,4,0,5
Aqr,3,0,3,6,0,6,3,7,2,2,0,0,0,5,2,4,1,8,3,4,2,5,3,0,2,0,5,2,0,7,9,1,0,7,4,7,4,2,3,2,2,2,0,0,2,0,6,7,0,6,2,12,2,9,0,0,0,2,10,7,4,5,3,6,16,4,0,8,0,0,7,3,4,0,0,9,0,3,0,0,2,0,6,1,2,0,9,6,5,6,2,1,0,3,1,3,5,2,6,3,7,2,3,0,0,0,4,4,0,0,6,3,2,8,5,0,1,5,0,0,2,3,2,9,2,4,0,3,2,7,4,7,7,2,2,2,2,12,7,0,0,2,0,0,6,6,0,2,0,9,0,2,7,10,0,5,7,4,3,6,0,4,9,3,16,0,4,8,0,0,0,0,0,6,3,0,1,2,2,0,6,1,2,6,5,9,0,3
Arl6ip1,0,6,12,5,0,15,1,23,8,20,22,7,17,15,26,16,14,15,12,9,5,11,5,1,6,0,0,25,7,5,15,9,7,13,5,23,8,9,13,15,12,1,10,8,19,10,10,19,0,19,2,30,7,11,6,2,14,12,10,1,17,9,1,1,21,14,15,10,3,18,24,12,22,6,4,7,9,40,5,12,30,14,12,3,19,2,4,3,10,1,1,6,8,4,14,0,15,20,5,1,23,8,12,6,0,17,9,16,22,7,15,12,26,15,0,0,9,11,7,1,5,5,25,15,6,5,7,13,9,23,8,13,5,15,19,12,2,30,19,10,2,7,10,8,19,10,6,1,0,11,14,12,1,10,18,9,24,17,12,1,15,14,7,1,21,3,22,10,6,5,9,4,12,12,40,2,3,30,19,14,1,6,1,3,10,4,8,4
Arl6ip4,0,3,14,6,0,0,11,10,6,10,2,20,0,5,0,16,2,10,6,7,0,0,8,4,0,0,0,8,0,0,0,3,8,14,3,0,0,10,8,6,0,0,12,14,13,0,0,3,9,0,0,10,5,12,2,7,9,14,5,0,5,2,0,0,0,13,0,15,0,16,2,5,13,11,5,17,0,5,0,8,0,8,2,0,14,0,6,0,8,0,12,0,0,0,2,0,5,10,6,11,10,6,6,3,0,0,7,16,2,20,0,14,0,10,0,0,3,0,8,4,0,8,8,0,0,3,0,8,10,0,0,14,0,6,13,0,0,10,3,0,7,5,12,14,0,0,2,0,9,12,9,14,0,5,16,2,2,5,5,0,0,13,17,0,0,0,13,15,11,0,0,5,8,2,5,0,0,0,14,8,0,0,12,0,8,6,0,0
Arpc4,15,0,22,13,0,4,7,14,10,7,1,3,0,7,34,28,4,0,12,8,21,3,0,0,3,0,6,13,18,7,8,8,0,7,11,19,11,27,5,4,3,0,14,4,4,0,19,15,12,12,19,18,0,24,13,8,0,19,14,0,4,8,1,8,35,25,1,6,3,0,0,11,9,6,12,24,9,33,15,14,19,18,0,0,6,0,13,0,11,17,11,12,0,13,4,15,7,7,13,7,14,10,12,0,0,0,8,28,1,3,4,22,34,0,6,0,8,3,0,0,21,0,13,8,3,11,18,5,27,19,11,7,7,4,4,3,19,18,15,0,8,0,14,4,12,19,13,0,12,24,0,19,0,14,0,8,0,4,11,8,1,25,24,1,35,3,9,6,6,15,9,12,14,0,33,0,0,19,6,18,17,12,11,0,11,13,0,13
Asap1,0,0,0,0,3,0,0,2,0,3,4,0,5,4,0,0,0,6,1,0,1,2,2,4,0,0,0,6,5,4,0,6,0,0,0,0,9,0,1,1,6,0,0,0,3,3,0,0,6,0,8,0,1,0,7,5,7,0,14,0,19,0,3,0,8,3,6,1,0,2,6,7,8,5,1,7,2,0,4,7,6,0,0,4,6,3,4,3,0,5,9,4,0,5,0,0,4,3,0,0,2,0,1,0,3,5,0,0,4,0,0,0,0,6,0,0,6,2,0,4,1,2,6,0,0,0,5,1,0,0,9,0,4,1,3,6,8,0,0,3,5,1,0,0,0,0,7,0,6,0,7,0,0,14,2,0,6,19,7,0,6,3,7,3,8,0,8,1,5,4,2,1,7,0,0,3,4,6,6,0,5,4,9,3,0,4,0,5
Asns,13,0,53,18,31,14,16,25,41,15,19,35,22,21,0,39,28,24,52,26,27,32,29,26,56,4,14,25,32,25,26,10,18,22,10,32,10,35,20,15,14,25,20,9,25,22,16,42,33,36,20,55,6,27,17,34,29,19,23,27,23,6,34,14,33,29,21,38,27,55,47,24,16,12,22,24,68,42,34,15,24,96,34,9,42,14,41,22,21,34,10,47,45,17,28,13,21,15,18,16,25,41,52,0,31,22,26,39,19,35,14,53,0,24,14,4,10,32,18,26,27,29,25,26,56,10,32,20,35,32,10,22,25,15,25,14,20,55,42,22,34,6,20,9,36,16,17,25,33,27,29,19,27,23,55,6,47,23,24,14,21,29,24,34,33,27,16,38,12,34,68,22,15,34,42,14,9,24,42,96,34,47,10,22,21,41,45,17
Atg12,4,4,3,1,0,2,3,0,4,1,1,3,0,4,5,0,0,0,3,0,3,3,2,0,0,0,0,4,0,0,0,0,0,0,7,0,0,5,3,4,2,0,4,1,0,0,0,3,4,0,0,3,4,0,1,4,0,0,1,2,10,1,0,0,2,0,0,0,2,3,2,0,9,2,2,1,6,1,1,2,5,0,3,2,0,0,4,0,3,1,0,4,0,0,0,4,4,1,1,3,0,4,3,4,0,0,0,0,1,3,2,3,5,0,0,0,0,3,0,0,3,2,4,0,0,7,0,3,5,0,0,0,0,4,0,2,0,3,3,0,4,4,4,1,0,0,1,0,4,0,0,0,2,1,3,1,2,10,0,0,0,0,1,0,2,2,9,0,2,1,6,2,2,3,1,0,2,5,0,0,1,4,0,0,3,4,0,0
Atg16l1,2,0,0,3,1,2,1,3,2,0,2,1,2,2,0,3,6,2,3,1,1,2,2,0,2,1,2,3,0,0,0,0,0,0,1,3,0,0,4,2,0,4,0,5,1,3,2,4,6,8,0,1,1,2,2,4,0,4,0,1,3,2,3,0,0,1,0,0,0,2,2,0,7,0,1,2,0,1,2,2,4,3,0,3,0,0,3,0,1,3,3,0,2,2,6,2,2,0,3,1,3,2,3,0,1,2,1,3,2,1,2,0,0,2,2,1,0,2,0,0,1,2,3,0,2,1,0,4,0,3,0,0,0,2,1,0,0,1,4,3,4,1,0,5,8,2,2,4,6,2,0,4,1,0,2,2,2,3,0,0,0,1,2,3,0,0,7,0,0,2,0,1,2,0,1,0,3,4,0,3,3,0,3,0,1,3,2,2
Atp1b1,0,6,7,10,1,1,3,1,5,4,0,4,8,2,3,8,0,4,4,4,12,2,5,2,16,0,0,0,10,0,15,2,1,4,4,7,9,14,0,0,0,14,0,1,7,7,7,0,4,3,0,1,3,4,0,0,0,0,10,6,18,1,8,4,0,12,4,5,5,3,9,0,14,8,7,1,7,17,4,10,7,2,17,5,0,5,8,3,5,11,8,8,0,0,0,0,2,4,10,3,1,5,4,6,1,8,4,8,0,4,1,7,3,4,0,0,2,2,1,2,12,5,0,15,16,4,10,0,14,7,9,4,0,0,7,0,0,1,0,7,0,3,0,1,3,7,0,14,4,4,0,0,6,10,3,1,9,18,0,4,4,12,1,8,0,5,14,5,8,4,7,7,10,17,17,5,5,7,0,2,11,8,8,3,5,8,0,0
Atp5g3,8,16,18,3,4,10,7,17,22,17,16,14,3,19,12,26,10,19,26,6,19,22,20,10,37,0,8,19,27,25,26,11,11,33,6,19,12,42,9,15,15,12,23,15,13,8,25,27,9,35,35,22,10,19,20,7,21,30,11,3,23,14,9,23,30,29,9,26,0,17,39,9,42,31,2,37,26,35,4,25,25,16,19,6,34,0,17,4,14,18,15,18,20,11,10,8,19,17,3,7,17,22,26,16,4,3,6,26,16,14,10,18,12,19,8,0,11,22,11,10,19,20,19,26,37,6,27,9,42,19,12,33,25,15,13,15,35,22,27,8,7,10,23,15,35,25,20,12,9,19,21,30,3,11,17,14,39,23,9,23,9,29,37,9,30,0,42,26,31,4,26,2,25,19,35,0,6,25,34,16,18,18,15,4,14,17,20,11
Atp5j2,15,12,15,17,2,12,16,15,22,14,20,10,11,28,13,33,12,28,31,15,15,26,12,13,30,0,19,24,11,28,19,11,8,33,16,17,5,58,18,3,19,8,22,23,23,9,20,23,9,32,24,26,18,27,15,8,18,23,15,6,39,20,10,20,27,23,19,24,12,15,15,13,34,16,13,21,16,41,19,24,21,33,26,10,34,2,21,7,20,1,19,22,18,9,12,15,28,14,17,16,15,22,31,12,2,11,15,33,20,10,12,15,13,28,19,0,11,26,8,13,15,12,24,19,30,16,11,18,58,17,5,33,28,3,23,19,24,26,23,9,8,18,22,23,32,20,15,8,9,27,18,23,6,15,15,20,15,39,13,20,19,23,21,10,27,12,34,24,16,19,16,13,24,26,41,2,10,21,34,33,1,22,19,7,20,21,18,9
Atp6ap2,0,0,7,3,3,0,2,0,5,6,3,6,0,4,3,4,3,5,6,3,6,0,1,0,0,0,0,6,1,0,7,2,5,2,0,11,0,1,4,4,3,0,0,3,3,0,2,4,0,3,1,2,8,0,4,0,3,4,2,10,3,0,6,0,0,1,4,3,4,2,5,3,8,2,2,3,2,0,2,1,3,10,6,1,3,4,5,3,6,7,4,1,4,1,3,0,4,6,3,2,0,5,6,0,3,0,3,4,3,6,0,7,3,5,0,0,2,0,5,0,6,1,6,7,0,0,1,4,1,11,0,2,0,4,3,3,1,2,4,0,0,8,0,3,3,2,4,0,0,0,3,4,10,2,2,0,5,3,3,0,4,1,3,6,0,4,8,3,2,2,2,2,1,6,0,4,1,3,3,10,7,1,4,3,6,5,4,1
Atp6v1e1,0,0,8,2,0,6,4,2,5,6,7,2,0,11,0,11,0,0,0,6,0,11,1,0,7,0,8,5,11,6,4,8,0,8,6,0,10,10,0,0,3,4,2,4,11,7,8,0,1,2,0,13,6,11,5,9,1,5,2,4,8,7,5,7,10,8,3,10,8,6,0,9,10,17,0,8,8,3,10,5,3,15,8,5,17,6,16,7,4,0,7,7,7,9,0,0,11,6,2,4,2,5,0,0,0,0,6,11,7,2,6,8,0,0,8,0,8,11,0,0,0,1,5,4,7,6,11,0,10,0,10,8,6,0,11,3,0,13,0,7,9,6,2,4,2,8,5,4,1,11,1,5,4,2,6,7,0,8,9,7,3,8,8,5,10,8,10,10,17,10,8,0,5,8,3,6,5,3,17,15,0,7,7,7,4,16,7,9
Atxn7l3b,3,2,6,0,5,4,8,8,18,9,5,3,4,8,4,8,3,4,2,6,6,10,0,10,1,5,1,3,6,6,0,4,0,4,4,19,2,14,8,12,5,10,5,1,2,6,11,5,4,12,1,8,0,3,0,11,4,5,3,4,6,3,2,0,4,11,1,3,0,8,3,3,6,4,2,12,6,8,10,2,5,7,0,2,3,11,18,5,0,0,3,3,0,14,3,3,8,9,0,8,8,18,2,2,5,4,6,8,5,3,4,6,4,4,1,5,4,10,0,10,6,0,3,0,1,4,6,8,14,19,2,4,6,12,2,5,1,8,5,6,11,0,5,1,12,11,0,10,4,3,4,5,4,3,8,3,3,6,3,0,1,11,12,2,4,0,6,3,4,10,6,2,2,0,8,11,2,5,3,7,0,3,3,5,0,18,0,14
BC003965,1,7,2,0,0,0,0,1,2,3,0,7,0,1,2,6,7,0,4,0,1,2,0,3,7,1,0,0,8,0,2,0,0,6,0,10,0,5,0,2,4,5,10,2,2,0,0,0,0,5,5,8,5,10,1,0,4,4,1,0,8,1,0,0,0,5,0,4,1,6,8,1,1,6,1,4,8,5,6,2,0,0,3,4,3,1,4,0,0,1,0,4,3,1,7,1,1,3,0,0,1,2,4,7,0,0,0,6,0,7,0,2,2,0,0,1,0,2,0,3,1,0,0,2,7,0,8,0,5,10,0,6,0,2,2,4,5,8,0,0,0,5,10,2,5,0,1,5,0,10,4,4,0,1,6,1,8,8,1,0,0,5,4,0,0,1,1,4,6,6,8,1,2,3,5,1,4,0,3,0,1,4,0,0,0,4,3,1
BC005561,5,0,0,0,9,4,0,0,0,3,0,7,0,0,0,0,0,0,0,0,2,0,0,0,0,0,0,0,0,0,0,0,12,0,0,0,0,5,2,3,0,4,0,0,0,0,0,3,0,0,0,5,2,0,0,0,0,0,0,0,0,0,0,0,0,0,0,0,0,0,0,0,7,12,0,0,3,0,2,0,4,0,0,7,0,0,0,3,0,0,1,0,0,0,0,5,0,3,0,0,0,0,0,0,9,0,0,0,0,7,4,0,0,0,0,0,0,0,12,0,2,0,0,0,0,0,0,2,5,0,0,0,0,3,0,0,0,5,3,0,0,2,0,0,0,0,0,4,0,0,0,0,0,0,0,0,0,0,0,0,0,0,0,0,0,0,7,0,12,2,3,0,0,0,0,0,7,4,0,0,0,0,1,3,0,0,0,0
Bag6,10,2,11,3,5,2,6,5,2,5,6,2,2,5,0,3,2,3,8,3,4,0,7,0,5,0,2,10,4,15,14,4,4,7,11,3,1,4,7,0,9,0,1,3,5,3,10,10,15,9,2,5,0,6,4,5,0,14,10,6,6,5,7,9,0,7,4,0,3,0,8,9,3,7,1,4,3,8,7,4,4,9,4,8,4,8,8,0,3,4,10,9,0,1,2,10,5,5,3,6,5,2,8,2,5,2,3,3,6,2,2,11,0,3,2,0,4,0,4,0,4,7,10,14,5,11,4,7,4,3,1,7,15,0,5,9,2,5,10,3,5,0,1,3,9,10,4,0,15,6,0,14,6,10,0,5,8,6,9,9,4,7,4,7,0,3,3,0,7,7,3,1,4,4,8,8,8,4,4,9,4,9,10,0,3,8,0,1
Banf1,10,21,19,16,0,21,6,56,44,29,21,24,7,67,21,13,13,15,27,28,30,22,13,10,18,0,13,30,11,18,49,12,17,36,25,39,23,46,30,21,14,15,16,31,29,12,23,23,30,33,31,46,36,39,6,5,50,33,21,30,36,16,9,14,74,65,29,40,10,43,28,19,63,40,5,39,22,29,25,41,26,30,30,12,10,11,42,22,25,32,18,15,11,0,13,10,67,29,16,6,56,44,27,21,0,7,28,13,21,24,21,19,21,15,13,0,12,22,17,10,30,13,30,49,18,25,11,30,46,39,23,36,18,21,29,14,31,46,23,12,5,36,16,31,33,23,6,15,30,39,50,33,30,21,43,16,28,36,19,14,29,65,39,9,74,10,63,40,40,25,22,5,41,30,29,11,12,26,10,30,32,15,18,22,25,42,11,0
Baz2b,0,3,0,9,0,6,0,0,0,4,4,0,8,3,1,0,2,0,0,3,6,0,2,3,2,0,9,8,1,0,0,1,0,0,0,3,0,6,0,2,5,0,2,5,0,0,0,4,4,0,0,0,11,4,0,0,0,0,0,0,5,0,0,0,5,1,8,0,0,0,0,1,0,0,1,1,4,5,0,0,8,12,0,2,0,16,6,0,0,0,0,7,0,0,2,0,3,4,9,0,0,0,0,3,0,8,3,0,4,0,6,0,1,0,9,0,1,0,0,3,6,2,8,0,2,0,1,0,6,3,0,0,0,2,0,5,0,0,4,0,0,11,2,5,0,0,0,0,4,4,0,0,0,0,0,0,0,5,1,0,8,1,1,0,5,0,0,0,0,0,4,1,0,0,5,16,2,8,0,12,0,7,0,0,0,6,0,0
Birc5,6,0,11,2,0,7,3,7,13,4,9,3,7,14,6,7,9,8,10,7,2,3,12,10,14,0,4,9,12,0,4,5,4,16,4,10,2,12,5,14,0,1,9,6,5,9,6,15,2,6,13,29,10,15,8,4,9,5,11,2,4,8,0,8,15,21,11,7,0,8,18,2,31,8,9,9,8,9,7,1,13,18,10,5,14,0,3,9,18,7,4,15,4,0,9,6,14,4,2,3,7,13,10,0,0,7,7,7,9,3,7,11,6,8,4,0,5,3,4,10,2,12,9,4,14,4,12,5,12,10,2,16,0,14,5,0,13,29,15,9,4,10,9,6,6,6,8,1,2,15,9,5,2,11,8,8,18,4,2,8,11,21,9,0,15,0,31,7,8,7,8,9,1,10,9,0,5,13,14,18,7,15,4,9,18,3,4,0
Blm,5,0,2,1,0,0,2,2,0,1,6,0,0,0,0,2,2,7,0,1,2,1,0,0,1,0,4,2,6,2,11,0,2,0,0,0,0,7,1,1,0,0,5,2,0,0,0,3,5,2,0,3,0,1,0,0,0,3,6,1,0,0,3,1,4,6,0,0,3,4,2,1,5,2,0,0,0,4,2,1,3,0,3,2,3,0,2,0,0,2,2,1,2,0,2,5,0,1,1,2,2,0,0,0,0,0,1,2,6,0,0,2,0,7,4,0,0,1,2,0,2,0,2,11,1,0,6,1,7,0,0,0,2,1,0,0,0,3,3,0,0,0,5,2,2,0,0,0,5,1,0,3,1,6,4,0,2,0,1,1,0,6,0,3,4,3,5,0,2,2,0,0,1,3,4,0,2,3,3,0,2,1,2,0,0,2,2,0
Bnip3l,0,0,0,10,0,6,0,2,3,0,7,0,6,3,0,6,3,8,1,1,2,0,0,0,5,1,1,3,3,0,4,0,2,7,2,0,0,9,0,3,0,0,3,2,5,0,8,5,0,3,3,4,0,4,7,0,6,4,4,1,13,8,0,1,0,13,0,2,0,0,0,0,0,5,3,8,0,10,3,4,0,7,3,4,0,3,6,1,11,0,0,0,3,0,3,0,3,0,10,0,2,3,1,0,0,6,1,6,7,0,6,0,0,8,1,1,0,0,2,0,2,0,3,4,5,2,3,0,9,0,0,7,0,3,5,0,3,4,5,0,0,0,3,2,3,8,7,0,0,4,6,4,1,4,0,8,0,13,0,1,0,13,8,0,0,0,0,2,5,3,0,3,4,3,10,3,4,0,0,7,0,0,0,1,11,6,3,0
Bpnt1,0,0,0,1,0,2,1,4,2,2,3,3,1,2,0,1,3,1,1,0,0,0,1,0,1,0,2,0,0,0,0,1,0,0,1,1,3,5,0,4,0,0,0,0,0,1,4,0,2,1,0,0,3,0,3,0,3,2,0,5,2,2,0,0,2,2,0,0,0,3,0,1,1,6,1,0,2,2,0,2,1,0,1,0,1,2,0,0,3,6,2,0,4,0,3,0,2,2,1,1,4,2,1,0,0,1,0,1,3,3,2,0,0,1,2,0,1,0,0,0,0,1,0,0,1,1,0,0,5,1,3,0,0,4,0,0,0,0,0,1,0,3,0,0,1,4,3,0,2,0,3,2,5,0,3,2,0,2,1,0,0,2,0,0,2,0,1,0,6,0,2,1,2,1,2,2,0,1,1,0,6,0,2,0,3,0,4,0
Btf3,10,1,0,16,0,16,0,19,0,20,0,0,0,41,0,31,16,14,5,19,0,23,11,0,13,0,13,22,0,0,19,16,0,0,0,5,24,31,0,21,0,0,0,0,0,9,12,0,22,0,4,6,18,33,9,7,0,21,23,0,0,0,0,8,0,11,6,14,0,0,25,20,0,16,0,11,17,41,14,11,0,4,0,0,0,0,0,0,0,24,0,13,17,0,16,10,41,20,16,0,19,0,5,1,0,0,19,31,0,0,16,0,0,14,13,0,16,23,0,0,0,11,22,19,13,0,0,0,31,5,24,0,0,21,0,0,4,6,0,9,7,18,0,0,0,12,9,0,22,33,0,21,0,23,0,0,25,0,20,8,6,11,11,0,0,0,0,14,16,14,17,0,11,0,41,0,0,0,0,4,24,13,0,0,0,0,17,0
Cabin1,0,1,0,0,1,0,0,0,2,2,1,3,0,5,1,0,1,0,2,0,2,1,2,0,2,0,0,0,0,1,0,0,0,0,2,1,0,0,0,3,0,0,5,0,2,1,2,2,0,1,0,0,2,0,0,0,0,0,1,0,1,0,0,3,1,0,1,2,0,0,0,0,5,3,6,4,0,0,2,0,0,4,2,3,0,0,2,3,0,0,0,4,1,4,1,0,5,2,0,0,0,2,2,1,1,0,0,0,1,3,0,0,1,0,0,0,0,1,0,0,2,2,0,0,2,2,0,0,0,1,0,0,1,3,2,0,0,0,2,1,0,2,5,0,1,2,0,0,0,0,0,0,0,1,0,0,0,1,0,3,1,0,4,0,1,0,5,2,3,2,0,6,0,2,0,0,3,0,0,4,0,4,0,3,0,2,1,4
Cadm1,0,0,6,1,4,2,0,3,4,2,6,5,5,5,0,3,0,4,4,4,3,0,2,0,12,0,5,1,3,1,6,2,0,5,6,0,4,5,2,0,0,0,0,0,0,2,0,0,3,0,0,7,6,2,0,0,6,3,3,0,2,1,1,2,6,9,0,5,1,4,8,1,4,3,0,4,2,4,5,7,0,3,0,0,7,1,3,1,4,2,0,8,1,0,0,0,5,2,1,0,3,4,4,0,4,5,4,3,6,5,2,6,0,4,5,0,2,0,0,0,3,2,1,6,12,6,3,2,5,0,4,5,1,0,0,0,0,7,0,2,0,6,0,0,0,0,0,0,3,2,6,3,0,3,4,1,8,2,1,2,0,9,4,1,6,1,4,5,3,5,2,0,7,0,4,1,0,0,7,3,2,8,0,1,4,3,1,0
Calm3,4,2,9,9,0,9,3,9,8,5,13,7,0,8,6,9,3,3,10,1,6,3,0,6,8,0,2,6,2,8,14,4,1,8,3,4,1,22,8,9,4,2,6,7,1,5,8,7,6,14,3,17,7,4,8,4,11,11,6,1,5,2,0,2,9,9,7,4,2,12,8,0,6,12,2,2,5,5,5,6,4,12,5,3,10,1,5,11,2,0,0,4,6,4,3,4,8,5,9,3,9,8,10,2,0,0,1,9,13,7,9,9,6,3,2,0,4,3,1,6,6,0,6,14,8,3,2,8,22,4,1,8,8,9,1,4,3,17,7,5,4,7,6,7,14,8,8,2,6,4,11,11,1,6,12,2,8,5,0,2,7,9,2,0,9,2,6,4,12,5,5,2,6,5,5,1,3,4,10,12,0,4,0,11,2,5,6,4
Cand1,0,0,3,17,0,0,0,0,0,30,0,12,0,0,0,0,0,0,0,0,0,0,0,6,13,0,15,0,0,26,0,0,0,0,0,0,15,20,0,23,0,0,8,0,16,0,36,0,25,27,0,0,23,15,6,0,0,0,0,0,0,0,0,7,0,0,6,0,0,0,0,12,0,0,0,0,0,0,0,0,0,0,0,9,0,0,0,2,0,25,0,0,0,11,0,0,0,30,17,0,0,0,0,0,0,0,0,0,0,12,0,3,0,0,15,0,0,0,0,6,0,0,0,0,13,0,0,0,20,0,15,0,26,23,16,0,0,0,0,0,0,23,8,0,27,36,6,0,25,15,0,0,0,0,0,0,0,0,12,7,6,0,0,0,0,0,0,0,0,0,0,0,0,0,0,0,9,0,0,0,25,0,0,2,0,0,0,11
Caprin1,0,0,10,9,0,7,0,24,10,16,8,15,12,10,16,18,4,17,4,11,4,10,2,2,10,0,1,20,17,15,13,6,19,1,14,10,7,22,0,15,3,13,0,15,17,0,19,11,1,12,12,5,14,19,20,11,15,2,1,14,38,6,9,9,19,38,6,28,0,22,3,8,30,14,1,15,19,16,14,9,17,13,8,12,26,6,13,7,9,0,0,3,13,2,4,0,10,16,9,0,24,10,4,0,0,12,11,18,8,15,7,10,16,17,1,0,6,10,19,2,4,2,20,13,10,14,17,0,22,10,7,1,15,15,17,3,12,5,11,0,11,14,0,15,12,19,20,13,1,19,15,2,14,1,22,6,3,38,8,9,6,38,15,9,19,0,30,28,14,14,19,1,9,8,16,6,12,17,26,13,0,3,0,7,9,13,13,2
Carkd,2,1,0,1,0,1,0,0,0,0,1,1,0,2,0,0,3,2,0,3,4,3,0,1,0,0,0,0,0,0,2,0,0,1,2,0,0,2,1,0,0,0,2,0,1,1,1,1,0,3,0,0,1,3,0,0,0,6,0,2,6,2,0,0,2,4,2,2,0,3,2,0,2,0,3,2,2,4,4,4,0,0,0,0,6,0,0,0,0,6,0,0,0,0,3,2,2,0,1,0,0,0,0,1,0,0,3,0,1,1,1,0,0,2,0,0,0,3,0,1,4,0,0,2,0,2,0,1,2,0,0,1,0,0,1,0,0,0,1,1,0,1,2,0,3,1,0,0,0,3,0,6,2,0,3,2,2,6,0,0,2,4,2,0,2,0,2,2,0,4,2,3,4,0,4,0,0,0,6,0,6,0,0,0,0,0,0,0
Casc3,2,4,6,4,0,4,0,10,4,3,1,0,0,2,1,4,3,4,3,0,3,4,3,6,2,0,0,2,1,1,2,0,0,4,7,3,2,2,3,0,8,4,5,2,2,0,4,7,0,1,5,2,9,5,2,0,7,8,13,4,5,0,6,4,2,3,4,3,0,0,4,2,9,3,1,5,7,3,4,2,4,2,0,0,3,4,5,0,3,0,0,0,3,1,3,2,2,3,4,0,10,4,3,4,0,0,0,4,1,0,4,6,1,4,0,0,0,4,0,6,3,3,2,2,2,7,1,3,2,3,2,4,1,0,2,8,5,2,7,0,0,9,5,2,1,4,2,4,0,5,7,8,4,13,0,0,4,5,2,4,4,3,5,6,2,0,9,3,3,4,7,1,2,0,3,4,0,4,3,2,0,0,0,0,3,5,3,1
Cbfb,1,3,11,2,0,2,0,0,10,2,0,2,1,0,7,4,0,3,6,5,6,0,5,0,2,0,1,0,5,0,4,2,6,2,1,5,3,9,0,4,0,4,4,3,2,0,2,4,1,5,3,0,3,2,2,7,4,1,2,5,0,1,0,3,0,14,3,0,0,6,4,2,9,0,2,5,1,7,2,2,2,2,0,0,7,0,5,1,6,4,0,1,2,0,0,1,0,2,2,0,0,10,6,3,0,1,5,4,0,2,2,11,7,3,1,0,2,0,6,0,6,5,0,4,2,1,5,0,9,5,3,2,0,4,2,0,3,0,4,0,7,3,4,3,5,2,2,4,1,2,4,1,5,2,6,1,4,0,2,3,3,14,5,0,0,0,9,0,0,2,1,2,2,0,7,0,0,2,7,2,4,1,0,1,6,5,2,0
Ccar1,1,9,5,5,2,7,1,0,1,5,6,7,2,8,7,7,10,0,5,13,11,0,6,0,6,8,6,12,8,5,6,5,0,0,8,3,7,12,10,2,1,1,7,3,0,3,20,4,6,0,4,2,3,4,15,5,7,16,7,10,21,6,6,6,8,12,5,9,6,0,6,3,11,10,0,12,12,7,8,4,7,1,0,8,4,1,10,6,3,5,14,0,8,9,10,1,8,5,5,1,0,1,5,9,2,2,13,7,6,7,7,5,7,0,6,8,5,0,0,0,11,6,12,6,6,8,8,10,12,3,7,0,5,2,0,1,4,2,4,3,5,3,7,3,0,20,15,1,6,4,7,16,10,7,0,6,6,21,3,6,5,12,12,6,8,6,11,9,10,8,12,0,4,0,7,1,8,7,4,1,5,0,14,6,3,10,8,9
Ccdc34,6,0,6,4,0,2,5,0,4,3,0,0,0,0,0,5,2,0,0,0,7,3,0,0,2,0,2,0,0,0,3,0,6,0,0,1,0,5,0,9,0,0,7,0,4,4,0,6,0,4,6,7,0,3,0,0,0,4,4,2,3,4,0,0,0,0,3,0,0,2,0,0,2,2,2,6,0,2,0,0,0,0,8,7,1,0,1,10,0,5,0,5,3,0,2,6,0,3,4,5,0,4,0,0,0,0,0,5,0,0,2,6,0,0,2,0,0,3,6,0,7,0,0,3,2,0,0,0,5,1,0,0,0,9,4,0,6,7,6,4,0,0,7,0,4,0,0,0,0,3,0,4,2,4,2,4,0,3,0,0,3,0,6,0,0,0,2,0,2,0,0,2,0,8,2,0,7,0,1,0,5,5,0,10,0,1,3,0
Ccdc88a,0,0,0,7,7,0,0,3,3,2,6,0,0,0,0,0,0,6,2,0,5,5,0,2,2,0,0,3,1,0,0,10,0,0,0,12,0,3,3,0,1,0,0,3,9,0,3,4,0,0,0,1,0,0,10,0,0,0,0,0,5,4,0,0,4,0,2,6,0,3,0,0,11,0,2,0,0,0,0,10,13,5,0,0,8,0,0,0,0,0,5,1,0,6,0,0,0,2,7,0,3,3,2,0,7,0,0,0,6,0,0,0,0,6,0,0,10,5,0,2,5,0,3,0,2,0,1,3,3,12,0,0,0,0,9,1,0,1,4,0,0,0,0,3,0,3,10,0,0,0,0,0,0,0,3,4,0,5,0,0,2,0,0,0,4,0,11,6,0,0,0,2,10,0,0,0,0,13,8,5,0,1,5,0,0,0,0,6
Ccna2,0,0,0,0,0,5,0,17,14,17,9,5,2,14,0,3,7,16,11,15,0,0,1,9,3,0,1,19,1,0,9,9,9,0,2,11,4,18,0,0,1,1,0,0,9,8,11,16,7,13,17,6,11,15,0,14,2,6,0,4,3,4,0,5,13,20,8,15,0,10,23,0,14,14,8,12,0,19,6,15,16,13,6,1,2,0,5,0,7,11,8,2,4,0,7,0,14,17,0,0,17,14,11,0,0,2,15,3,9,5,5,0,0,16,1,0,9,0,9,9,0,1,19,9,3,2,1,0,18,11,4,0,0,0,9,1,17,6,16,8,14,11,0,0,13,11,0,1,7,15,2,6,4,0,10,4,23,3,0,5,8,20,12,0,13,0,14,15,14,6,0,8,15,6,19,0,1,16,2,13,11,2,8,0,7,5,4,0
Ccne1,5,0,20,2,0,5,5,7,27,9,13,4,1,19,0,11,6,9,23,10,11,18,5,9,7,0,0,16,9,5,19,10,6,14,5,3,11,15,4,14,4,0,19,10,1,10,50,13,15,16,7,1,0,16,7,0,10,7,0,0,2,0,0,12,29,27,3,6,2,4,8,0,32,23,0,10,9,22,11,10,6,8,0,14,13,1,18,0,19,3,10,18,1,0,6,5,19,9,2,5,7,27,23,0,0,1,10,11,13,4,5,20,0,9,0,0,10,18,6,9,11,5,16,19,7,5,9,4,15,3,11,14,5,14,1,4,7,1,13,10,0,0,19,10,16,50,7,0,15,16,10,7,0,0,4,0,8,2,0,12,3,27,10,0,29,2,32,6,23,11,9,0,10,0,22,1,14,6,13,8,3,18,10,0,19,18,1,0
Cct8,29,20,30,35,0,8,11,0,49,26,70,33,23,47,0,41,41,20,21,28,17,53,22,24,32,0,45,25,37,33,58,7,14,44,28,38,4,79,2,0,15,39,49,14,19,28,47,50,36,11,39,16,11,66,40,9,10,12,22,39,34,52,23,28,29,38,0,24,19,16,70,7,75,37,8,61,24,50,8,25,23,0,27,15,18,15,8,26,50,17,24,50,3,34,41,29,47,26,35,11,0,49,21,20,0,23,28,41,70,33,8,30,0,20,45,0,7,53,14,24,17,22,25,58,32,28,37,2,79,38,4,44,33,0,19,15,39,16,50,28,9,11,49,14,11,47,40,39,36,66,10,12,39,22,16,52,70,34,7,28,0,38,61,23,29,19,75,24,37,8,24,8,25,27,50,15,15,23,18,0,17,50,24,26,50,8,3,34
Cd3eap,0,0,0,5,0,3,0,3,8,4,5,0,0,0,0,4,6,0,2,0,6,12,2,6,8,0,1,6,0,0,4,4,9,5,3,3,0,4,0,8,2,0,4,2,1,9,6,1,1,5,7,2,3,8,0,1,0,1,1,6,0,2,5,2,3,6,3,4,2,2,7,1,5,8,0,0,1,0,8,3,3,4,2,2,0,0,0,4,11,14,5,0,1,0,6,0,0,4,5,0,3,8,2,0,0,0,0,4,5,0,3,0,0,0,1,0,4,12,9,6,6,2,6,4,8,3,0,0,4,3,0,5,0,8,1,2,7,2,1,9,1,3,4,2,5,6,0,0,1,8,0,1,6,1,2,2,7,0,1,2,3,6,0,5,3,2,5,4,8,8,1,0,3,2,0,0,2,3,0,4,14,0,5,4,11,0,1,0
Cd9,8,0,18,16,8,4,13,21,10,5,11,7,7,14,59,11,18,0,23,22,15,24,12,11,34,0,7,17,12,13,27,3,11,25,2,23,12,14,5,8,16,11,4,15,18,16,7,37,17,24,21,40,23,20,12,13,7,18,21,20,12,6,22,24,42,33,7,11,23,17,27,20,23,9,15,21,40,16,4,16,39,34,9,8,17,3,40,15,20,16,11,17,23,42,18,8,14,5,16,13,21,10,23,0,8,7,22,11,11,7,4,18,59,0,7,0,3,24,11,11,15,12,17,27,34,2,12,5,14,23,12,25,13,8,18,16,21,40,37,16,13,23,4,15,24,7,12,11,17,20,7,18,20,21,17,6,27,12,20,24,7,33,21,22,42,23,23,11,9,4,40,15,16,9,16,3,8,39,17,34,16,17,11,15,20,40,23,42
Cdc123,5,8,1,0,1,5,10,12,9,2,7,12,4,14,12,5,4,6,20,0,10,1,4,0,21,5,9,14,0,5,13,2,0,12,3,9,7,16,1,8,4,3,11,4,3,3,4,15,11,5,1,5,18,19,6,9,7,9,6,6,18,15,6,9,10,12,1,7,0,1,7,7,13,14,3,7,7,12,11,10,8,18,1,8,31,2,17,7,12,2,5,6,4,9,4,5,14,2,0,10,12,9,20,8,1,4,0,5,7,12,5,1,12,6,9,5,2,1,0,0,10,4,14,13,21,3,0,1,16,9,7,12,5,8,3,4,1,5,15,3,9,18,11,4,5,4,6,3,11,19,7,9,6,6,1,15,7,18,7,9,1,12,7,6,10,0,13,7,14,11,7,3,10,1,12,2,8,8,31,18,2,6,5,7,12,17,4,9
Cdc20,2,0,4,0,0,5,0,5,7,7,4,0,5,7,9,6,4,10,10,1,5,0,0,1,2,0,1,5,4,0,3,5,6,8,1,10,2,3,2,8,0,0,0,4,0,8,3,1,6,3,3,5,10,6,0,1,4,6,10,0,2,1,1,3,18,11,9,7,0,11,13,0,4,7,5,2,0,7,0,0,11,7,3,7,6,0,1,5,6,4,9,11,6,0,4,2,7,7,0,0,5,7,10,0,0,5,1,6,4,0,5,4,9,10,1,0,5,0,6,1,5,0,5,3,2,1,4,2,3,10,2,8,0,8,0,0,3,5,1,8,1,10,0,4,3,3,0,0,6,6,4,6,0,10,11,1,13,2,0,3,9,11,2,1,18,0,4,7,7,0,0,5,0,3,7,0,7,11,6,7,4,11,9,5,6,1,6,0
Cdc42se2,0,0,1,0,0,3,0,3,5,0,1,4,0,4,15,2,0,3,0,0,2,1,5,6,0,0,0,2,7,0,0,0,0,7,0,3,0,7,0,10,3,5,4,0,7,0,4,5,0,0,0,5,4,0,0,0,0,7,8,0,6,4,0,9,0,0,4,6,0,0,0,0,8,1,0,5,3,0,6,0,5,0,3,3,0,0,6,5,3,0,0,0,0,0,0,0,4,0,0,0,3,5,0,0,0,0,0,2,1,4,3,1,15,3,0,0,0,1,0,6,2,5,2,0,0,0,7,0,7,3,0,7,0,10,7,3,0,5,5,0,0,4,4,0,0,4,0,5,0,0,0,7,0,8,0,4,0,6,0,9,4,0,5,0,0,0,8,6,1,6,3,0,0,3,0,0,3,5,0,0,0,0,0,5,3,6,0,0
Cdca7,1,1,4,0,0,3,3,3,1,1,7,4,0,2,0,4,0,3,7,0,4,9,5,4,2,0,1,2,3,2,5,2,2,7,2,3,2,4,0,3,0,3,0,4,1,8,8,3,1,5,3,5,1,4,0,0,6,0,4,6,2,2,2,1,1,6,3,1,0,3,5,1,3,5,1,4,0,0,2,6,6,1,1,10,3,5,0,4,3,1,4,4,0,0,0,1,2,1,0,3,3,1,7,1,0,0,0,4,7,4,3,4,0,3,1,0,2,9,2,4,4,5,2,5,2,2,3,0,4,3,2,7,2,3,1,0,3,5,3,8,0,1,0,4,5,8,0,3,1,4,6,0,6,4,3,2,5,2,1,1,3,6,4,2,1,0,3,1,5,2,0,1,6,1,0,5,10,6,3,1,1,4,4,4,3,0,0,0
Cdk1,3,0,0,3,0,8,0,18,13,8,10,3,2,11,8,8,3,2,15,13,2,6,15,3,11,0,0,2,6,0,5,3,3,14,4,14,9,12,7,0,0,1,4,1,8,3,7,4,0,5,8,17,10,14,0,0,8,14,1,1,12,8,2,3,11,11,3,24,0,13,12,0,14,11,0,7,8,16,7,3,15,0,3,0,17,0,7,2,13,1,4,1,2,3,3,3,11,8,3,0,18,13,15,0,0,2,13,8,10,3,8,0,8,2,0,0,3,6,3,3,2,15,2,5,11,4,6,7,12,14,9,14,0,0,8,0,8,17,4,3,0,10,4,1,5,7,0,1,0,14,8,14,1,1,13,8,12,12,0,3,3,11,7,2,11,0,14,24,11,7,8,0,3,3,16,0,0,15,17,0,1,1,4,2,13,7,2,3
Cdk4,46,26,28,2,0,14,32,33,35,40,30,49,6,16,10,34,12,33,52,33,36,33,17,27,32,0,20,45,15,17,29,13,3,35,28,32,15,41,35,18,9,43,25,9,31,17,31,36,31,59,38,32,28,42,23,29,46,38,28,18,46,39,2,35,36,53,26,31,27,29,41,37,52,43,19,38,28,44,31,52,49,46,30,11,32,16,33,15,23,33,14,39,27,17,12,46,16,40,2,32,33,35,52,26,0,6,33,34,30,49,14,28,10,33,20,0,13,33,3,27,36,17,45,29,32,28,15,35,41,32,15,35,17,18,31,9,38,32,36,17,29,28,25,9,59,31,23,43,31,42,46,38,18,28,29,39,41,46,37,35,26,53,38,2,36,27,52,31,43,31,28,19,52,30,44,16,11,49,32,46,33,39,14,15,23,33,27,17
Chchd10,27,6,14,23,5,19,14,21,13,24,20,22,6,18,0,34,15,23,42,10,20,35,19,26,19,14,6,21,25,23,22,9,17,24,12,14,23,26,27,16,18,13,23,12,21,31,19,18,19,35,25,25,29,40,22,5,26,28,12,16,34,19,9,5,29,36,18,18,6,30,34,13,22,26,21,21,26,34,16,24,40,38,20,14,21,26,28,26,26,23,12,18,15,0,15,27,18,24,23,14,21,13,42,6,5,6,10,34,20,22,19,14,0,23,6,14,9,35,17,26,20,19,21,22,19,12,25,27,26,14,23,24,23,16,21,18,25,25,18,31,5,29,23,12,35,19,22,13,19,40,26,28,16,12,30,19,34,34,13,5,18,36,21,9,29,6,22,18,26,16,26,21,24,20,34,26,14,40,21,38,23,18,12,26,26,28,15,0
Chchd4,0,0,0,6,1,5,11,10,13,7,11,3,4,7,0,14,3,0,13,2,11,5,7,5,0,0,7,11,1,5,6,6,2,14,3,7,12,12,4,10,0,1,9,3,2,2,9,20,3,15,10,8,7,14,5,9,7,6,3,3,6,4,5,10,27,11,6,15,3,16,4,1,12,8,1,10,2,10,8,4,2,12,3,0,0,0,24,5,5,4,5,4,3,0,3,0,7,7,6,11,10,13,13,0,1,4,2,14,11,3,5,0,0,0,7,0,6,5,2,5,11,7,11,6,0,3,1,4,12,7,12,14,5,10,2,0,10,8,20,2,9,7,9,3,15,9,5,1,3,14,7,6,3,3,16,4,4,6,1,10,6,11,10,5,27,3,12,15,8,8,2,1,4,3,10,0,0,2,0,12,4,4,5,5,5,24,3,0
Chd4,3,0,7,0,0,9,2,6,20,16,4,7,9,7,0,6,6,0,9,7,12,8,7,7,2,8,0,5,10,2,4,4,5,8,5,12,13,22,8,7,11,12,5,8,5,2,5,10,15,13,7,11,2,18,2,9,6,2,3,3,7,5,5,5,28,12,5,7,2,4,12,2,2,4,3,11,14,1,4,9,23,3,0,1,7,10,18,3,7,8,5,9,11,11,6,3,7,16,0,2,6,20,9,0,0,9,7,6,4,7,9,7,0,0,0,8,4,8,5,7,12,7,5,4,2,5,10,8,22,12,13,8,2,7,5,11,7,11,10,2,9,2,5,8,13,5,2,12,15,18,6,2,3,3,4,5,12,7,2,5,5,12,11,5,28,2,2,7,4,4,14,3,9,0,1,10,1,23,7,3,8,9,5,3,7,18,11,11
Chtf8,0,3,1,1,0,0,4,2,3,0,1,3,6,3,0,1,0,3,2,0,2,0,0,5,4,0,0,0,0,0,3,0,0,2,0,3,4,0,4,0,0,0,1,0,4,2,0,4,3,4,2,6,0,8,2,0,4,0,4,3,0,1,0,4,2,1,3,1,0,5,3,2,6,6,0,5,1,8,2,2,0,12,2,0,2,0,0,0,4,0,3,1,0,0,0,0,3,0,1,4,2,3,2,3,0,6,0,1,1,3,0,1,0,3,0,0,0,0,0,5,2,0,0,3,4,0,0,4,0,3,4,2,0,0,4,0,2,6,4,2,0,0,1,0,4,0,2,0,3,8,4,0,3,4,5,1,3,0,2,4,3,1,5,0,2,0,6,1,6,2,1,0,2,2,8,0,0,0,2,12,0,1,3,0,4,0,0,0
Ciao1,0,0,8,0,4,6,6,8,10,0,0,4,0,14,2,0,0,1,13,0,0,3,0,0,0,0,0,0,9,0,0,0,1,7,4,9,1,12,6,2,7,0,0,4,10,0,8,0,0,9,6,0,2,0,0,0,5,0,0,0,6,6,2,3,4,3,3,0,0,2,0,0,0,0,1,5,0,0,7,4,6,11,0,0,2,0,10,6,6,0,0,0,3,0,0,0,14,0,0,6,8,10,13,0,4,0,0,0,0,4,6,8,2,1,0,0,0,3,1,0,0,0,0,0,0,4,9,6,12,9,1,7,0,2,10,7,6,0,0,0,0,2,0,4,9,8,0,0,0,0,5,0,0,0,2,6,0,6,0,3,3,3,5,2,4,0,0,0,0,7,0,1,4,0,0,0,0,6,2,11,0,0,0,6,6,10,3,0
Cib1,4,11,11,0,0,4,6,21,0,1,4,17,0,20,17,1,0,11,5,6,3,7,3,5,13,0,8,0,16,16,0,0,0,12,9,5,7,27,11,12,9,0,8,5,7,16,5,0,3,0,11,4,0,0,4,5,11,0,0,10,0,15,7,0,21,13,0,0,0,8,0,0,10,1,0,16,4,4,6,8,6,11,5,0,0,0,0,10,7,0,18,16,16,0,0,4,20,1,0,6,21,0,5,11,0,0,6,1,4,17,4,11,17,11,8,0,0,7,0,5,3,3,0,0,13,9,16,11,27,5,7,12,16,12,7,9,11,4,0,16,5,0,8,5,0,5,4,0,3,0,11,0,10,0,8,15,0,0,0,0,0,13,16,7,21,0,10,0,1,6,4,0,8,5,4,0,0,6,0,11,0,16,18,10,7,0,16,0
Clybl,0,3,5,0,0,0,0,0,0,1,0,5,0,3,5,10,6,5,4,1,0,2,3,0,0,0,3,4,4,7,0,0,0,3,0,1,1,8,0,0,3,1,1,1,2,0,0,5,0,3,4,6,0,0,0,0,5,1,0,6,4,1,0,0,7,0,1,3,1,2,6,3,0,8,0,1,12,6,0,5,5,5,0,0,0,4,2,4,3,0,0,0,2,2,6,0,3,1,0,0,0,0,4,3,0,0,1,10,0,5,0,5,5,5,3,0,0,2,0,0,0,3,4,0,0,0,4,0,8,1,1,3,7,0,2,3,4,6,5,0,0,0,1,1,3,0,0,1,0,0,5,1,6,0,2,1,6,4,3,0,1,0,1,0,7,1,0,3,8,0,12,0,5,0,6,4,0,5,0,5,0,0,0,4,3,2,2,2
Cnih4,0,0,16,0,0,0,0,0,0,19,0,14,0,7,0,0,0,0,0,0,0,8,0,17,0,0,24,0,0,0,7,0,0,0,0,0,20,21,6,0,3,0,0,0,12,0,0,0,0,26,0,0,0,0,0,0,11,0,0,12,29,0,0,0,0,0,0,0,0,0,0,12,0,0,0,0,0,0,0,0,2,0,0,0,5,0,0,0,0,0,0,36,0,0,0,0,7,19,0,0,0,0,0,0,0,0,0,0,0,14,0,16,0,0,24,0,0,8,0,17,0,0,0,7,0,0,0,6,21,0,20,0,0,0,12,3,0,0,0,0,0,0,0,0,26,0,0,0,0,0,11,0,12,0,0,0,0,29,12,0,0,0,0,0,0,0,0,0,0,0,0,0,0,0,0,0,0,2,5,0,0,36,0,0,0,0,0,0
Cnot4,4,0,0,1,0,0,3,3,1,0,2,0,0,4,1,0,0,2,5,1,11,0,0,0,9,0,0,4,0,4,0,1,0,2,0,2,4,10,0,0,2,0,0,2,0,3,3,8,0,6,5,3,0,3,3,0,2,7,1,0,11,6,3,0,7,1,0,7,0,0,2,0,3,0,1,0,7,3,4,6,6,6,0,0,1,1,3,3,0,5,5,0,8,3,0,4,4,0,1,3,3,1,5,0,0,0,1,0,2,0,0,0,1,2,0,0,1,0,0,0,11,0,4,0,9,0,0,0,10,2,4,2,4,0,0,2,5,3,8,3,0,0,0,2,6,3,3,0,0,3,2,7,0,1,0,6,2,11,0,0,0,1,0,3,7,0,3,7,0,4,7,1,6,0,3,1,0,6,1,6,5,0,5,3,0,3,8,3
Commd1,0,5,3,8,1,2,8,0,4,3,5,0,0,3,5,0,0,11,0,0,13,14,0,0,2,0,0,9,0,0,15,0,8,0,0,0,6,10,0,0,0,0,0,0,0,10,11,10,0,1,0,19,6,2,0,1,0,16,0,0,14,16,7,0,15,5,13,0,0,8,9,0,26,0,0,14,8,0,0,2,11,0,9,0,2,0,0,0,5,7,10,9,8,0,0,0,3,3,8,8,0,4,0,5,1,0,0,0,5,0,2,3,5,11,0,0,0,14,8,0,13,0,9,15,2,0,0,0,10,0,6,0,0,0,0,0,0,19,10,10,1,6,0,0,1,11,0,0,0,2,0,16,0,0,8,16,9,14,0,0,13,5,14,7,15,0,26,0,0,0,8,0,2,9,0,0,0,11,2,0,7,9,10,0,5,0,8,0
Cops2,2,0,5,2,0,2,3,6,7,3,10,0,0,8,2,3,0,2,0,1,2,5,3,3,3,0,4,2,0,2,1,2,1,5,6,0,6,7,0,4,1,0,0,1,1,0,5,4,0,4,2,2,2,3,5,4,3,1,4,4,2,4,6,0,2,4,5,2,0,1,0,2,8,2,2,2,2,0,0,4,4,3,3,3,1,1,1,2,2,1,4,3,3,1,0,2,8,3,2,3,6,7,0,0,0,0,1,3,10,0,2,5,2,2,4,0,2,5,1,3,2,3,2,1,3,6,0,0,7,0,6,5,2,4,1,1,2,2,4,0,4,2,0,1,4,5,5,0,0,3,3,1,4,4,1,4,0,2,2,0,5,4,2,6,2,0,8,2,2,0,2,2,4,3,0,1,3,4,1,3,1,3,4,2,2,1,3,1
Cops7a,2,0,8,2,1,8,4,3,11,8,3,6,8,14,5,15,1,0,17,4,2,6,2,9,6,1,8,4,3,11,6,2,4,10,2,11,0,8,8,7,0,0,5,6,6,8,7,12,7,0,4,25,4,14,3,0,4,6,4,1,3,1,0,3,13,14,9,3,0,3,11,4,7,5,1,8,10,9,5,7,1,7,2,0,6,6,17,11,11,0,7,6,15,0,1,2,14,8,2,4,3,11,17,0,1,8,4,15,3,6,8,8,5,0,8,1,2,6,4,9,2,2,4,6,6,2,3,8,8,11,0,10,11,7,6,0,4,25,12,8,0,4,5,6,0,7,3,0,7,14,4,6,1,4,3,1,11,3,4,3,9,14,8,0,13,0,7,3,5,5,10,1,7,2,9,6,0,1,6,7,0,6,7,11,11,17,15,0
Coro1c,0,6,4,0,6,7,5,14,1,8,4,7,7,14,4,12,12,8,10,7,2,0,1,5,1,0,0,4,2,2,5,1,4,9,5,6,1,4,1,7,0,2,1,8,5,1,9,2,6,9,1,4,5,6,6,5,5,1,6,2,4,2,2,7,9,8,3,9,0,5,10,0,12,10,1,11,3,3,4,7,6,0,4,3,12,7,8,4,1,0,7,14,8,2,12,0,14,8,0,5,14,1,10,6,6,7,7,12,4,7,7,4,4,8,0,0,1,0,4,5,2,1,4,5,1,5,2,1,4,6,1,9,2,7,5,0,1,4,2,1,5,5,1,8,9,9,6,2,6,6,5,1,2,6,5,2,10,4,0,7,3,8,11,2,9,0,12,9,10,4,3,1,7,4,3,7,3,6,12,0,0,14,7,4,1,8,8,2
Cox6c,12,19,9,14,4,12,19,36,19,20,15,4,10,32,11,12,14,16,30,13,26,30,17,21,34,0,15,28,12,17,19,7,8,24,22,14,15,36,26,17,15,11,18,13,24,24,17,21,10,47,15,23,20,22,12,11,22,22,18,8,22,9,21,14,12,46,10,23,10,29,35,19,28,17,9,29,19,16,13,22,29,14,17,8,12,5,12,7,11,20,9,33,16,2,14,12,32,20,14,19,36,19,30,19,4,10,13,12,15,4,12,9,11,16,15,0,7,30,8,21,26,17,28,19,34,22,12,26,36,14,15,24,17,17,24,15,15,23,21,24,11,20,18,13,47,17,12,11,10,22,22,22,8,18,29,9,35,22,19,14,10,46,29,21,12,10,28,23,17,13,19,9,22,17,16,5,8,29,12,14,20,33,9,7,11,12,16,2
Cox7b,0,25,30,28,0,0,12,38,40,37,45,61,15,33,0,32,0,41,75,12,49,36,0,18,0,0,36,33,24,34,52,0,28,47,0,28,19,61,37,29,23,0,22,28,19,0,0,43,0,42,37,34,42,79,0,18,36,44,0,0,53,63,25,0,56,56,32,43,0,40,63,31,65,46,0,44,0,49,34,21,22,40,24,19,0,10,39,20,0,40,27,31,45,14,0,0,33,37,28,12,38,40,75,25,0,15,12,32,45,61,0,30,0,41,36,0,0,36,28,18,49,0,33,52,0,0,24,37,61,28,19,47,34,29,19,23,37,34,43,0,18,42,22,28,42,0,0,0,0,79,36,44,0,0,40,63,63,53,31,0,32,56,44,25,56,0,65,43,46,34,0,0,21,24,49,10,19,22,0,40,40,31,27,20,0,39,45,14
Cpsf6,3,2,3,4,0,2,2,0,17,4,3,6,0,0,1,4,0,2,0,14,9,8,1,0,9,0,1,2,0,4,10,0,0,11,6,8,0,4,0,0,0,5,6,6,0,3,4,5,0,0,6,6,5,2,0,0,0,0,9,4,14,3,3,3,5,6,3,8,6,8,8,2,6,16,1,0,0,0,6,1,2,0,1,1,4,0,4,2,4,7,2,0,1,0,0,3,0,4,4,2,0,17,0,2,0,0,14,4,3,6,2,3,1,2,1,0,0,8,0,0,9,1,2,10,9,6,0,0,4,8,0,11,4,0,0,0,6,6,5,3,0,5,6,6,0,4,0,5,0,2,0,0,4,9,8,3,8,14,2,3,3,6,0,3,5,6,6,8,16,6,0,1,1,1,0,0,1,2,4,0,7,0,2,2,4,4,1,0
Cpxm1,0,9,0,3,0,0,4,1,0,4,3,0,0,3,0,0,0,0,9,5,0,2,0,0,3,0,0,2,0,1,0,1,1,7,2,2,2,0,6,1,7,5,0,0,2,7,6,2,3,8,3,0,0,4,3,0,0,5,0,1,0,5,3,2,0,0,0,0,0,1,5,0,0,9,0,1,1,2,2,3,0,0,4,0,0,0,0,5,1,0,3,3,7,0,0,0,3,4,3,4,1,0,9,9,0,0,5,0,3,0,0,0,0,0,0,0,1,2,1,0,0,0,2,0,3,2,0,6,0,2,2,7,1,1,2,7,3,0,2,7,0,0,0,0,8,6,3,5,3,4,0,5,1,0,1,5,5,0,0,2,0,0,1,3,0,0,0,0,9,2,1,0,3,4,2,0,0,0,0,0,0,3,3,5,1,0,7,0
Crtap,2,4,1,3,2,0,5,1,4,0,0,0,0,0,0,0,0,4,7,8,10,0,4,0,6,0,0,6,1,3,0,5,3,9,0,9,0,7,5,2,0,0,3,5,3,0,10,8,2,6,0,0,1,0,3,0,2,4,2,0,0,0,0,0,7,1,0,4,0,2,3,2,1,3,0,0,11,6,0,1,5,4,0,0,0,0,2,0,3,0,1,2,5,0,0,2,0,0,3,5,1,4,7,4,2,0,8,0,0,0,0,1,0,4,0,0,5,0,3,0,10,4,6,0,6,0,1,5,7,9,0,9,3,2,3,0,0,0,8,0,0,1,3,5,6,10,3,0,2,0,2,4,0,2,2,0,3,0,2,0,0,1,0,0,7,0,1,4,3,0,11,0,1,0,6,0,0,5,0,4,0,2,1,0,3,2,5,0
Cryzl1,4,2,3,6,1,0,2,0,4,0,3,1,3,5,0,2,4,6,5,1,0,0,0,4,2,0,0,3,0,0,11,3,0,0,2,2,1,0,2,0,2,2,0,1,0,0,3,0,5,4,4,3,0,0,1,0,2,2,0,4,6,0,3,0,0,3,1,2,5,5,4,6,3,0,4,2,0,7,0,0,0,7,1,0,2,0,1,0,2,5,2,0,0,1,4,4,5,0,6,2,0,4,5,2,1,3,1,2,3,1,0,3,0,6,0,0,3,0,0,4,0,0,3,11,2,2,0,2,0,2,1,0,0,0,0,2,4,3,0,0,0,0,0,1,4,3,1,2,5,0,2,2,4,0,5,0,4,6,6,0,1,3,2,3,0,5,3,2,0,0,0,4,0,1,7,0,0,0,2,7,5,0,2,0,2,1,0,1
Csrp2,0,0,0,4,4,7,0,0,0,0,0,0,0,7,0,0,5,4,17,5,4,5,5,0,10,0,0,13,0,0,0,4,0,9,8,0,0,7,5,5,4,0,3,3,0,0,12,0,0,0,6,0,2,7,0,5,4,2,2,0,0,0,0,5,6,0,6,0,5,5,8,0,0,10,0,3,0,3,0,6,8,0,0,0,0,0,0,2,6,9,0,0,1,0,5,0,7,0,4,0,0,0,17,0,4,0,5,0,0,0,7,0,0,4,0,0,4,5,0,0,4,5,13,0,10,8,0,5,7,0,0,9,0,5,0,4,6,0,0,0,5,2,3,3,0,12,0,0,0,7,4,2,0,2,5,0,8,0,0,5,6,0,3,0,6,5,0,0,10,0,0,0,6,0,3,0,0,8,0,0,9,0,0,2,6,0,1,0
Cul4b,2,10,13,7,5,4,2,13,11,12,18,5,5,15,8,11,0,9,17,10,10,8,11,8,14,0,20,16,18,14,4,6,6,14,11,14,8,18,8,12,19,7,7,13,7,10,19,7,9,13,8,10,10,16,13,14,6,12,13,13,23,11,15,12,0,24,3,10,5,7,6,7,9,12,6,0,10,12,1,16,3,11,5,0,19,6,9,0,4,14,15,9,22,13,0,2,15,12,7,2,13,11,17,10,5,5,10,11,18,5,4,13,8,9,20,0,6,8,6,8,10,11,16,4,14,11,18,8,18,14,8,14,14,12,7,19,8,10,7,10,14,10,7,13,13,19,13,7,9,16,6,12,13,13,7,11,6,23,7,12,3,24,0,15,0,5,9,10,12,1,10,6,16,5,12,6,0,3,19,11,14,9,15,0,4,9,22,13
Cyp51,0,0,3,2,0,0,0,3,3,4,2,8,0,3,0,18,0,3,6,2,8,4,2,1,2,0,10,0,0,6,1,0,5,5,4,5,1,8,1,5,8,0,3,9,1,8,1,11,1,2,0,11,1,5,0,5,3,5,1,0,0,4,0,11,7,7,0,3,6,0,3,3,6,2,3,3,5,4,0,5,0,0,2,4,1,0,0,4,0,0,0,3,2,3,0,0,3,4,2,0,3,3,6,0,0,0,2,18,2,8,0,3,0,3,10,0,0,4,5,1,8,2,0,1,2,4,0,1,8,5,1,5,6,5,1,8,0,11,11,8,5,1,3,9,2,1,0,0,1,5,3,5,0,1,0,4,3,0,3,11,0,7,3,0,7,6,6,3,2,0,5,3,5,2,4,0,4,0,1,0,0,3,0,4,0,0,2,3
Cyth2,6,6,1,4,1,2,0,5,0,7,0,0,0,3,5,4,8,3,0,4,5,3,3,2,4,0,1,6,6,2,1,3,2,6,0,6,3,3,7,4,5,0,6,4,4,3,4,7,3,4,4,4,7,10,1,2,5,3,8,2,13,5,8,3,10,11,0,7,4,1,1,0,9,12,0,5,4,6,6,7,0,6,4,0,5,0,1,2,4,2,2,1,4,8,8,6,3,7,4,0,5,0,0,6,1,0,4,4,0,0,2,1,5,3,1,0,3,3,2,2,5,3,6,1,4,0,6,7,3,6,3,6,2,4,4,5,4,4,7,3,2,7,6,4,4,4,1,0,3,10,5,3,2,8,1,5,1,13,0,3,0,11,5,8,10,4,9,7,12,6,4,0,7,4,6,0,0,0,5,6,2,1,2,2,4,1,4,8
D17Wsu104e,3,14,0,4,5,2,4,1,6,10,3,6,0,3,3,1,0,0,6,5,8,10,2,11,0,0,0,1,0,0,6,1,3,6,0,5,0,8,5,1,0,0,0,0,10,2,13,2,0,2,3,3,3,0,0,0,2,4,2,0,9,0,5,1,0,7,5,13,6,0,0,3,0,8,3,9,0,0,4,0,1,8,7,0,6,0,15,7,7,0,3,5,0,0,0,3,3,10,4,4,1,6,6,14,5,0,5,1,3,6,2,0,3,0,0,0,1,10,3,11,8,2,1,6,0,0,0,5,8,5,0,6,0,1,10,0,3,3,2,2,0,3,0,0,2,13,0,0,0,0,2,4,0,2,0,0,0,9,3,1,5,7,9,5,0,6,0,13,8,4,0,3,0,7,0,0,0,1,6,8,0,5,3,7,7,15,0,0
Dag1,0,0,0,0,0,0,6,0,0,8,0,10,0,0,5,8,0,0,12,0,1,0,6,0,0,0,0,0,10,0,15,0,0,0,0,4,0,0,4,0,0,0,10,9,2,1,5,0,0,3,0,0,0,5,2,2,0,3,5,0,0,0,7,0,8,0,0,0,0,0,4,0,0,0,8,0,0,4,0,0,1,0,0,0,0,0,13,0,7,0,0,0,0,0,0,0,0,8,0,6,0,0,12,0,0,0,0,8,0,10,0,0,5,0,0,0,0,0,0,0,1,6,0,15,0,0,10,4,0,4,0,0,0,0,2,0,0,0,0,1,2,0,10,9,3,5,2,0,0,5,0,3,0,5,0,0,4,0,0,0,0,0,0,7,8,0,0,0,0,0,0,8,0,0,4,0,0,1,0,0,0,0,0,0,7,13,0,0
Dbr1,4,0,1,1,5,0,3,0,3,2,2,0,0,2,0,0,0,5,4,3,1,4,2,0,2,0,1,5,0,0,2,0,2,0,5,2,7,2,0,4,0,0,3,0,2,4,3,0,0,2,1,0,1,0,5,5,1,7,7,2,0,4,1,2,0,3,1,0,0,2,6,1,3,1,1,0,1,0,0,2,0,0,0,0,3,1,3,0,0,3,3,0,0,0,0,4,2,2,1,3,0,3,4,0,5,0,3,0,2,0,0,1,0,5,1,0,0,4,2,0,1,2,5,2,2,5,0,0,2,2,7,0,0,4,2,0,1,0,0,4,5,1,3,0,2,3,5,0,0,0,1,7,2,7,2,4,6,0,1,2,1,3,0,1,0,0,3,0,1,0,1,1,2,0,0,1,0,0,3,0,3,0,3,0,0,3,0,0
Ddost,0,0,4,2,0,0,6,9,4,0,2,3,2,10,1,5,7,5,3,9,7,6,5,0,1,0,2,0,1,5,3,2,0,2,1,10,3,1,0,6,8,9,10,2,7,6,8,11,9,10,4,12,3,8,4,1,1,3,5,6,5,7,1,2,13,7,0,5,4,7,6,0,10,6,5,7,7,15,7,4,0,4,6,1,4,1,0,5,2,3,3,0,5,7,7,0,10,0,2,6,9,4,3,0,0,2,9,5,2,3,0,4,1,5,2,0,2,6,0,0,7,5,0,3,1,1,1,0,1,10,3,2,5,6,7,8,4,12,11,6,1,3,10,2,10,8,4,9,9,8,1,3,6,5,7,7,6,5,0,2,0,7,7,1,13,4,10,5,6,7,7,5,4,6,15,1,1,0,4,4,3,0,3,5,2,0,5,7
Ddx3x,0,8,13,12,0,0,10,19,16,11,16,10,7,33,4,20,19,20,21,3,9,9,8,5,14,6,7,12,5,10,16,11,0,19,14,7,13,20,15,16,3,9,14,13,9,0,26,22,0,31,15,17,6,36,0,12,0,16,16,0,18,0,9,21,20,27,11,17,5,0,18,16,21,25,5,16,0,26,8,20,11,0,12,13,13,4,17,5,12,14,25,13,18,0,19,0,33,11,12,10,19,16,21,8,0,7,3,20,16,10,0,13,4,20,7,6,11,9,0,5,9,8,12,16,14,14,5,15,20,7,13,19,10,16,9,3,15,17,22,0,12,6,14,13,31,26,0,9,0,36,0,16,0,16,0,0,18,18,16,21,11,27,16,9,20,5,21,17,25,8,0,5,20,12,26,4,13,11,13,0,14,13,25,5,12,17,18,0
Ddx42,3,0,1,2,0,0,0,0,0,0,3,0,0,0,1,12,0,6,5,0,10,7,1,6,3,0,1,5,5,2,8,0,0,0,0,2,0,5,3,2,6,3,7,1,2,0,13,0,6,5,8,3,0,0,0,0,6,0,1,0,11,6,5,6,0,17,5,7,0,2,0,0,6,4,0,0,4,5,0,7,0,2,0,0,1,4,14,0,2,9,0,0,3,0,0,3,0,0,2,0,0,0,5,0,0,0,0,12,3,0,0,1,1,6,1,0,0,7,0,6,10,1,5,8,3,0,5,3,5,2,0,0,2,2,2,6,8,3,0,0,0,0,7,1,5,13,0,3,6,0,6,0,0,1,2,6,0,11,0,6,5,17,0,5,0,0,6,7,4,0,4,0,7,0,5,4,0,0,1,2,9,0,0,0,2,14,3,0
Denr,0,6,4,0,1,4,7,0,10,7,12,0,0,0,0,0,0,16,19,0,0,16,0,3,0,0,0,15,0,0,0,0,0,27,0,23,0,0,2,0,0,8,0,17,0,0,0,0,7,0,0,36,0,0,0,15,9,0,0,0,0,0,0,0,22,0,0,23,2,0,0,0,3,0,0,0,0,18,0,0,0,13,0,0,0,0,2,0,5,0,7,10,0,0,0,0,0,7,0,7,0,10,19,6,1,0,0,0,12,0,4,4,0,16,0,0,0,16,0,3,0,0,15,0,0,0,0,2,0,23,0,27,0,0,0,0,0,36,0,0,15,0,0,17,0,0,0,8,7,0,9,0,0,0,0,0,0,0,0,0,0,0,0,0,22,2,3,23,0,0,0,0,0,0,18,0,0,0,0,13,0,10,7,0,5,2,0,0
Dhcr24,1,0,3,6,0,1,0,5,4,0,0,2,3,4,0,1,4,2,2,0,4,2,1,2,4,0,3,2,1,1,2,0,2,0,8,5,1,0,3,0,0,2,4,0,3,1,3,0,0,2,2,3,0,7,1,5,4,1,0,2,1,1,4,2,0,2,1,2,0,1,0,2,5,1,2,0,3,1,1,3,2,0,1,0,0,0,0,1,0,4,5,2,0,0,4,1,4,0,6,0,5,4,2,0,0,3,0,1,0,2,1,3,0,2,3,0,0,2,2,2,4,1,2,2,4,8,1,3,0,5,1,0,1,0,3,0,2,3,0,1,5,0,4,0,2,3,1,2,0,7,4,1,2,0,1,1,0,1,2,2,1,2,0,4,0,0,5,2,1,1,3,2,3,1,1,0,0,2,0,0,4,2,5,1,0,0,0,0
Dhrs4,1,0,0,0,0,5,0,0,0,0,0,1,0,0,0,5,2,0,5,0,0,0,0,1,0,0,0,1,0,0,5,0,0,1,3,4,0,6,0,0,0,0,9,0,3,0,0,0,0,0,4,4,3,6,7,0,2,0,0,0,5,0,1,0,2,3,2,0,1,2,0,0,0,0,0,5,0,0,0,2,3,3,0,0,1,0,0,2,1,1,0,2,0,0,2,1,0,0,0,0,0,0,5,0,0,0,0,5,0,1,5,0,0,0,0,0,0,0,0,1,0,0,1,5,0,3,0,0,6,4,0,1,0,0,3,0,4,4,0,0,0,3,9,0,0,0,7,0,0,6,2,0,0,0,2,0,0,5,0,0,2,3,5,1,2,1,0,0,0,0,0,0,2,0,0,0,0,3,1,3,1,2,0,2,1,0,0,0
Dhx9,2,0,7,5,0,8,0,4,0,0,1,1,3,8,2,5,0,1,0,6,8,0,0,0,5,11,0,0,10,0,0,0,0,10,4,0,0,8,0,0,5,0,7,2,14,1,4,0,10,0,2,0,1,1,0,0,2,5,0,4,0,4,1,2,0,15,5,11,10,3,0,6,9,6,1,0,12,0,12,4,0,0,0,0,0,0,0,4,0,10,0,0,13,0,0,2,8,0,5,0,4,0,0,0,0,3,6,5,1,1,8,7,2,1,0,11,0,0,0,0,8,0,0,0,5,4,10,0,8,0,0,10,0,0,14,5,2,0,0,1,0,1,7,2,0,4,0,0,10,1,2,5,4,0,3,4,0,0,6,2,5,15,0,1,0,10,9,11,6,12,12,1,4,0,0,0,0,0,0,0,10,0,0,4,0,0,13,0
Dkc1,12,9,29,16,5,24,17,29,32,45,39,18,27,37,1,32,31,39,43,40,31,32,9,23,29,15,20,50,20,16,30,19,24,34,31,37,32,30,28,34,14,32,29,22,20,19,51,38,34,55,23,29,39,62,10,19,31,47,29,26,42,17,18,26,63,50,21,23,15,18,42,22,54,33,24,36,14,33,28,34,33,40,31,20,34,11,36,13,27,25,26,36,28,19,31,12,37,45,16,17,29,32,43,9,5,27,40,32,39,18,24,29,1,39,20,15,19,32,24,23,31,9,50,30,29,31,20,28,30,37,32,34,16,34,20,14,23,29,38,19,19,39,29,22,55,51,10,32,34,62,31,47,26,29,18,17,42,42,22,26,21,50,36,18,63,15,54,23,33,28,14,24,34,31,33,11,20,33,34,40,25,36,26,13,27,36,28,19
Dnajc19,3,0,0,6,3,8,19,10,20,8,14,11,2,21,2,1,0,12,5,14,3,7,5,0,9,0,14,16,4,0,2,5,11,8,3,12,8,17,7,5,3,4,6,7,5,8,11,31,12,26,15,13,11,12,15,5,5,11,12,11,15,8,2,2,13,16,5,14,0,6,5,6,5,17,5,22,6,14,5,5,6,14,3,8,5,0,11,3,15,11,9,18,6,0,0,3,21,8,6,19,10,20,5,0,3,2,14,1,14,11,8,0,2,12,14,0,5,7,11,0,3,5,16,2,9,3,4,7,17,12,8,8,0,5,5,3,15,13,31,8,5,11,6,7,26,11,15,4,12,12,5,11,11,12,6,8,5,15,6,2,5,16,22,2,13,0,5,14,17,5,6,5,5,3,14,0,8,6,5,14,11,18,9,3,15,11,6,0
Dnttip2,0,3,1,7,0,1,0,0,11,3,5,7,4,3,9,10,5,8,9,7,10,2,5,5,4,1,2,7,3,2,6,4,14,5,3,11,1,8,13,4,5,4,6,3,6,0,6,5,3,3,8,8,11,11,3,6,8,6,8,6,7,9,4,7,9,8,10,2,1,5,5,8,6,12,3,9,7,9,14,7,10,4,9,1,3,0,9,7,1,0,5,5,4,1,5,0,3,3,7,0,0,11,9,3,0,4,7,10,5,7,1,1,9,8,2,1,4,2,14,5,10,5,7,6,4,3,3,13,8,11,1,5,2,4,6,5,8,8,5,0,6,11,6,3,3,6,3,4,3,11,8,6,6,8,5,9,5,7,8,7,10,8,9,4,9,1,6,2,12,14,7,3,7,9,9,0,1,10,3,4,0,5,5,7,1,9,4,1
Dph3,0,0,0,0,0,2,0,2,2,6,0,8,0,2,0,0,0,14,0,1,2,0,7,0,0,0,5,0,0,0,1,0,0,7,4,7,2,5,0,7,0,2,2,0,8,5,11,3,0,0,0,5,0,0,4,4,10,4,0,4,12,4,0,0,5,3,6,7,1,2,0,0,21,11,2,8,2,0,4,0,4,0,5,0,0,0,16,1,0,6,0,1,0,0,0,0,2,6,0,0,2,2,0,0,0,0,1,0,0,8,2,0,0,14,5,0,0,0,0,0,2,7,0,1,0,4,0,0,5,7,2,7,0,7,8,0,0,5,3,5,4,0,2,0,0,11,4,2,0,0,10,4,4,0,2,4,0,12,0,0,6,3,8,0,5,1,21,7,11,4,2,2,0,5,0,0,0,4,0,0,6,1,0,1,0,16,0,0
Dpy30,4,8,6,8,0,13,11,16,21,19,23,21,4,25,12,12,15,23,10,20,18,23,10,6,19,0,17,20,8,11,13,12,18,25,19,16,9,30,17,25,8,6,30,8,9,8,28,14,10,32,18,20,6,24,4,6,20,23,9,7,29,15,24,13,20,25,15,22,5,20,44,3,35,23,5,17,9,21,25,13,23,10,12,5,13,10,12,2,12,12,19,21,16,0,15,4,25,19,8,11,16,21,10,8,0,4,20,12,23,21,13,6,12,23,17,0,12,23,18,6,18,10,20,13,19,19,8,17,30,16,9,25,11,25,9,8,18,20,14,8,6,6,30,8,32,28,4,6,10,24,20,23,7,9,20,15,44,29,3,13,15,25,17,24,20,5,35,22,23,25,9,5,13,12,21,10,5,23,13,10,12,21,19,2,12,12,16,0
Dut,10,7,14,9,2,13,16,11,18,32,21,5,9,19,2,19,1,12,15,9,2,16,12,9,14,1,7,24,8,6,12,12,25,19,15,11,11,18,16,20,13,3,10,6,15,12,3,18,4,18,9,9,4,18,11,5,10,18,17,0,44,5,0,16,28,32,12,25,0,14,25,18,5,7,0,7,9,17,14,13,11,7,0,8,7,0,12,7,20,14,6,14,15,0,1,10,19,32,9,16,11,18,15,7,2,9,9,19,21,5,13,14,2,12,7,1,12,16,25,9,2,12,24,12,14,15,8,16,18,11,11,19,6,20,15,13,9,9,18,12,5,4,10,6,18,3,11,3,4,18,10,18,0,17,14,5,25,44,18,16,12,32,7,0,28,0,5,25,7,14,9,0,13,0,17,0,8,11,7,7,14,14,6,7,20,12,15,0
Dync1h1,2,10,14,1,3,7,3,0,1,0,8,9,3,14,4,2,1,5,7,7,7,5,5,11,4,8,0,6,8,4,10,0,1,7,5,3,2,18,12,4,10,5,10,0,8,0,1,6,21,14,13,3,4,7,7,0,7,9,1,5,18,3,13,5,0,4,3,7,0,4,5,8,14,2,0,4,14,20,6,10,3,0,2,1,8,0,9,6,0,15,0,6,7,2,1,2,14,0,1,3,0,1,7,10,3,3,7,2,8,9,7,14,4,5,0,8,0,5,1,11,7,5,6,10,4,5,8,12,18,3,2,7,4,4,8,10,13,3,6,0,0,4,10,0,14,1,7,5,21,7,7,9,5,1,4,3,5,18,8,5,3,4,4,13,0,0,14,7,2,6,14,0,10,2,20,0,1,3,8,0,15,6,0,6,0,9,7,2
Dync1i2,0,0,0,0,0,0,0,7,0,6,0,0,0,4,7,5,0,0,13,0,0,0,0,0,12,0,8,0,10,2,0,0,8,0,4,0,0,9,0,9,0,0,0,2,14,0,1,0,6,7,0,0,0,12,0,0,7,3,0,0,13,0,0,0,0,0,0,0,0,0,11,0,2,0,3,10,0,5,0,0,0,2,4,10,1,0,10,0,0,0,9,6,7,6,0,0,4,6,0,0,7,0,13,0,0,0,0,5,0,0,0,0,7,0,8,0,0,0,8,0,0,0,0,0,12,4,10,0,9,0,0,0,2,9,14,0,0,0,0,0,0,0,0,2,7,1,0,0,6,12,7,3,0,0,0,0,11,13,0,0,0,0,10,0,0,0,2,0,0,0,0,3,0,4,5,0,10,0,1,2,0,6,9,0,0,10,7,6
Eapp,0,10,0,0,0,0,3,12,4,0,6,0,0,3,12,2,0,17,12,5,10,3,0,1,10,0,7,8,1,7,0,1,6,16,0,1,0,6,13,0,0,0,3,0,0,0,1,5,0,0,5,0,4,8,1,0,0,0,0,0,0,10,4,6,0,0,0,8,0,0,0,0,4,0,0,0,0,11,2,0,6,6,0,6,8,4,0,0,0,3,10,7,0,3,0,0,3,0,0,3,12,4,12,10,0,0,5,2,6,0,0,0,12,17,7,0,1,3,6,1,10,0,8,0,10,0,1,13,6,1,0,16,7,0,0,0,5,0,5,0,0,4,3,0,0,1,1,0,0,8,0,0,0,0,0,10,0,0,0,6,0,0,0,4,0,0,4,8,0,2,0,0,0,0,11,4,6,6,8,6,3,7,10,0,0,0,0,3
Echdc2,12,17,7,3,10,7,4,8,11,6,13,10,16,12,0,24,4,3,17,7,9,16,0,6,26,0,12,17,9,1,10,2,19,11,1,25,13,27,15,5,9,21,13,11,12,8,12,5,10,32,11,0,7,19,6,0,5,7,6,17,13,15,2,8,13,11,7,14,13,2,2,11,2,10,9,4,12,8,9,11,11,0,10,6,8,0,6,0,13,22,6,19,3,0,4,12,12,6,3,4,8,11,17,17,10,16,7,24,13,10,7,7,0,3,12,0,2,16,19,6,9,0,17,10,26,1,9,15,27,25,13,11,1,5,12,9,11,0,5,8,0,7,13,11,32,12,6,21,10,19,5,7,17,6,2,15,2,13,11,8,7,11,4,2,13,13,2,14,10,9,12,9,11,10,8,0,6,11,8,0,22,19,6,0,13,6,3,0
Eef1b2,0,0,0,0,0,0,0,0,0,58,0,0,0,50,20,0,0,36,0,0,0,0,0,0,42,0,40,57,0,0,0,0,0,0,0,0,0,0,0,0,0,0,0,0,0,0,54,0,7,0,0,0,0,0,0,0,0,0,0,0,0,0,23,30,0,0,0,55,0,0,41,0,13,0,13,0,0,0,0,0,0,0,0,35,0,0,0,0,0,0,0,29,0,0,0,0,50,58,0,0,0,0,0,0,0,0,0,0,0,0,0,0,20,36,40,0,0,0,0,0,0,0,57,0,42,0,0,0,0,0,0,0,0,0,0,0,0,0,0,0,0,0,0,0,0,54,0,0,7,0,0,0,0,0,0,0,41,0,0,30,0,0,0,23,0,0,13,55,0,0,0,13,0,0,0,0,35,0,0,0,0,29,0,0,0,0,0,0
Eef1g,0,0,6,1,0,0,0,0,0,16,0,0,0,0,0,0,0,0,16,36,27,0,0,0,12,0,0,0,0,0,0,0,0,0,12,0,12,45,0,3,0,0,26,0,0,9,20,6,0,26,0,3,0,0,0,22,3,24,0,0,0,0,0,0,0,0,0,36,0,0,0,26,27,0,0,0,24,21,0,0,0,0,0,0,0,0,19,24,18,10,0,0,0,0,0,0,0,16,1,0,0,0,16,0,0,0,36,0,0,0,0,6,0,0,0,0,0,0,0,0,27,0,0,0,12,12,0,0,45,0,12,0,0,3,0,0,0,3,6,9,22,0,26,0,26,20,0,0,0,0,3,24,0,0,0,0,0,0,26,0,0,0,0,0,0,0,27,36,0,0,24,0,0,0,21,0,0,0,0,0,10,0,0,24,18,19,0,0
Eftud2,9,0,12,13,0,14,4,17,12,9,11,11,7,11,17,9,4,7,16,11,17,13,9,6,5,0,7,15,7,7,20,4,1,7,4,13,11,24,11,9,7,8,18,3,20,0,21,24,5,21,20,4,12,31,13,5,3,16,10,7,15,12,12,6,13,26,7,13,11,16,14,13,27,5,1,15,6,15,7,20,13,12,1,5,15,4,6,8,14,14,10,6,17,1,4,9,11,9,13,4,17,12,16,0,0,7,11,9,11,11,14,12,17,7,7,0,4,13,1,6,17,9,15,20,5,4,7,11,24,13,11,7,7,9,20,7,20,4,24,0,5,12,18,3,21,21,13,8,5,31,3,16,7,10,16,12,14,15,13,6,7,26,15,12,13,11,27,13,5,7,6,1,20,1,15,4,5,13,15,12,14,6,10,8,14,6,17,1
Eif2a,0,0,0,3,1,0,0,5,0,6,1,0,3,6,0,0,0,2,7,6,7,1,1,6,4,0,1,7,7,0,0,0,5,5,9,5,0,10,2,4,0,0,4,2,0,2,2,4,4,11,4,0,0,8,5,0,1,4,4,1,3,0,9,11,2,7,5,4,0,5,1,1,8,6,0,6,3,5,0,0,0,3,3,5,0,0,4,3,0,0,0,0,0,5,0,0,6,6,3,0,5,0,7,0,1,3,6,0,1,0,0,0,0,2,1,0,0,1,5,6,7,1,7,0,4,9,7,2,10,5,0,5,0,4,0,0,4,0,4,2,0,0,4,2,11,2,5,0,4,8,1,4,1,4,5,0,1,3,1,11,5,7,6,9,2,0,8,4,6,0,3,0,0,3,5,0,5,0,0,3,0,0,0,3,0,4,0,5
Eif2b3,0,0,2,7,0,2,2,3,15,9,6,7,4,9,0,2,4,6,15,6,1,5,0,4,4,0,9,8,0,0,6,2,4,8,7,4,3,5,7,1,0,7,6,2,0,7,10,5,0,0,2,6,1,8,0,0,0,6,8,0,9,1,0,0,0,13,0,3,0,1,6,3,4,2,0,5,1,4,5,3,3,3,8,0,0,0,0,0,3,1,2,3,3,4,4,0,9,9,7,2,3,15,15,0,0,4,6,2,6,7,2,2,0,6,9,0,2,5,4,4,1,0,8,6,4,7,0,7,5,4,3,8,0,1,0,0,2,6,5,7,0,1,6,2,0,10,0,7,0,8,0,6,0,8,1,1,6,9,3,0,0,13,5,0,0,0,4,3,2,5,1,0,3,8,4,0,0,3,0,3,1,3,2,0,3,0,3,4
Eif2s1,0,0,2,0,0,0,0,0,17,0,0,0,0,0,0,0,4,0,5,0,0,0,0,0,0,0,0,22,0,6,0,8,3,0,11,0,0,18,0,0,0,0,0,0,0,0,0,4,0,15,0,12,0,13,0,0,0,0,16,2,11,2,0,0,0,0,8,17,10,0,16,0,0,0,0,9,4,14,0,0,0,0,0,12,0,0,0,0,0,12,0,0,0,0,4,0,0,0,0,0,0,17,5,0,0,0,0,0,0,0,0,2,0,0,0,0,8,0,3,0,0,0,22,0,0,11,0,0,18,0,0,0,6,0,0,0,0,12,4,0,0,0,0,0,15,0,0,0,0,13,0,0,2,16,0,2,16,11,0,0,8,0,9,0,0,10,0,17,0,0,4,0,0,0,14,0,12,0,0,0,12,0,0,0,0,0,0,0
Eif2s2,0,5,47,0,0,0,0,10,16,32,11,0,0,16,0,12,0,0,30,0,9,16,24,0,28,0,25,21,28,0,0,8,0,24,0,31,18,32,0,20,0,0,35,0,0,0,0,38,18,27,0,0,39,6,19,0,0,46,0,0,0,9,27,20,0,0,0,25,4,0,0,0,43,19,1,18,0,0,17,15,0,0,0,19,0,0,0,0,3,34,29,14,0,0,0,0,16,32,0,0,10,16,30,5,0,0,0,12,11,0,0,47,0,0,25,0,8,16,0,0,9,24,21,0,28,0,28,0,32,31,18,24,0,20,0,0,0,0,38,0,0,39,35,0,27,0,19,0,18,6,0,46,0,0,0,9,0,0,0,20,0,0,18,27,0,4,43,25,19,17,0,1,15,0,0,0,19,0,0,0,34,14,29,0,3,0,0,0
Eif3d,22,6,20,12,4,4,22,25,21,26,21,12,15,21,14,22,8,13,34,16,11,15,17,9,20,0,12,26,18,12,29,13,20,23,23,17,5,42,15,18,8,6,21,18,10,38,17,25,33,31,25,23,16,43,10,6,12,39,29,10,22,19,8,11,27,30,15,20,4,17,33,18,15,21,13,27,14,33,21,19,16,14,28,22,24,5,12,22,18,31,24,17,20,26,8,22,21,26,12,22,25,21,34,6,4,15,16,22,21,12,4,20,14,13,12,0,13,15,20,9,11,17,26,29,20,23,18,15,42,17,5,23,12,18,10,8,25,23,25,38,6,16,21,18,31,17,10,6,33,43,12,39,10,29,17,19,33,22,18,11,15,30,27,8,27,4,15,20,21,21,14,13,19,28,33,5,22,16,24,14,31,17,24,22,18,12,20,26
Eif3e,12,0,19,0,0,4,2,0,12,25,0,13,7,0,18,13,8,18,0,27,18,9,6,10,18,0,15,21,4,23,13,13,0,11,8,28,11,22,30,20,21,15,14,5,0,5,11,7,13,55,24,16,18,32,11,0,18,20,10,15,22,10,15,13,0,3,0,13,0,11,24,0,15,12,14,0,0,4,9,21,0,18,20,0,9,3,12,0,12,22,8,0,11,10,8,12,0,25,0,2,0,12,0,0,0,7,27,13,0,13,4,19,18,18,15,0,13,9,0,10,18,6,21,13,18,8,4,30,22,28,11,11,23,20,0,21,24,16,7,5,0,18,14,5,55,11,11,15,13,32,18,20,15,10,11,10,24,22,0,13,0,3,0,15,0,0,15,13,12,9,0,14,21,20,4,3,0,0,9,18,22,0,8,0,12,12,11,10
Eif3i,5,5,0,3,0,13,3,7,5,6,11,1,0,12,7,0,2,17,14,3,10,13,5,10,4,0,4,13,0,0,3,3,3,13,4,6,4,6,14,10,4,5,5,5,9,4,9,2,3,4,22,3,7,15,7,2,12,9,3,3,3,9,4,0,15,7,6,7,2,10,2,4,2,8,3,16,2,4,8,13,5,6,13,3,8,0,1,3,16,11,7,7,5,3,2,5,12,6,3,3,7,5,14,5,0,0,3,0,11,1,13,0,7,17,4,0,3,13,3,10,10,5,13,3,4,4,0,14,6,6,4,13,0,10,9,4,22,3,2,4,2,7,5,5,4,9,7,5,3,15,12,9,3,3,10,9,2,3,4,0,6,7,16,4,15,2,2,7,8,8,2,3,13,13,4,0,3,5,8,6,11,7,7,3,16,1,5,3
Eif3l,10,9,7,4,8,13,10,9,13,9,8,14,13,17,0,7,5,7,26,1,19,7,4,8,1,8,1,25,1,9,11,8,1,11,16,7,6,23,11,16,15,3,9,6,11,6,10,15,2,11,9,8,9,16,13,9,10,10,10,14,19,15,9,7,9,28,3,12,5,10,10,10,12,14,5,14,19,20,10,9,15,7,11,11,18,1,15,5,10,12,20,19,13,0,5,10,17,9,4,10,9,13,26,9,8,13,1,7,8,14,13,7,0,7,1,8,8,7,1,8,19,4,25,11,1,16,1,11,23,7,6,11,9,16,11,15,9,8,15,6,9,9,9,6,11,10,13,3,2,16,10,10,14,10,10,15,10,19,10,7,3,28,14,9,9,5,12,12,14,10,19,5,9,11,20,1,11,15,18,7,12,19,20,5,10,15,13,0
Eif3m,0,5,0,10,4,0,3,9,21,13,13,14,6,21,2,1,5,7,7,11,10,12,0,2,0,0,4,8,2,12,11,4,0,6,6,6,0,3,21,5,4,6,5,11,5,5,13,8,0,14,3,6,6,7,10,0,21,5,5,5,0,14,6,8,7,27,6,16,0,0,24,0,20,15,0,5,0,26,5,0,7,9,6,0,16,0,11,13,4,0,4,9,3,0,5,0,21,13,10,3,9,21,7,5,4,6,11,1,13,14,0,0,2,7,4,0,4,12,0,2,10,0,8,11,0,6,2,21,3,6,0,6,12,5,5,4,3,6,8,5,0,6,5,11,14,13,10,6,0,7,21,5,5,5,0,14,24,0,0,8,6,27,5,6,7,0,20,16,15,5,0,0,0,6,26,0,0,7,16,9,0,9,4,13,4,11,3,0
Eif4a2,7,9,11,0,8,7,9,0,6,3,7,3,0,12,0,1,0,10,12,19,16,14,5,0,7,0,8,6,0,8,17,7,3,23,11,6,4,17,2,4,8,5,1,3,1,4,6,13,1,4,4,11,2,8,0,9,4,10,1,10,39,4,7,4,0,16,4,4,11,4,12,4,8,2,4,0,11,10,5,7,2,14,9,2,7,1,8,2,8,1,5,2,12,4,0,7,12,3,0,9,0,6,12,9,8,0,19,1,7,3,7,11,0,10,8,0,7,14,3,0,16,5,6,17,7,11,0,2,17,6,4,23,8,4,1,8,4,11,13,4,9,2,1,3,4,6,0,5,1,8,4,10,10,1,4,4,12,39,4,4,4,16,0,7,0,11,8,4,2,5,11,4,7,9,10,1,2,2,7,14,1,2,5,2,8,8,12,4
Eif4e2,0,0,4,12,4,6,8,17,6,12,6,6,11,15,12,20,9,21,21,14,14,17,16,2,13,0,7,16,8,2,9,4,9,13,10,1,12,9,17,27,14,6,15,2,14,7,20,17,6,42,4,17,6,17,10,2,15,9,10,5,25,3,9,18,6,12,14,13,3,23,20,6,32,15,12,17,4,7,18,10,24,11,16,7,14,1,17,16,14,14,3,17,9,0,9,0,15,12,12,8,17,6,21,0,4,11,14,20,6,6,6,4,12,21,7,0,4,17,9,2,14,16,16,9,13,10,8,17,9,1,12,13,2,27,14,14,4,17,17,7,2,6,15,2,42,20,10,6,6,17,15,9,5,10,23,3,20,25,6,18,14,12,17,9,6,3,32,13,15,18,4,12,10,16,7,1,7,24,14,11,14,17,3,16,14,17,9,0
Eif4g2,0,8,0,0,0,6,0,0,16,13,0,0,2,19,0,23,13,20,5,0,4,0,0,0,0,9,0,0,0,10,0,5,0,0,0,0,0,21,12,4,0,0,10,6,3,0,0,28,0,9,6,16,3,26,0,4,0,19,15,0,43,0,0,0,0,41,7,0,0,0,0,8,16,32,0,15,0,0,0,0,0,0,23,7,0,0,0,0,0,0,0,18,0,0,13,0,19,13,0,0,0,16,5,8,0,2,0,23,0,0,6,0,0,20,0,9,5,0,0,0,4,0,0,0,0,0,0,12,21,0,0,0,10,4,3,0,6,16,28,0,4,3,10,6,9,0,0,0,0,26,0,19,0,15,0,0,0,43,8,0,7,41,15,0,0,0,16,0,32,0,0,0,0,23,0,0,7,0,0,0,0,18,0,0,0,0,0,0
Eif5,2,5,9,5,0,0,0,1,10,18,11,4,12,22,10,28,6,18,18,0,22,18,9,8,7,3,0,7,13,16,9,2,12,9,16,23,5,25,23,0,7,8,12,1,19,16,38,31,0,15,31,32,10,42,31,11,18,24,1,0,25,19,18,18,23,40,14,12,0,8,6,3,27,12,8,17,3,27,14,8,12,0,6,0,3,7,20,4,21,14,14,26,7,16,6,2,22,18,5,0,1,10,18,5,0,12,0,28,11,4,0,9,10,18,0,3,2,18,12,8,22,9,7,9,7,16,13,23,25,23,5,9,16,0,19,7,31,32,31,16,11,10,12,1,15,38,31,8,0,42,18,24,0,1,8,19,6,25,3,18,14,40,17,18,23,0,27,12,12,14,3,8,8,6,27,7,0,12,3,0,14,26,14,4,21,20,7,16
Eif6,9,8,8,17,0,6,8,14,8,14,14,17,11,18,4,9,0,26,17,6,3,16,6,5,13,0,6,19,16,15,11,9,7,12,8,9,7,23,4,7,23,15,16,9,12,23,17,19,25,11,33,15,10,20,5,1,13,27,9,6,11,26,4,14,19,39,5,17,0,10,26,4,10,32,7,22,9,15,10,12,14,29,11,16,1,4,10,2,19,19,15,19,9,2,0,9,18,14,17,8,14,8,17,8,0,11,6,9,14,17,6,8,4,26,6,0,9,16,7,5,3,6,19,11,13,8,16,4,23,9,7,12,15,7,12,23,33,15,19,23,1,10,16,9,11,17,5,15,25,20,13,27,6,9,10,26,26,11,4,14,5,39,22,4,19,0,10,17,32,10,9,7,12,11,15,4,16,14,1,29,19,19,15,2,19,10,9,2
Elp3,0,2,5,0,0,0,2,10,3,9,0,0,0,3,0,5,0,0,0,3,0,0,3,0,6,3,0,2,4,0,0,2,0,0,2,0,0,1,2,5,2,0,1,3,0,0,3,3,9,0,9,5,3,7,7,0,4,0,0,0,0,0,2,3,0,4,5,5,4,2,0,0,3,0,0,7,0,1,0,5,0,1,3,0,0,0,0,0,0,0,0,0,0,4,0,0,3,9,0,2,10,3,0,2,0,0,3,5,0,0,0,5,0,0,0,3,2,0,0,0,0,3,2,0,6,2,4,2,1,0,0,0,0,5,0,2,9,5,3,0,0,3,1,3,0,3,7,0,9,7,4,0,0,0,2,0,0,0,0,3,5,4,7,2,0,4,3,5,0,0,0,0,5,3,1,0,0,0,0,1,0,0,0,0,0,0,0,4
Eml4,2,7,2,5,0,5,1,6,5,9,3,6,1,5,0,8,9,9,15,5,5,0,2,0,10,0,0,13,0,7,10,4,0,8,2,0,0,7,0,10,0,0,0,3,0,0,5,5,0,6,3,6,2,1,0,3,5,5,1,0,9,1,5,0,0,0,6,0,0,2,10,1,11,6,2,11,0,5,0,0,1,0,0,0,0,2,9,0,4,0,0,8,0,4,9,2,5,9,5,1,6,5,15,7,0,1,5,8,3,6,5,2,0,9,0,0,4,0,0,0,5,2,13,10,10,2,0,0,7,0,0,8,7,10,0,0,3,6,5,0,3,2,0,3,6,5,0,0,0,1,5,5,0,1,2,1,10,9,1,0,6,0,11,5,0,0,11,0,6,0,0,2,0,0,5,2,0,1,0,0,0,8,0,0,4,9,0,4
Enah,5,6,0,0,1,3,0,0,0,4,10,1,0,14,0,1,0,0,9,6,5,6,0,1,6,0,1,3,0,0,0,1,0,1,0,4,4,7,2,1,0,0,0,0,2,0,6,0,1,7,3,4,0,2,0,0,2,0,0,4,0,0,0,2,3,0,2,4,7,9,3,0,0,1,0,7,0,5,0,7,0,0,0,0,2,2,5,5,0,7,0,0,0,0,0,5,14,4,0,0,0,0,9,6,1,0,6,1,10,1,3,0,0,0,1,0,1,6,0,1,5,0,3,0,6,0,0,2,7,4,4,1,0,1,2,0,3,4,0,0,0,0,0,0,7,6,0,0,1,2,2,0,4,0,9,0,3,0,0,2,2,0,7,0,3,7,0,4,1,0,0,0,7,0,5,2,0,0,2,0,7,0,0,5,0,5,0,0
Ercc1,4,0,4,0,0,2,6,7,2,3,6,3,1,3,1,3,5,5,15,2,2,8,0,3,3,0,5,0,1,4,0,1,2,19,4,3,3,7,5,4,3,0,5,0,2,0,9,2,1,9,7,5,5,4,0,0,7,8,10,0,6,2,0,3,4,2,2,3,5,7,6,1,12,0,0,0,1,6,3,0,0,4,0,0,3,3,1,0,2,0,6,7,3,3,5,4,3,3,0,6,7,2,15,0,0,1,2,3,6,3,2,4,1,5,5,0,1,8,2,3,2,0,0,0,3,4,1,5,7,3,3,19,4,4,2,3,7,5,2,0,0,5,5,0,9,9,0,0,1,4,7,8,0,10,7,2,6,6,1,3,2,2,0,0,4,5,12,3,0,3,1,0,0,0,6,3,0,0,3,4,0,7,6,0,2,1,3,3
Esf1,7,3,11,5,2,5,0,13,3,5,7,2,3,4,0,0,2,2,9,3,8,5,0,10,1,0,2,6,3,13,3,4,0,9,11,7,8,22,4,7,2,2,16,7,3,6,5,1,12,7,13,19,7,19,0,0,4,4,2,0,18,14,2,6,8,10,4,13,0,5,2,2,7,11,0,7,6,11,6,1,4,7,3,2,3,0,4,1,5,4,6,6,8,0,2,7,4,5,5,0,13,3,9,3,2,3,3,0,7,2,5,11,0,2,2,0,4,5,0,10,8,0,6,3,1,11,3,4,22,7,8,9,13,7,3,2,13,19,1,6,0,7,16,7,7,5,0,2,12,19,4,4,0,2,5,14,2,18,2,6,4,10,7,2,8,0,7,13,11,6,6,0,1,3,11,0,2,4,3,7,4,6,6,1,5,4,8,0
Etfa,4,14,8,2,3,9,3,8,13,5,4,9,0,3,11,4,4,9,2,4,9,8,0,6,9,0,5,2,1,11,5,3,5,17,6,7,4,9,9,7,7,5,0,8,2,2,9,12,0,11,2,1,11,9,10,0,6,6,3,15,13,7,8,0,9,6,4,2,7,0,11,0,9,6,3,8,5,12,3,8,11,13,1,0,2,5,10,4,6,9,5,4,8,11,4,4,3,5,2,3,8,13,2,14,3,0,4,4,4,9,9,8,11,9,5,0,3,8,5,6,9,0,2,5,9,6,1,9,9,7,4,17,11,7,2,7,2,1,12,2,0,11,0,8,11,9,10,5,0,9,6,6,15,3,0,7,11,13,0,0,4,6,8,8,9,7,9,2,6,3,5,3,8,1,12,5,0,11,2,13,9,4,5,4,6,10,8,11
Eya3,0,7,0,6,3,3,0,0,0,0,2,3,2,3,5,1,2,3,4,2,2,0,2,0,5,0,0,0,1,0,1,0,0,7,0,1,3,2,2,5,9,0,4,3,0,8,7,3,0,3,10,1,0,4,3,1,6,2,0,7,12,7,0,0,4,4,3,0,0,15,8,7,11,7,1,17,4,8,5,2,1,0,6,0,5,0,0,13,6,0,0,1,7,3,2,0,3,0,6,0,0,0,4,7,3,2,2,1,2,3,3,0,5,3,0,0,0,0,0,0,2,2,0,1,5,0,1,2,2,1,3,7,0,5,0,9,10,1,3,8,1,0,4,3,3,7,3,0,0,4,6,2,7,0,15,7,8,12,7,0,3,4,17,0,4,0,11,0,7,5,4,1,2,6,8,0,0,1,5,0,0,1,0,13,6,0,7,3
Ezr,15,15,10,0,4,11,3,7,18,8,12,5,0,25,7,5,7,11,0,13,17,12,9,13,15,0,0,13,14,4,0,7,9,7,6,14,15,7,7,10,4,21,8,8,9,11,13,7,6,17,17,18,12,28,8,0,21,1,16,19,36,5,7,2,0,30,17,14,0,6,9,8,14,15,0,9,9,33,1,22,31,7,1,21,20,5,10,12,0,2,7,6,12,10,7,15,25,8,0,3,7,18,0,15,4,0,13,5,12,5,11,10,7,11,0,0,7,12,9,13,17,9,13,0,15,6,14,7,7,14,15,7,4,10,9,4,17,18,7,11,0,12,8,8,17,13,8,21,6,28,21,1,19,16,6,5,9,36,8,2,17,30,9,7,0,0,14,14,15,1,9,0,22,1,33,5,21,31,20,7,2,6,7,12,0,10,12,10
Fat1,0,2,0,0,6,0,0,0,0,2,0,0,0,0,3,1,2,0,2,4,0,0,3,0,1,0,0,0,3,0,0,2,0,0,0,0,0,2,0,2,4,0,0,2,1,0,2,0,0,0,0,3,0,4,0,6,0,1,0,0,0,1,1,2,5,0,0,4,0,0,8,0,3,0,3,7,3,0,3,0,0,2,0,0,0,0,0,0,0,0,0,0,0,1,2,0,0,2,0,0,0,0,2,2,6,0,4,1,0,0,0,0,3,0,0,0,2,0,0,0,0,3,0,0,1,0,3,0,2,0,0,0,0,2,1,4,0,3,0,0,6,0,0,2,0,2,0,0,0,4,0,1,0,0,0,1,8,0,0,2,0,0,7,1,5,0,3,4,0,3,3,3,0,0,0,0,0,0,0,2,0,0,0,0,0,0,0,1
Fbxw2,0,0,0,0,0,0,0,0,0,5,0,0,0,5,0,5,0,0,0,5,5,2,4,0,11,0,0,13,0,0,1,0,0,3,0,0,8,11,0,0,0,0,2,0,0,0,0,0,0,15,0,9,0,0,0,0,0,5,0,6,0,2,0,4,0,4,0,0,0,8,0,0,9,10,6,0,0,4,0,0,0,0,0,0,0,0,5,0,0,0,11,2,7,0,0,0,5,5,0,0,0,0,0,0,0,0,5,5,0,0,0,0,0,0,0,0,0,2,0,0,5,4,13,1,11,0,0,0,11,0,8,3,0,0,0,0,0,9,0,0,0,0,2,0,15,0,0,0,0,0,0,5,6,0,8,2,0,0,0,4,0,4,0,0,0,0,9,0,10,0,0,6,0,0,4,0,0,0,0,0,0,2,11,0,0,5,7,0
Fbxw8,0,6,5,0,7,0,0,4,0,0,0,1,0,0,0,0,0,5,0,0,2,1,0,0,0,0,0,0,0,0,2,1,1,1,0,0,0,0,0,0,0,0,3,2,0,0,2,2,3,3,4,0,2,0,0,0,0,0,0,3,4,0,0,2,0,0,1,0,0,6,0,0,2,3,0,0,0,6,0,0,0,1,0,2,0,0,0,7,0,0,0,1,0,0,0,0,0,0,0,0,4,0,0,6,7,0,0,0,0,1,0,5,0,5,0,0,1,1,1,0,2,0,0,2,0,0,0,0,0,0,0,1,0,0,0,0,4,0,2,0,0,2,3,2,3,2,0,0,3,0,0,0,3,0,6,0,0,4,0,2,1,0,0,0,0,0,2,0,3,0,0,0,0,0,6,0,2,0,0,1,0,1,0,7,0,0,0,0
Fcf1,11,11,0,0,4,12,4,16,3,11,16,22,9,22,7,17,9,11,23,12,11,12,4,6,10,2,4,13,2,6,5,7,9,18,11,5,18,25,5,0,6,4,17,13,8,12,16,10,6,22,13,8,6,26,4,3,5,12,12,6,19,13,7,5,16,40,6,21,2,19,25,10,23,8,2,20,15,25,2,13,10,13,0,6,11,7,15,10,12,3,8,12,8,11,9,11,22,11,0,4,16,3,23,11,4,9,12,17,16,22,12,0,7,11,4,2,7,12,9,6,11,4,13,5,10,11,2,5,25,5,18,18,6,0,8,6,13,8,10,12,3,6,17,13,22,16,4,4,6,26,5,12,6,12,19,13,25,19,10,5,6,40,20,7,16,2,23,21,8,2,15,2,13,0,25,7,6,10,11,13,3,12,8,10,12,15,8,11
Fermt2,0,8,0,0,0,5,0,0,0,4,0,15,0,11,0,4,0,0,0,2,24,0,0,0,0,0,0,0,16,0,0,0,0,0,0,0,6,8,0,0,0,0,0,8,0,0,0,0,0,0,0,13,0,0,11,0,0,0,0,5,0,0,0,5,8,0,0,0,0,0,0,8,0,0,0,0,0,13,0,0,6,0,0,0,0,0,0,0,0,0,0,0,0,0,0,0,11,4,0,0,0,0,0,8,0,0,2,4,0,15,5,0,0,0,0,0,0,0,0,0,24,0,0,0,0,0,16,0,8,0,6,0,0,0,0,0,0,13,0,0,0,0,0,8,0,0,11,0,0,0,0,0,5,0,0,0,0,0,8,5,0,0,0,0,8,0,0,0,0,0,0,0,0,0,13,0,0,6,0,0,0,0,0,0,0,0,0,0
Fhl1,0,8,0,10,0,14,0,0,12,9,16,14,7,11,0,11,0,17,15,0,26,7,11,14,26,0,10,30,12,1,0,5,12,32,0,19,0,21,0,19,0,15,19,11,20,9,0,24,21,0,21,12,14,20,16,7,24,12,10,11,13,13,0,19,20,30,12,17,11,16,23,18,25,22,15,16,24,30,10,14,13,16,0,19,27,0,0,15,12,30,9,11,19,0,0,0,11,9,10,0,0,12,15,8,0,7,0,11,16,14,14,0,0,17,10,0,5,7,12,14,26,11,30,0,26,0,12,0,21,19,0,32,1,19,20,0,21,12,24,9,7,14,19,11,0,0,16,15,21,20,24,12,11,10,16,13,23,13,18,19,12,30,16,0,20,11,25,17,22,10,24,15,14,0,30,0,19,13,27,16,30,11,9,15,12,0,19,0
Fis1,0,0,5,0,0,0,8,0,15,0,0,0,0,3,0,0,0,0,0,4,1,0,0,0,0,0,0,0,0,5,0,0,0,0,0,0,0,0,0,0,0,7,0,0,0,0,7,3,3,9,0,5,0,0,0,0,0,0,0,0,18,8,0,0,10,31,8,0,0,6,0,0,0,0,0,11,0,0,6,7,8,0,0,1,0,0,10,0,6,0,0,0,0,0,0,0,3,0,0,8,0,15,0,0,0,0,4,0,0,0,0,5,0,0,0,0,0,0,0,0,1,0,0,0,0,0,0,0,0,0,0,0,5,0,0,0,0,5,3,0,0,0,0,0,9,7,0,7,3,0,0,0,0,0,6,8,0,18,0,0,8,31,11,0,10,0,0,0,0,6,0,0,7,0,0,0,1,8,0,0,0,0,0,0,6,10,0,0
Fnbp4,0,0,3,6,3,4,0,0,6,4,6,0,5,0,0,10,1,8,2,3,1,0,0,0,0,2,0,4,0,0,3,0,0,4,0,1,0,3,8,0,0,1,0,4,0,0,0,1,10,5,0,0,0,0,2,0,0,2,5,2,1,4,0,0,10,5,0,1,0,3,4,5,5,12,0,0,6,4,2,7,0,4,7,0,10,0,0,0,0,4,0,0,7,0,1,0,0,4,6,0,0,6,2,0,3,5,3,10,6,0,4,3,0,8,0,2,0,0,0,0,1,0,4,3,0,0,0,8,3,1,0,4,0,0,0,0,0,0,1,0,0,0,0,4,5,0,2,1,10,0,0,2,2,5,3,4,4,1,5,0,0,5,0,0,10,0,5,1,12,2,6,0,7,7,4,0,0,0,10,4,4,0,0,0,0,0,7,0
Frg1,5,4,5,5,1,10,2,6,3,9,7,5,0,2,10,4,3,8,1,6,9,4,6,0,17,0,0,4,3,0,0,2,0,5,6,11,8,17,0,0,1,0,4,4,0,0,4,9,0,3,5,7,6,6,4,3,9,11,2,4,8,5,0,1,0,9,0,2,1,14,10,5,13,6,1,11,10,10,1,0,0,1,3,7,22,0,0,9,4,3,9,0,6,4,3,5,2,9,5,2,6,3,1,4,1,0,6,4,7,5,10,5,10,8,0,0,2,4,0,0,9,6,4,0,17,6,3,0,17,11,8,5,0,0,0,1,5,7,9,0,3,6,4,4,3,4,4,0,0,6,9,11,4,2,14,5,10,8,5,1,0,9,11,0,0,1,13,2,6,1,10,1,0,3,10,0,7,0,22,1,3,0,9,9,4,0,6,4
Ftsj2,2,0,0,0,0,2,0,4,0,1,2,0,0,1,0,4,1,0,4,1,2,0,0,2,2,0,0,2,2,0,0,1,0,2,0,0,0,0,1,2,0,2,0,0,0,0,1,5,0,4,1,0,1,2,1,2,6,3,1,0,4,0,1,0,1,2,1,0,0,1,0,0,3,1,1,2,0,1,0,0,0,2,0,0,0,3,0,5,0,0,0,0,0,2,1,2,1,1,0,0,4,0,4,0,0,0,1,4,2,0,2,0,0,0,0,0,1,0,0,2,2,0,2,0,2,0,2,1,0,0,0,2,0,2,0,0,1,0,5,0,2,1,0,0,4,1,1,2,0,2,6,3,0,1,1,0,0,4,0,0,1,2,2,1,1,0,3,0,1,0,0,1,0,0,1,3,0,0,0,2,0,0,0,5,0,0,0,2
Fuca2,0,0,7,8,0,0,3,0,0,0,0,10,0,0,17,0,0,0,13,0,1,0,2,4,0,0,5,0,0,7,0,8,0,10,0,2,4,0,0,0,0,5,0,8,5,2,0,14,1,6,12,0,7,0,0,0,0,3,0,4,6,0,10,1,0,8,0,0,2,0,6,0,0,0,0,0,7,15,0,0,0,14,0,0,14,8,0,0,0,0,0,0,0,20,0,0,0,0,8,3,0,0,13,0,0,0,0,0,0,10,0,7,17,0,5,0,8,0,0,4,1,2,0,0,0,0,0,0,0,2,4,10,7,0,5,0,12,0,14,2,0,7,0,8,6,0,0,5,1,0,0,3,4,0,0,0,6,6,0,1,0,8,0,10,0,2,0,0,0,0,7,0,0,0,15,8,0,0,14,14,0,0,0,0,0,0,0,20
G3bp2,23,10,4,17,0,26,16,22,29,34,26,10,28,22,25,31,30,30,51,1,29,42,17,39,41,0,1,54,25,12,19,14,5,49,43,31,24,46,43,42,16,6,48,28,2,26,46,2,19,11,39,38,20,20,26,37,14,31,16,8,19,12,8,23,29,23,16,27,0,35,30,6,20,25,23,47,26,58,27,14,24,22,17,33,27,21,36,37,27,0,20,24,26,6,30,23,22,34,17,16,22,29,51,10,0,28,1,31,26,10,26,4,25,30,1,0,14,42,5,39,29,17,54,19,41,43,25,43,46,31,24,49,12,42,2,16,39,38,2,26,37,20,48,28,11,46,26,6,19,20,14,31,8,16,35,12,30,19,6,23,16,23,47,8,29,0,20,27,25,27,26,23,14,17,58,21,33,24,27,22,0,24,20,37,27,36,26,6
Gabbr1,1,0,3,1,0,0,1,2,1,0,0,5,2,0,1,0,0,1,0,0,1,3,3,1,0,0,3,0,1,3,0,0,1,0,0,1,0,3,3,0,0,1,0,1,0,2,0,5,1,0,2,5,0,1,0,0,0,0,0,1,5,0,1,0,0,2,0,2,2,0,2,4,2,2,0,4,3,0,0,2,6,2,0,0,2,1,0,0,0,2,0,0,2,0,0,1,0,0,1,1,2,1,0,0,0,2,0,0,0,5,0,3,1,1,3,0,0,3,1,1,1,3,0,0,0,0,1,3,3,1,0,0,3,0,0,0,2,5,5,2,0,0,0,1,0,0,0,1,1,1,0,0,1,0,0,0,2,5,4,0,0,2,4,1,0,2,2,2,2,0,3,0,2,0,0,1,0,6,2,2,2,0,0,0,0,0,2,0
Ganab,6,0,0,6,1,4,4,6,11,0,0,2,1,12,5,10,0,4,0,2,12,0,4,7,11,0,0,8,0,0,8,0,0,6,0,0,0,7,6,3,1,3,11,11,5,0,2,3,1,4,5,8,4,9,1,0,0,16,4,8,9,8,4,3,8,12,4,0,3,3,2,7,8,8,2,3,10,4,1,4,0,11,10,0,0,5,10,7,8,6,4,5,1,6,0,6,12,0,6,4,6,11,0,0,1,1,2,10,0,2,4,0,5,4,0,0,0,0,0,7,12,4,8,8,11,0,0,6,7,0,0,6,0,3,5,1,5,8,3,0,0,4,11,11,4,2,1,3,1,9,0,16,8,4,3,8,2,9,7,3,4,12,3,4,8,3,8,0,8,1,10,2,4,10,4,5,0,0,0,11,6,5,4,7,8,10,1,6
Gas5,27,32,19,33,14,15,7,5,0,2,6,7,41,21,4,0,19,41,35,2,27,16,16,21,22,12,6,29,38,26,23,20,17,16,12,26,13,19,25,0,19,13,0,28,26,5,30,33,35,43,4,25,43,28,5,12,26,34,43,64,49,15,37,6,10,2,31,31,12,27,29,16,42,30,31,28,16,2,24,0,32,17,40,19,23,43,25,9,7,16,16,28,23,23,19,27,21,2,33,7,5,0,35,32,14,41,2,0,6,7,15,19,4,41,6,12,20,16,17,21,27,16,29,23,22,12,38,25,19,26,13,16,26,0,26,19,4,25,33,5,12,43,0,28,43,30,5,13,35,28,26,34,64,43,27,15,29,49,16,6,31,2,28,37,10,12,42,31,30,24,16,31,0,40,2,43,19,32,23,17,16,28,16,9,7,25,23,23
Gcsh,1,0,11,3,3,9,0,12,20,8,4,2,3,15,0,9,7,6,12,17,8,7,0,6,13,0,1,7,0,10,9,0,0,7,12,8,8,19,2,1,7,7,3,5,6,10,11,10,1,14,0,5,0,6,1,6,1,3,8,2,10,23,2,14,14,14,0,17,4,3,9,0,13,6,1,3,0,8,1,13,8,2,2,6,10,5,11,7,9,2,3,8,1,0,7,1,15,8,3,0,12,20,12,0,3,3,17,9,4,2,9,11,0,6,1,0,0,7,0,6,8,0,7,9,13,12,0,2,19,8,8,7,10,1,6,7,0,5,10,10,6,0,3,5,14,11,1,7,1,6,1,3,2,8,3,23,9,10,0,14,0,14,3,2,14,4,13,17,6,1,0,1,13,2,8,5,6,8,10,2,2,8,3,7,9,11,1,0
Gga2,5,0,25,4,0,11,18,0,0,10,12,11,9,13,0,8,8,0,13,21,0,0,0,15,9,0,7,0,0,0,0,0,1,0,0,0,8,0,7,0,3,1,0,3,9,2,16,35,7,3,16,0,14,3,8,3,5,6,4,0,5,6,0,5,0,10,0,0,9,8,23,2,5,5,11,25,7,17,7,0,26,13,0,7,16,9,0,0,4,7,0,0,8,7,8,5,13,10,4,18,0,0,13,0,0,9,21,8,12,11,11,25,0,0,7,0,0,0,1,15,0,0,0,0,9,0,0,7,0,0,8,0,0,0,9,3,16,0,35,2,3,14,0,3,3,16,8,1,7,3,5,6,0,4,8,6,23,5,2,5,0,10,25,0,0,9,5,0,5,7,7,11,0,0,17,9,7,26,16,13,7,0,0,0,4,0,8,7
Gjb3,2,11,8,0,4,3,2,14,10,11,3,2,2,9,0,2,3,1,10,19,11,11,0,3,5,3,3,15,15,6,7,8,4,23,6,7,4,8,10,3,0,6,7,13,8,7,17,10,7,11,7,9,4,1,6,1,12,15,0,10,14,3,9,3,15,10,8,14,3,7,32,6,10,7,3,6,2,10,1,11,15,11,11,3,8,4,13,10,12,5,8,13,18,0,3,2,9,11,0,2,14,10,10,11,4,2,19,2,3,2,3,8,0,1,3,3,8,11,4,3,11,0,15,7,5,6,15,10,8,7,4,23,6,3,8,0,7,9,10,7,1,4,7,13,11,17,6,6,7,1,12,15,10,0,7,3,32,14,6,3,8,10,6,9,15,3,10,14,7,1,2,3,11,11,10,4,3,15,8,11,5,13,8,10,12,13,18,0
Gli2,0,2,0,3,3,1,0,6,0,0,1,0,0,0,0,0,0,0,0,0,0,2,0,1,3,0,0,0,6,4,2,1,0,2,0,0,2,0,4,0,6,1,0,0,2,0,0,2,3,5,1,1,0,8,0,0,3,1,3,6,2,0,0,0,8,0,4,1,1,0,3,4,1,0,0,4,0,4,0,4,2,1,3,0,0,0,2,0,2,0,0,1,0,0,0,0,0,0,3,0,6,0,0,2,3,0,0,0,1,0,1,0,0,0,0,0,1,2,0,1,0,0,0,2,3,0,6,4,0,0,2,2,4,0,2,6,1,1,2,0,0,0,0,0,5,0,0,1,3,8,3,1,6,3,0,0,3,2,4,0,4,0,4,0,8,1,1,1,0,0,0,0,4,3,4,0,0,2,0,1,0,1,0,0,2,2,0,0
Glod4,0,8,3,6,0,4,7,0,10,11,5,3,12,13,8,8,4,3,4,4,3,0,0,4,24,0,8,9,0,4,11,1,3,6,13,11,9,19,0,0,0,8,0,0,10,6,42,24,0,9,3,18,15,10,2,2,6,9,3,5,30,9,2,6,12,12,6,0,0,8,10,6,16,10,3,11,0,11,14,9,5,22,6,0,5,4,17,5,10,1,0,14,0,1,4,0,13,11,6,7,0,10,4,8,0,12,4,8,5,3,4,3,8,3,8,0,1,0,3,4,3,0,9,11,24,13,0,0,19,11,9,6,4,0,10,0,3,18,24,6,2,15,0,0,9,42,2,8,0,10,6,9,5,3,8,9,10,30,6,6,6,12,11,2,12,0,16,0,10,14,0,3,9,6,11,4,0,5,5,22,1,14,0,5,10,17,0,1
Gm6654,0,0,0,6,0,10,0,0,0,0,0,0,0,0,0,0,0,0,0,0,0,12,0,0,0,0,8,0,0,0,14,0,0,12,0,0,0,0,0,6,0,0,0,0,0,0,0,0,0,14,14,15,0,0,0,12,0,0,4,0,0,0,13,5,0,0,0,0,0,0,0,0,22,0,0,0,0,18,14,14,0,0,0,0,11,0,2,11,0,25,0,0,0,0,0,0,0,0,6,0,0,0,0,0,0,0,0,0,0,0,10,0,0,0,8,0,0,12,0,0,0,0,0,14,0,0,0,0,0,0,0,12,0,6,0,0,14,15,0,0,12,0,0,0,14,0,0,0,0,0,0,0,0,4,0,0,0,0,0,5,0,0,0,13,0,0,22,0,0,14,0,0,14,0,18,0,0,0,11,0,25,0,0,11,0,2,0,0
Gmnn,10,0,4,9,0,4,9,5,5,3,12,7,7,7,0,8,0,9,8,8,4,4,3,4,15,0,6,9,23,3,11,1,7,15,13,3,8,9,7,9,0,9,4,6,9,4,14,11,6,13,8,5,8,29,5,0,3,8,6,1,9,7,1,11,6,29,6,11,2,9,8,4,11,7,1,15,11,16,5,7,14,5,15,1,5,1,2,2,1,8,4,6,11,2,0,10,7,3,9,9,5,5,8,0,0,7,8,8,12,7,4,4,0,9,6,0,1,4,7,4,4,3,9,11,15,13,23,7,9,3,8,15,3,9,9,0,8,5,11,4,0,8,4,6,13,14,5,9,6,29,3,8,1,6,9,7,8,9,4,11,6,29,15,1,6,2,11,11,7,5,11,1,7,15,16,1,1,14,5,5,8,6,4,2,1,2,11,2
Gnas,2,0,10,1,5,4,4,3,9,5,5,5,1,11,1,6,5,9,17,10,3,4,3,5,2,0,1,6,3,6,5,2,4,5,2,4,0,6,8,6,9,6,3,2,7,2,15,6,2,7,0,5,4,3,3,4,3,5,2,7,8,4,4,1,11,13,3,4,0,6,8,3,4,10,0,5,7,11,0,19,0,5,13,3,9,2,9,0,4,4,0,4,0,7,5,2,11,5,1,4,3,9,17,0,5,1,10,6,5,5,4,10,1,9,1,0,2,4,4,5,3,3,6,5,2,2,3,8,6,4,0,5,6,6,7,9,0,5,6,2,4,4,3,2,7,15,3,6,2,3,3,5,7,2,6,4,8,8,3,1,3,13,5,4,11,0,4,4,10,0,7,0,19,13,11,2,3,0,9,5,4,4,0,0,4,9,0,7
Gnpat,0,0,0,6,4,5,6,2,1,0,4,0,2,11,1,6,3,0,5,8,10,3,0,4,0,2,1,3,0,5,6,3,7,7,4,0,6,1,3,7,3,0,1,0,0,0,1,8,4,11,4,5,0,5,4,2,3,4,1,0,2,2,1,0,5,9,0,8,0,2,0,0,12,7,0,6,0,7,7,3,4,5,0,3,11,2,4,0,8,3,6,3,1,8,3,0,11,0,6,6,2,1,5,0,4,2,8,6,4,0,5,0,1,0,1,2,3,3,7,4,10,0,3,6,0,4,0,3,1,0,6,7,5,7,0,3,4,5,8,0,2,0,1,0,11,1,4,0,4,5,3,4,0,1,2,2,0,2,0,0,0,9,6,1,5,0,12,8,7,7,0,0,3,0,7,2,3,4,11,5,3,3,6,0,8,4,1,8
Gorasp2,0,3,3,4,3,5,2,8,3,1,2,4,2,8,2,0,0,1,14,0,2,4,1,4,6,0,2,9,3,1,3,4,3,2,3,3,6,6,0,7,0,3,3,2,0,1,4,2,2,2,8,6,4,7,1,4,2,5,1,2,3,5,1,0,10,8,11,0,0,1,3,0,0,7,0,3,4,7,6,2,3,4,0,2,6,0,3,2,3,0,0,2,0,4,0,0,8,1,4,2,8,3,14,3,3,2,0,0,2,4,5,3,2,1,2,0,4,4,3,4,2,1,9,3,6,3,3,0,6,3,6,2,1,7,0,0,8,6,2,1,4,4,3,2,2,4,1,3,2,7,2,5,2,1,1,5,3,3,0,0,11,8,3,1,10,0,0,0,7,6,4,0,2,0,7,0,2,3,6,4,0,2,0,2,3,3,0,4
Gpatch4,2,0,12,2,0,4,0,3,1,8,11,2,1,8,2,7,6,7,2,4,5,8,0,1,0,0,0,4,1,4,7,6,0,2,3,1,1,13,2,12,11,4,0,0,3,5,0,7,4,5,8,3,4,3,0,6,0,6,0,0,0,4,7,8,7,17,3,2,0,1,6,0,9,4,0,1,2,3,3,8,2,0,11,0,7,2,5,4,6,1,3,0,6,4,6,2,8,8,2,0,3,1,2,0,0,1,4,7,11,2,4,12,2,7,0,0,6,8,0,1,5,0,4,7,0,3,1,2,13,1,1,2,4,12,3,11,8,3,7,5,6,4,0,0,5,0,0,4,4,3,0,6,0,0,1,4,6,0,0,8,3,17,1,7,7,0,9,2,4,3,2,0,8,11,3,2,0,2,7,0,1,0,3,4,6,5,6,4
Gpbp1,1,1,1,3,4,2,0,7,6,3,0,7,0,6,2,2,0,8,8,5,4,7,2,0,7,0,4,5,5,8,0,4,5,11,0,2,0,6,0,0,1,0,0,1,2,5,5,6,10,7,1,3,1,14,8,6,7,2,3,1,2,1,4,7,0,3,4,1,6,7,0,0,0,6,1,4,5,12,14,0,2,4,1,6,0,0,0,7,4,8,0,10,9,4,0,1,6,3,3,0,7,6,8,1,4,0,5,2,0,7,2,1,2,8,4,0,4,7,5,0,4,2,5,0,7,0,5,0,6,2,0,11,8,0,2,1,1,3,6,5,6,1,0,1,7,5,8,0,10,14,7,2,1,3,7,1,0,2,0,7,4,3,4,4,0,6,0,1,6,14,5,1,0,1,12,0,6,2,0,4,8,10,0,7,4,0,9,4
Gspt1,3,1,2,4,0,1,2,2,10,9,13,0,2,10,0,3,0,2,15,6,5,6,0,10,14,0,21,18,6,8,5,1,2,3,7,6,9,9,2,13,4,3,0,6,6,4,5,9,2,12,10,5,5,8,5,6,0,13,2,2,23,6,8,6,0,23,4,9,1,9,10,11,5,8,7,3,7,5,8,5,11,1,5,2,0,3,8,0,6,9,1,0,4,3,0,3,10,9,4,2,2,10,15,1,0,2,6,3,13,0,1,2,0,2,21,0,1,6,2,10,5,0,18,5,14,7,6,2,9,6,9,3,8,13,6,4,10,5,9,4,6,5,0,6,12,5,5,3,2,8,0,13,2,2,9,6,10,23,11,6,4,23,3,8,0,1,5,9,8,8,7,7,5,5,5,3,2,11,0,1,9,0,1,0,6,8,4,3
Gstp2,0,0,0,0,5,2,0,7,0,3,0,5,0,0,0,5,0,0,0,8,0,5,8,5,0,0,0,4,0,0,0,0,0,14,0,0,3,1,3,0,0,9,12,0,0,0,0,0,0,11,0,0,0,0,5,0,2,0,3,0,0,0,0,0,0,5,0,0,0,0,2,0,0,0,0,0,0,0,4,2,8,0,0,0,0,0,0,0,9,0,5,0,0,0,0,0,0,3,0,0,7,0,0,0,5,0,8,5,0,5,2,0,0,0,0,0,0,5,0,5,0,8,4,0,0,0,0,3,1,0,3,14,0,0,0,0,0,0,0,0,0,0,12,0,11,0,5,9,0,0,2,0,0,3,0,0,2,0,0,0,0,5,0,0,0,0,0,0,0,4,0,0,2,0,0,0,0,8,0,0,0,0,5,0,9,0,0,0
Gtf2f1,0,5,3,5,0,0,5,2,5,2,0,6,8,0,0,0,1,6,0,0,2,1,0,3,6,0,2,2,0,0,0,6,10,1,0,0,6,7,4,8,5,3,0,9,0,5,1,0,2,2,0,0,0,10,0,3,0,4,12,11,1,4,0,3,1,3,0,0,5,6,13,0,16,5,0,14,6,6,4,0,5,9,6,0,2,0,3,1,8,15,6,6,7,5,1,0,0,2,5,5,2,5,0,5,0,8,0,0,0,6,0,3,0,6,2,0,6,1,10,3,2,0,2,0,6,0,0,4,7,0,6,1,0,8,0,5,0,0,0,5,3,0,0,9,2,1,0,3,2,10,0,4,11,12,6,4,13,1,0,3,0,3,14,0,1,5,16,0,5,4,6,0,0,6,6,0,0,5,2,9,15,6,6,1,8,3,7,5
Gtf3c6,2,6,3,1,0,3,2,0,0,2,2,1,0,1,0,0,10,5,4,3,11,11,6,2,4,0,5,6,5,0,7,3,0,8,4,11,0,2,14,2,4,0,3,6,0,7,4,0,6,5,1,4,1,25,2,0,1,3,8,1,5,2,4,0,23,7,2,6,2,6,6,4,5,8,1,9,4,6,0,8,7,3,0,3,7,0,0,0,6,2,0,8,0,0,10,2,1,2,1,2,0,0,4,6,0,0,3,0,2,1,3,3,0,5,5,0,3,11,0,2,11,6,6,7,4,4,5,14,2,11,0,8,0,2,0,4,1,4,0,7,0,1,3,6,5,4,2,0,6,25,1,3,1,8,6,2,6,5,4,0,2,7,9,4,23,2,5,6,8,0,4,1,8,0,6,0,3,7,7,3,2,8,0,0,6,0,0,0
Guk1,0,4,3,0,0,3,0,2,4,6,5,0,3,7,0,5,0,8,6,3,3,1,0,9,2,0,8,9,4,3,2,1,6,3,0,9,0,4,2,6,1,1,6,3,0,2,6,0,0,6,8,11,4,1,2,3,8,9,6,4,3,3,3,6,7,12,5,10,0,6,3,0,10,4,8,10,0,8,1,4,0,2,13,9,0,0,4,1,10,0,4,2,4,5,0,0,7,6,0,0,2,4,6,4,0,3,3,5,5,0,3,3,0,8,8,0,1,1,6,9,3,0,9,2,2,0,4,2,4,9,0,3,3,6,0,1,8,11,0,2,3,4,6,3,6,6,2,1,0,1,8,9,4,6,6,3,3,3,0,6,5,12,10,3,7,0,10,10,4,1,0,8,4,13,8,0,9,0,0,2,0,2,4,1,10,4,4,5
Gys1,0,0,0,5,0,0,0,0,0,0,0,0,0,0,0,4,0,8,0,4,0,0,0,0,5,0,4,3,0,0,0,2,9,0,0,3,0,3,0,2,0,0,0,0,0,1,5,0,0,10,5,10,2,0,8,0,2,0,0,4,0,0,5,4,0,0,6,9,0,0,3,1,6,0,0,0,0,0,3,8,7,0,0,0,0,0,0,0,3,0,0,0,0,0,0,0,0,0,5,0,0,0,0,0,0,0,4,4,0,0,0,0,0,8,4,0,2,0,9,0,0,0,3,0,5,0,0,0,3,3,0,0,0,2,0,0,5,10,0,1,0,2,0,0,10,5,8,0,0,0,2,0,4,0,0,0,3,0,1,4,6,0,0,5,0,0,6,9,0,3,0,0,8,0,0,0,0,7,0,0,0,0,0,0,3,0,0,0
H2afy,7,3,6,2,0,2,2,8,4,7,5,2,5,9,0,7,4,6,9,6,0,7,14,2,6,0,5,0,0,2,4,0,8,5,1,4,1,4,0,0,2,0,3,8,3,0,6,0,2,6,0,4,0,8,1,4,9,11,2,13,2,1,4,0,0,1,2,9,1,0,0,2,4,4,4,2,4,9,5,0,11,5,5,0,2,1,0,5,4,0,0,0,1,3,4,7,9,7,2,2,8,4,9,3,0,5,6,7,5,2,2,6,0,6,5,0,0,7,8,2,0,14,0,4,6,1,0,0,4,4,1,5,2,0,3,2,0,4,0,0,4,0,3,8,6,6,1,0,2,8,9,11,13,2,0,1,0,2,2,0,2,1,2,4,0,1,4,9,4,5,4,4,0,5,9,1,0,11,2,5,0,0,0,5,4,0,1,3
Hadh,2,2,7,0,3,2,1,3,6,6,7,2,0,0,0,0,4,2,3,2,1,5,3,3,4,0,3,1,0,1,5,2,3,5,0,4,5,8,5,6,2,3,2,2,4,0,7,0,4,2,7,4,7,8,3,5,4,0,0,1,7,5,2,0,3,6,1,3,3,3,2,4,5,3,0,0,2,3,7,6,3,0,0,6,7,3,2,8,0,1,3,0,4,6,4,2,0,6,0,1,3,6,3,2,3,0,2,0,7,2,2,7,0,2,3,0,2,5,3,3,1,3,1,5,4,0,0,5,8,4,5,5,1,6,4,2,7,4,0,0,5,7,2,2,2,7,3,3,4,8,4,0,1,0,3,5,2,7,4,0,1,6,0,2,3,3,5,3,3,7,2,0,6,0,3,3,6,3,7,0,1,0,3,8,0,2,4,6
Hbp1,6,6,0,0,0,1,3,4,0,0,1,6,0,1,0,0,0,4,2,5,4,3,3,0,4,0,4,5,1,3,1,1,10,4,10,3,0,6,1,0,8,0,4,5,0,1,0,2,0,5,0,5,1,4,5,0,4,0,2,6,5,2,2,2,3,11,3,0,0,6,5,7,0,7,5,4,7,7,2,7,1,4,0,3,0,0,3,0,4,2,0,0,3,1,0,6,1,0,0,3,4,0,2,6,0,0,5,0,1,6,1,0,0,4,4,0,1,3,10,0,4,3,5,1,4,10,1,1,6,3,0,4,3,0,0,8,0,5,2,1,0,1,4,5,5,0,5,0,0,4,4,0,6,2,6,2,5,5,7,2,3,11,4,2,3,0,0,0,7,2,7,5,7,0,7,0,3,1,0,4,2,0,0,0,4,3,3,1
Hdgf,17,3,15,14,4,10,13,15,10,10,18,22,13,19,9,11,8,15,12,15,28,16,11,21,17,0,15,12,12,15,29,10,21,35,4,22,17,33,33,20,3,8,26,16,18,17,24,18,15,32,22,17,17,34,14,17,26,19,16,11,15,26,10,15,27,22,17,22,11,11,13,16,29,19,15,15,11,23,6,19,14,17,0,9,13,8,14,7,22,20,15,13,19,9,8,17,19,10,14,13,15,10,12,3,4,13,15,11,18,22,10,15,9,15,15,0,10,16,21,21,28,11,12,29,17,4,12,33,33,22,17,35,15,20,18,3,22,17,18,17,17,17,26,16,32,24,14,8,15,34,26,19,11,16,11,26,13,15,16,15,17,22,15,10,27,11,29,22,19,6,11,15,19,0,23,8,9,14,13,17,20,13,15,7,22,14,19,9
Hdhd2,5,0,0,0,0,1,0,4,0,0,4,5,3,7,2,2,0,4,1,0,4,0,1,4,0,0,0,2,4,1,0,0,0,5,1,5,3,5,0,4,1,1,5,3,0,3,5,3,0,4,8,1,2,6,0,1,2,0,1,9,0,2,3,1,3,8,4,0,0,2,0,4,6,0,0,0,3,0,2,2,0,4,6,1,2,1,0,5,3,3,2,0,0,1,0,5,7,0,0,0,4,0,1,0,0,3,0,2,4,5,1,0,2,4,0,0,0,0,0,4,4,1,2,0,0,1,4,0,5,5,3,5,1,4,0,1,8,1,3,3,1,2,5,3,4,5,0,1,0,6,2,0,9,1,2,2,0,0,4,1,4,8,0,3,3,0,6,0,0,2,3,0,2,6,0,1,1,0,2,4,3,0,2,5,3,0,0,1
Hdlbp,0,0,5,2,0,2,0,0,3,4,5,3,3,2,2,2,6,3,3,2,4,0,3,0,8,0,0,5,4,5,6,2,7,4,2,3,0,2,0,6,0,0,0,0,4,0,3,10,0,1,9,0,3,0,0,0,4,4,3,1,3,5,4,1,10,3,0,6,0,1,6,8,13,8,1,9,1,4,6,2,1,2,0,0,7,0,1,2,2,3,6,5,2,7,6,0,2,4,2,0,0,3,3,0,0,3,2,2,5,3,2,5,2,3,0,0,2,0,7,0,4,3,5,6,8,2,4,0,2,3,0,4,5,6,4,0,9,0,10,0,0,3,0,0,1,3,0,0,0,0,4,4,1,3,1,5,6,3,8,1,0,3,9,4,10,0,13,6,8,6,1,1,2,0,4,0,0,1,7,2,3,5,6,2,2,1,2,7
Hells,5,0,5,4,0,3,0,5,6,8,5,9,3,5,0,7,3,4,11,6,3,0,4,7,6,0,8,4,1,0,2,1,2,0,6,4,1,12,3,5,1,4,7,8,0,1,4,9,0,8,11,7,7,4,7,7,1,4,5,5,5,7,3,5,0,3,0,6,0,2,9,2,6,4,3,6,8,9,7,6,4,4,4,4,4,5,7,1,9,6,6,14,6,0,3,5,5,8,4,0,5,6,11,0,0,3,6,7,5,9,3,5,0,4,8,0,1,0,2,7,3,4,4,2,6,6,1,3,12,4,1,0,0,5,0,1,11,7,9,1,7,7,7,8,8,4,7,4,0,4,1,4,5,5,2,7,9,5,2,5,0,3,6,3,0,0,6,6,4,7,8,3,6,4,9,5,4,4,4,4,6,14,6,1,9,7,6,0
Hexb,3,0,2,5,0,0,2,7,0,4,5,0,0,3,0,1,1,3,5,2,5,0,6,1,0,0,1,1,6,2,5,2,4,4,2,6,3,6,5,2,0,4,3,0,2,5,5,2,4,1,5,2,2,3,2,3,1,4,3,6,12,8,3,0,2,3,2,6,0,3,3,4,0,6,5,0,4,2,2,6,7,2,0,0,10,1,4,3,4,2,3,0,1,0,1,3,3,4,5,2,7,0,5,0,0,0,2,1,5,0,0,2,0,3,1,0,2,0,4,1,5,6,1,5,0,2,6,5,6,6,3,4,2,2,2,0,5,2,2,5,3,2,3,0,1,5,2,4,4,3,1,4,6,3,3,8,3,12,4,0,2,3,0,3,2,0,0,6,6,2,4,5,6,0,2,1,0,7,10,2,2,0,3,3,4,4,1,0
Hirip3,1,0,4,3,0,1,1,2,3,5,7,0,2,4,0,2,0,4,6,1,2,5,3,3,6,0,2,6,1,0,1,4,0,0,10,2,0,11,1,0,0,0,8,4,4,3,6,4,5,8,0,8,4,8,2,4,3,3,1,0,0,3,2,10,5,12,4,2,1,2,14,3,6,1,3,4,3,7,9,2,2,5,2,7,4,3,3,1,4,6,0,2,0,1,0,1,4,5,3,1,2,3,6,0,0,2,1,2,7,0,1,4,0,4,2,0,4,5,0,3,2,3,6,1,6,10,1,1,11,2,0,0,0,0,4,0,0,8,4,3,4,4,8,4,8,6,2,0,5,8,3,3,0,1,2,3,14,0,3,10,4,12,4,2,5,1,6,2,1,9,3,3,2,2,7,3,7,2,4,5,6,2,0,1,4,3,0,1
Hmgn5,0,4,0,0,1,5,0,0,0,0,1,0,0,0,0,0,0,10,10,0,10,0,6,0,0,0,0,1,1,2,0,0,5,5,0,5,0,5,8,3,1,8,0,0,1,0,4,1,0,0,0,4,6,0,6,0,0,0,0,2,5,1,0,11,6,0,3,0,0,0,5,6,0,9,0,4,0,0,1,0,3,0,0,0,2,2,4,0,2,0,0,4,5,0,0,0,0,0,0,0,0,0,10,4,1,0,0,0,1,0,5,0,0,10,0,0,0,0,5,0,10,6,1,0,0,0,1,8,5,5,0,5,2,3,1,1,0,4,1,0,0,6,0,0,0,4,6,8,0,0,0,0,2,0,0,1,5,5,6,11,3,0,4,0,6,0,0,0,9,1,0,0,0,0,0,2,0,3,2,0,0,4,0,0,2,4,5,0
Hmmr,0,0,5,2,0,4,5,4,2,2,0,0,0,10,4,7,4,4,4,2,0,1,0,0,1,0,2,6,2,0,0,0,3,4,2,7,0,1,4,1,0,1,1,0,0,0,6,5,2,5,3,18,3,1,2,8,2,3,5,0,0,0,0,3,4,5,4,3,0,1,1,0,8,3,5,6,5,4,0,2,7,4,5,0,3,0,2,0,2,1,7,3,6,0,4,0,10,2,2,5,4,2,4,0,0,0,2,7,0,0,4,5,4,4,2,0,0,1,3,0,0,0,6,0,1,2,2,4,1,7,0,4,0,1,0,0,3,18,5,0,8,3,1,0,5,6,2,1,2,1,2,3,0,5,1,0,1,0,0,3,4,5,6,0,4,0,8,3,3,0,5,5,2,5,4,0,0,7,3,4,1,3,7,0,2,2,6,0
Hnrnpf,0,0,7,0,0,14,0,3,15,4,0,0,1,0,9,0,0,0,4,12,12,6,3,13,0,0,1,0,3,0,10,0,0,8,11,4,0,0,0,6,0,0,5,7,5,3,20,13,9,13,2,8,8,6,1,2,5,7,0,0,5,12,0,0,0,0,0,0,2,0,12,6,3,0,1,0,0,9,0,10,4,6,3,0,9,0,0,2,0,0,0,0,3,0,0,0,0,4,0,0,3,15,4,0,0,1,12,0,0,0,14,7,9,0,1,0,0,6,0,13,12,3,0,10,0,11,3,0,0,4,0,8,0,6,5,0,2,8,13,3,2,8,5,7,13,20,1,0,9,6,5,7,0,0,0,12,12,5,6,0,0,0,0,0,0,2,3,0,0,0,0,1,10,3,9,0,0,4,9,6,0,0,0,2,0,0,3,0
Hnrnph1,0,0,3,0,3,4,2,3,5,4,2,5,6,4,0,5,0,1,4,0,0,0,0,1,1,2,1,8,0,1,1,3,0,4,1,9,6,8,0,9,7,5,8,0,4,3,3,0,0,1,4,2,5,0,0,2,3,3,0,0,0,6,3,1,6,6,0,0,0,7,6,0,11,3,1,0,0,2,0,4,6,7,13,2,5,0,0,0,5,0,3,8,10,1,0,0,4,4,0,2,3,5,4,0,3,6,0,5,2,5,4,3,0,1,1,2,3,0,0,1,0,0,8,1,1,1,0,0,8,9,6,4,1,9,4,7,4,2,0,3,2,5,8,0,1,3,0,5,0,0,3,3,0,0,7,6,6,0,0,1,0,6,0,3,6,0,11,0,3,0,0,1,4,13,2,0,2,6,5,7,0,8,3,0,5,0,10,1
Hsf2bp,0,2,9,0,3,0,9,0,9,14,10,2,0,8,4,6,0,3,0,6,3,6,2,4,2,0,0,4,3,1,4,0,0,5,5,7,0,5,3,2,2,0,8,2,2,2,0,0,0,6,0,7,0,2,0,6,3,0,4,2,4,1,11,2,0,0,1,6,1,5,0,5,0,3,0,2,0,0,1,1,0,4,5,0,4,0,3,2,4,10,1,0,0,0,0,0,8,14,0,9,0,9,0,2,3,0,6,6,10,2,0,9,4,3,0,0,0,6,0,4,3,2,4,4,2,5,3,3,5,7,0,5,1,2,2,2,0,7,0,2,6,0,8,2,6,0,0,0,0,2,3,0,2,4,5,1,0,4,5,2,1,0,2,11,0,1,0,6,3,1,0,0,1,5,0,0,0,0,4,4,10,0,1,2,4,3,0,0
Hspbp1,0,6,0,0,0,0,2,5,5,1,2,1,0,1,4,4,2,4,0,4,4,0,0,0,0,1,0,3,0,3,1,0,1,3,0,3,0,3,0,4,5,0,2,0,2,0,0,0,3,6,0,4,0,3,10,1,6,4,3,2,3,3,0,2,0,10,2,1,3,3,3,0,5,6,0,3,1,3,0,5,2,4,1,0,7,0,0,4,2,5,2,0,0,0,2,0,1,1,0,2,5,5,0,6,0,0,4,4,2,1,0,0,4,4,0,1,0,0,1,0,4,0,3,1,0,0,0,0,3,3,0,3,3,4,2,5,0,4,0,0,1,0,2,0,6,0,10,0,3,3,6,4,2,3,3,3,3,3,0,2,2,10,3,0,0,3,5,1,6,0,1,0,5,1,3,0,0,2,7,4,5,0,2,4,2,0,0,0
Ifitm1,2,6,7,10,3,10,14,4,18,10,0,0,14,9,0,9,0,3,11,3,8,0,7,6,3,0,3,2,21,15,15,5,6,14,25,13,12,7,10,3,4,3,9,9,12,10,5,5,5,8,12,1,8,9,14,4,9,2,3,11,12,8,3,4,8,7,14,5,11,14,6,0,9,11,1,7,14,2,3,27,26,22,2,1,11,10,33,0,1,0,0,19,8,3,0,2,9,10,10,14,4,18,11,6,3,14,3,9,0,0,10,7,0,3,3,0,5,0,6,6,8,7,2,15,3,25,21,10,7,13,12,14,15,3,12,4,12,1,5,10,4,8,9,9,8,5,14,3,5,9,9,2,11,3,14,8,6,12,0,4,14,7,7,3,8,11,9,5,11,3,14,1,27,2,2,10,1,26,11,22,0,19,0,0,1,33,8,3
Igbp1,3,13,2,0,2,3,0,2,2,3,6,0,0,4,6,6,2,7,3,3,3,2,0,0,8,0,0,6,2,3,6,5,0,2,5,8,5,12,1,0,3,0,6,1,3,0,6,1,3,0,1,0,4,0,12,0,0,5,9,6,7,5,4,2,0,0,2,6,0,5,0,0,5,1,2,8,5,5,0,6,0,12,0,0,3,0,3,0,5,0,4,0,0,4,2,3,4,3,0,0,2,2,3,13,2,0,3,6,6,0,3,2,6,7,0,0,5,2,0,0,3,0,6,6,8,5,2,1,12,8,5,2,3,0,3,3,1,0,1,0,0,4,6,1,0,6,12,0,3,0,0,5,6,9,5,5,0,7,0,2,2,0,8,4,0,0,5,6,1,0,5,2,6,0,5,0,0,0,3,12,0,0,4,0,5,3,0,4
Immt,5,0,17,3,0,4,6,9,14,12,6,1,8,11,17,10,0,0,10,2,12,5,6,6,11,0,9,10,8,0,17,3,9,10,15,2,2,24,26,18,0,0,18,4,15,8,6,20,6,12,8,40,0,11,8,7,0,12,5,8,11,10,5,0,49,10,6,16,0,21,5,6,20,12,8,6,4,19,7,11,2,20,6,8,13,4,10,12,8,2,15,13,3,1,0,5,11,12,3,6,9,14,10,0,0,8,2,10,6,1,4,17,17,0,9,0,3,5,9,6,12,6,10,17,11,15,8,26,24,2,2,10,0,18,15,0,8,40,20,8,7,0,18,4,12,6,8,0,6,11,0,12,8,5,21,10,5,11,6,0,6,10,6,5,49,0,20,16,12,7,4,8,11,6,19,4,8,2,13,20,2,13,15,12,8,10,3,1
Ing2,0,0,1,1,0,0,0,8,2,0,4,5,0,2,0,2,0,0,4,4,7,0,1,0,0,0,7,4,0,0,0,0,0,0,4,0,0,7,0,0,0,0,0,0,0,0,0,0,4,0,8,0,0,0,6,0,0,0,1,0,0,0,0,0,8,6,0,0,0,2,4,5,0,4,0,2,0,7,0,0,0,0,0,5,0,0,4,0,1,0,0,7,5,1,0,0,2,0,1,0,8,2,4,0,0,0,4,2,4,5,0,1,0,0,7,0,0,0,0,0,7,1,4,0,0,4,0,0,7,0,0,0,0,0,0,0,8,0,0,0,0,0,0,0,0,0,6,0,4,0,0,0,0,1,2,0,4,0,5,0,0,6,2,0,8,0,0,0,4,0,0,0,0,0,7,0,5,0,0,0,0,7,0,0,1,4,5,1
Itga6,0,0,0,9,0,0,3,0,8,4,0,0,0,5,0,5,4,0,3,0,0,0,9,0,0,0,3,3,0,0,19,5,0,0,0,0,0,0,0,0,0,0,0,0,0,4,2,0,0,0,4,15,0,5,1,0,10,0,4,13,9,0,6,0,0,0,0,0,0,11,0,9,9,0,0,0,12,4,0,1,8,5,0,0,7,0,0,0,3,8,1,2,8,1,4,0,5,4,9,3,0,8,3,0,0,0,0,5,0,0,0,0,0,0,3,0,5,0,0,0,0,9,3,19,0,0,0,0,0,0,0,0,0,0,0,0,4,15,0,4,0,0,0,0,0,2,1,0,0,5,10,0,13,4,11,0,0,9,9,0,0,0,0,6,0,0,9,0,0,0,12,0,1,0,4,0,0,8,7,5,8,2,1,0,3,0,8,1
Itm2b,3,10,6,2,3,4,0,7,2,4,1,0,1,7,6,4,4,0,5,3,8,3,0,5,0,0,4,0,3,6,3,1,3,6,4,6,2,4,5,0,15,0,1,7,1,0,8,4,3,4,0,3,6,6,1,3,0,2,4,4,4,13,1,3,6,7,1,4,6,0,8,2,5,4,1,6,0,9,7,6,5,7,9,0,6,0,0,4,0,3,2,3,10,3,4,3,7,4,2,0,7,2,5,10,3,1,3,4,1,0,4,6,6,0,4,0,1,3,3,5,8,0,0,3,0,4,3,5,4,6,2,6,6,0,1,15,0,3,4,0,3,6,1,7,4,8,1,0,3,6,0,2,4,4,0,13,8,4,2,3,1,7,6,1,6,6,5,4,4,7,0,1,6,9,9,0,0,5,6,7,3,3,2,4,0,0,10,3
Itpk1,3,0,2,0,2,6,5,0,5,5,8,0,6,5,0,4,3,10,2,0,6,4,3,3,11,5,3,8,0,7,6,3,0,13,6,4,9,26,1,0,0,7,12,0,3,6,10,10,2,8,3,10,1,6,4,1,5,5,6,1,1,4,1,4,7,4,3,6,0,8,2,11,3,8,3,10,7,6,2,1,8,9,1,1,5,0,9,9,4,4,10,7,2,1,3,3,5,5,0,5,0,5,2,0,2,6,0,4,8,0,6,2,0,10,3,5,3,4,0,3,6,3,8,6,11,6,0,1,26,4,9,13,7,0,3,0,3,10,10,6,1,1,12,0,8,10,4,7,2,6,5,5,1,6,8,4,2,1,11,4,3,4,10,1,7,0,3,6,8,2,7,3,1,1,6,0,1,8,5,9,4,7,10,9,4,9,2,1
Kcmf1,0,0,7,0,0,6,0,10,0,0,0,0,0,0,0,0,0,0,1,0,2,5,0,0,0,0,0,4,2,0,5,10,0,7,0,3,0,0,0,3,4,0,3,0,0,0,0,0,5,11,0,0,1,2,0,0,0,8,0,0,0,0,0,0,0,0,0,0,0,6,0,0,6,0,6,0,0,0,0,3,1,6,0,0,8,0,2,1,2,0,0,0,8,0,0,0,0,0,0,0,10,0,1,0,0,0,0,0,0,0,6,7,0,0,0,0,10,5,0,0,2,0,4,5,0,0,2,0,0,3,0,7,0,3,0,4,0,0,0,0,0,1,3,0,11,0,0,0,5,2,0,8,0,0,6,0,0,0,0,0,0,0,0,0,0,0,6,0,0,0,0,6,3,0,0,0,0,1,8,6,0,0,0,1,2,2,8,0
Kcnq1ot1,0,0,0,0,0,0,0,14,0,0,0,0,0,0,40,18,0,0,0,0,0,0,0,0,0,10,0,17,0,0,0,0,0,0,0,29,0,5,29,0,0,0,0,0,0,0,13,0,0,0,0,0,0,30,0,0,0,0,0,0,0,7,0,0,0,0,0,0,0,0,0,0,0,11,0,0,0,0,0,22,0,0,0,0,20,0,0,0,0,0,0,0,0,0,0,0,0,0,0,0,14,0,0,0,0,0,0,18,0,0,0,0,40,0,0,10,0,0,0,0,0,0,17,0,0,0,0,29,5,29,0,0,0,0,0,0,0,0,0,0,0,0,0,0,0,13,0,0,0,30,0,0,0,0,0,7,0,0,0,0,0,0,0,0,0,0,0,0,11,0,0,0,22,0,0,0,0,0,20,0,0,0,0,0,0,0,0,0
Kdm2b,15,0,0,0,0,0,0,8,0,5,11,0,0,0,1,12,0,15,0,8,0,0,0,4,0,0,0,0,0,0,0,0,0,17,0,0,0,0,0,0,0,0,13,0,0,0,0,0,0,7,0,0,23,0,0,0,0,0,0,0,6,5,0,0,0,0,0,0,0,0,0,13,0,17,0,0,0,0,0,0,0,0,0,0,0,1,0,3,0,0,0,0,0,0,0,15,0,5,0,0,8,0,0,0,0,0,8,12,11,0,0,0,1,15,0,0,0,0,0,4,0,0,0,0,0,0,0,0,0,0,0,17,0,0,0,0,0,0,0,0,0,23,13,0,7,0,0,0,0,0,0,0,0,0,0,5,0,6,13,0,0,0,0,0,0,0,0,0,17,0,0,0,0,0,0,1,0,0,0,0,0,0,0,3,0,0,0,0
Khdrbs1,2,0,0,1,1,0,1,0,4,1,4,3,0,0,3,0,0,0,0,0,1,0,0,0,7,0,3,0,0,0,4,0,0,4,3,0,0,3,0,0,0,0,0,2,6,0,6,0,2,5,0,0,3,4,0,0,0,3,2,1,0,2,0,0,6,0,0,0,0,1,5,0,7,5,0,5,9,1,0,3,0,3,0,0,0,0,0,1,0,0,0,0,0,0,0,2,0,1,1,1,0,4,0,0,1,0,0,0,4,3,0,0,3,0,3,0,0,0,0,0,1,0,0,4,7,3,0,0,3,0,0,4,0,0,6,0,0,0,0,0,0,3,0,2,5,6,0,0,2,4,0,3,1,2,1,2,5,0,0,0,0,0,5,0,6,0,7,0,5,0,9,0,3,0,1,0,0,0,0,3,0,0,0,1,0,0,0,0
Kif22,8,0,2,3,0,5,1,4,14,4,4,1,0,6,10,10,9,7,14,0,4,1,0,0,14,0,3,4,2,4,2,8,5,11,9,6,5,10,3,7,0,4,3,4,3,1,6,5,0,15,8,12,8,20,3,7,1,7,5,3,14,1,0,6,18,5,6,9,0,12,6,0,12,5,5,4,4,10,2,2,11,5,15,2,13,0,4,0,4,1,5,14,0,0,9,8,6,4,3,1,4,14,14,0,0,0,0,10,4,1,5,2,10,7,3,0,8,1,5,0,4,0,4,2,14,9,2,3,10,6,5,11,4,7,3,0,8,12,5,1,7,8,3,4,15,6,3,4,0,20,1,7,3,5,12,1,6,14,0,6,6,5,4,0,18,0,12,9,5,2,4,5,2,15,10,0,2,11,13,5,1,14,5,0,4,4,0,0
Kifap3,0,0,1,1,0,5,1,0,6,2,0,9,5,4,0,2,6,7,10,0,0,2,0,0,3,0,3,3,0,0,6,4,7,7,0,2,3,7,5,1,0,2,4,6,3,0,7,4,3,10,18,1,5,15,6,0,0,0,8,10,17,4,0,1,13,7,5,4,9,2,6,0,4,0,2,2,10,6,7,4,2,10,5,0,0,2,8,0,3,3,4,1,1,3,6,0,4,2,1,1,0,6,10,0,0,5,0,2,0,9,5,1,0,7,3,0,4,2,7,0,0,0,3,6,3,0,0,5,7,2,3,7,0,1,3,0,18,1,4,0,0,5,4,6,10,7,6,2,3,15,0,0,10,8,2,4,6,17,0,1,5,7,2,0,13,9,4,4,0,7,10,2,4,5,6,2,0,2,0,10,3,1,4,0,3,8,1,3
Klf9,0,0,0,0,0,0,0,0,0,0,0,0,0,0,0,3,9,6,7,0,0,0,0,0,6,0,0,0,9,0,0,0,0,13,0,0,0,8,0,9,1,0,1,0,0,0,14,0,0,0,0,0,0,0,0,8,0,0,0,10,0,8,0,0,0,0,3,0,5,0,8,0,2,0,0,5,0,0,0,3,10,5,0,0,4,0,5,0,0,0,0,0,2,1,9,0,0,0,0,0,0,0,7,0,0,0,0,3,0,0,0,0,0,6,0,0,0,0,0,0,0,0,0,0,6,0,9,0,8,0,0,13,0,9,0,1,0,0,0,0,8,0,1,0,0,14,0,0,0,0,0,0,10,0,0,8,8,0,0,0,3,0,5,0,0,5,2,0,0,0,0,0,3,0,0,0,0,10,4,5,0,0,0,0,0,5,2,1
Kpna3,1,3,0,2,2,4,0,5,7,6,0,1,0,1,0,0,0,1,2,0,5,5,0,0,0,0,8,0,0,0,0,0,0,0,0,0,0,9,0,6,0,0,0,1,2,0,3,0,0,0,2,0,3,0,0,0,0,0,0,2,5,5,1,1,6,4,0,3,0,0,5,0,6,6,4,6,0,0,0,0,0,3,0,0,0,0,0,0,2,0,0,0,5,0,0,1,1,6,2,0,5,7,2,3,2,0,0,0,0,1,4,0,0,1,8,0,0,5,0,0,5,0,0,0,0,0,0,0,9,0,0,0,0,6,2,0,2,0,0,0,0,3,0,1,0,3,0,0,0,0,0,0,2,0,0,5,5,5,0,1,0,4,6,1,6,0,6,3,6,0,0,4,0,0,0,0,0,0,0,3,0,0,0,0,2,0,5,0
Kpna6,0,0,0,11,0,0,0,10,10,0,8,9,4,9,9,0,6,8,10,2,6,2,0,2,0,0,0,4,0,0,8,6,0,0,0,0,0,5,1,9,0,0,0,3,9,6,16,0,0,0,15,0,0,0,0,6,5,0,0,0,0,11,4,0,7,8,0,14,0,13,8,0,7,3,0,12,10,0,0,0,0,0,0,0,0,0,0,8,0,12,0,0,0,0,6,0,9,0,11,0,10,10,10,0,0,4,2,0,8,9,0,0,9,8,0,0,6,2,0,2,6,0,4,8,0,0,0,1,5,0,0,0,0,9,9,0,15,0,0,6,6,0,0,3,0,16,0,0,0,0,5,0,0,0,13,11,8,0,0,0,0,8,12,4,7,0,7,14,3,0,10,0,0,0,0,0,0,0,0,0,12,0,0,8,0,0,0,0
Kpnb1,14,0,19,22,0,39,13,2,27,36,14,28,4,31,19,22,23,21,18,5,22,28,10,24,20,0,7,27,23,14,11,2,17,19,8,18,23,27,9,28,9,0,44,22,18,18,29,42,31,48,41,18,18,25,23,4,9,11,30,14,21,18,7,14,55,39,8,25,13,19,14,11,54,26,24,27,10,26,4,30,6,15,33,6,30,17,31,22,18,7,24,9,29,15,23,14,31,36,22,13,2,27,18,0,0,4,5,22,14,28,39,19,19,21,7,0,2,28,17,24,22,10,27,11,20,8,23,9,27,18,23,19,14,28,18,9,41,18,42,18,4,18,44,22,48,29,23,0,31,25,9,11,14,30,19,18,14,21,11,14,8,39,27,7,55,13,54,25,26,4,10,24,30,33,26,17,6,6,30,15,7,9,24,22,18,31,29,15
Kras,0,0,0,9,0,8,0,0,0,10,12,0,0,4,0,3,0,0,5,10,6,4,0,0,4,0,6,7,5,5,5,1,6,4,3,3,0,0,0,7,16,2,1,2,0,4,9,1,3,8,5,13,3,1,0,2,2,0,2,0,2,6,2,0,2,2,0,3,3,8,10,11,12,0,1,3,6,9,0,2,8,7,0,0,10,0,4,3,0,0,0,7,4,8,0,0,4,10,9,0,0,0,5,0,0,0,10,3,12,0,8,0,0,0,6,0,1,4,6,0,6,0,7,5,4,3,5,0,0,3,0,4,5,7,0,16,5,13,1,4,2,3,1,2,8,9,0,2,3,1,2,0,0,2,8,6,10,2,11,0,0,2,3,2,2,3,12,3,0,0,6,1,2,0,9,0,0,8,10,7,0,7,0,3,0,4,4,8
Lage3,4,7,10,4,0,10,8,8,9,7,5,3,6,5,5,12,9,11,5,7,11,5,1,4,3,1,10,9,7,2,3,6,4,9,1,4,0,29,8,4,7,1,8,1,5,9,4,10,7,14,6,17,0,19,3,7,5,5,12,1,14,7,14,4,0,8,4,19,11,14,17,3,12,11,3,5,7,5,11,5,13,4,12,3,8,0,10,3,6,7,4,7,12,15,9,4,5,7,4,8,8,9,5,7,0,6,7,12,5,3,10,10,5,11,10,1,6,5,4,4,11,1,9,3,3,1,7,8,29,4,0,9,2,4,5,7,6,17,10,9,7,0,8,1,14,4,3,1,7,19,5,5,1,12,14,7,17,14,3,4,4,8,5,14,0,11,12,19,11,11,7,3,5,12,5,0,3,13,8,4,7,7,4,3,6,10,12,15
Lap3,4,12,10,8,8,6,12,26,14,21,2,32,8,28,0,11,20,17,17,4,9,11,30,12,14,0,7,32,6,23,10,17,6,19,10,12,16,31,12,9,4,13,21,7,13,1,22,10,16,19,19,21,7,33,14,15,7,23,11,8,13,9,6,17,14,25,18,16,15,14,22,6,11,17,20,20,18,35,22,21,9,13,2,2,10,2,25,4,9,0,5,25,7,1,20,4,28,21,8,12,26,14,17,12,8,8,4,11,2,32,6,10,0,17,7,0,17,11,6,12,9,30,32,10,14,10,6,12,31,12,16,19,23,9,13,4,19,21,10,1,15,7,21,7,19,22,14,13,16,33,7,23,8,11,14,9,22,13,6,17,18,25,20,6,14,15,11,16,17,22,18,20,21,2,35,2,2,9,10,13,0,25,5,4,9,25,7,1
Larp4,0,0,0,6,0,3,0,18,0,9,17,9,0,3,0,0,0,6,9,4,10,0,0,0,6,0,0,8,12,0,0,0,5,15,10,6,0,6,5,0,0,0,0,0,5,0,11,0,0,6,8,0,10,17,0,11,13,0,1,7,9,8,0,0,0,19,2,0,0,2,0,0,11,12,3,0,2,5,13,0,9,5,10,10,11,0,0,3,0,0,0,4,0,0,0,0,3,9,6,0,18,0,9,0,0,0,4,0,17,9,3,0,0,6,0,0,0,0,5,0,10,0,8,0,6,10,12,5,6,6,0,15,0,0,5,0,8,0,0,0,11,10,0,0,6,11,0,0,0,17,13,0,7,1,2,8,0,9,0,0,2,19,0,0,0,0,11,0,12,13,2,3,0,10,5,0,10,9,11,5,0,4,0,3,0,0,0,0
Lars2,3,8,0,0,0,4,7,3,0,5,0,0,0,0,0,0,0,0,0,0,0,0,0,0,0,0,0,4,0,0,4,0,0,0,4,5,0,0,0,4,0,0,3,0,0,0,4,0,1,0,0,0,0,0,0,0,0,0,0,0,14,0,5,0,4,0,0,0,0,7,0,0,11,0,0,4,0,0,0,9,0,4,2,0,0,0,0,0,0,0,0,0,12,2,0,3,0,5,0,7,3,0,0,8,0,0,0,0,0,0,4,0,0,0,0,0,0,0,0,0,0,0,4,4,0,4,0,0,0,5,0,0,0,4,0,0,0,0,0,0,0,0,3,0,0,4,0,0,1,0,0,0,0,0,7,0,0,14,0,0,0,0,4,5,4,0,11,0,0,0,0,0,9,2,0,0,0,0,0,4,0,0,0,0,0,0,12,2
Ldha,2,30,32,0,7,9,28,62,55,45,46,65,19,58,5,12,19,45,70,32,38,54,0,19,31,0,42,62,17,8,28,6,49,48,35,52,17,53,2,34,24,21,37,23,16,27,41,35,33,27,58,32,17,66,12,6,27,41,35,20,47,20,4,12,42,77,46,56,23,18,7,16,70,39,2,38,25,53,2,20,20,24,50,0,21,12,36,28,51,37,32,30,32,23,19,2,58,45,0,28,62,55,70,30,7,19,32,12,46,65,9,32,5,45,42,0,6,54,49,19,38,0,62,28,31,35,17,2,53,52,17,48,8,34,16,24,58,32,35,27,6,17,37,23,27,41,12,21,33,66,27,41,20,35,18,20,7,47,16,12,46,77,38,4,42,23,70,56,39,2,25,2,20,50,53,12,0,20,21,24,37,30,32,28,51,36,32,23
Leo1,0,0,2,6,2,6,2,8,0,0,4,4,2,7,0,2,6,10,3,0,2,5,4,4,0,10,1,8,6,1,3,4,3,0,7,7,4,9,1,1,0,2,2,0,5,2,8,4,5,0,1,4,0,6,3,5,0,1,2,1,18,7,1,0,3,4,2,4,6,1,4,5,2,8,0,5,2,13,6,3,3,7,0,3,4,0,7,4,4,5,4,4,2,3,6,0,7,0,6,2,8,0,3,0,2,2,0,2,4,4,6,2,0,10,1,10,4,5,3,4,2,4,8,3,0,7,6,1,9,7,4,0,1,1,5,0,1,4,4,2,5,0,2,0,0,8,3,2,5,6,0,1,1,2,1,7,4,18,5,0,2,4,5,1,3,6,2,4,8,6,2,0,3,0,13,0,3,3,4,7,5,4,4,4,4,7,2,3
Lhpp,2,1,0,3,0,4,3,10,4,2,2,5,2,8,0,4,3,9,12,0,5,2,3,3,9,0,3,8,0,4,3,0,3,3,0,0,5,6,3,1,0,5,6,0,3,4,6,0,5,12,5,3,1,7,0,1,1,2,8,1,10,4,0,0,3,12,2,4,0,3,6,4,2,8,1,3,0,7,0,7,3,5,3,0,1,0,0,0,1,0,7,0,4,0,3,2,8,2,3,3,10,4,12,1,0,2,0,4,2,5,4,0,0,9,3,0,0,2,3,3,5,3,8,3,9,0,0,3,6,0,5,3,4,1,3,0,5,3,0,4,1,1,6,0,12,6,0,5,5,7,1,2,1,8,3,4,6,10,4,0,2,12,3,0,3,0,2,4,8,0,0,1,7,3,7,0,0,3,1,5,0,0,7,0,1,0,4,0
Lmnb2,3,0,0,2,0,1,0,10,2,2,0,5,1,2,4,8,3,0,8,4,4,5,0,4,4,0,4,8,0,1,2,2,1,5,2,2,5,1,0,7,4,0,5,7,2,4,0,0,2,4,4,3,2,6,0,1,3,3,3,1,2,6,3,2,5,4,6,2,1,3,0,1,5,1,0,4,0,4,5,4,1,3,6,3,2,3,0,8,2,1,0,6,2,1,3,3,2,2,2,0,10,2,8,0,0,1,4,8,0,5,1,0,4,0,4,0,2,5,1,4,4,0,8,2,4,2,0,0,1,2,5,5,1,7,2,4,4,3,0,4,1,2,5,7,4,0,0,0,2,6,3,3,1,3,3,6,0,2,1,2,6,4,4,3,5,1,5,2,1,5,0,0,4,6,4,3,3,1,2,3,1,6,0,8,2,0,2,1
Lrpprc,2,3,3,6,0,3,1,7,4,6,4,0,1,0,3,2,1,1,8,3,3,4,2,3,5,0,5,2,0,1,3,0,3,3,5,6,0,7,4,2,3,1,0,0,5,0,4,1,0,16,3,4,2,9,0,0,0,5,2,0,2,4,4,3,6,6,7,4,0,4,3,3,6,3,0,4,2,1,5,1,3,6,2,2,5,0,0,2,1,8,0,4,0,2,1,2,0,6,6,1,7,4,8,3,0,1,3,2,4,0,3,3,3,1,5,0,0,4,3,3,3,2,2,3,5,5,0,4,7,6,0,3,1,2,5,3,3,4,1,0,0,2,0,0,16,4,0,1,0,9,0,5,0,2,4,4,3,2,3,3,7,6,4,4,6,0,6,4,3,5,2,0,1,2,1,0,2,3,5,6,8,4,0,2,1,0,0,2
Lsg1,0,4,4,6,0,7,1,2,11,0,0,5,0,3,0,3,12,0,5,5,2,0,0,0,5,0,0,4,5,1,0,1,6,5,2,4,0,14,6,0,2,0,4,6,2,10,6,6,2,0,7,6,2,8,0,8,0,9,0,0,0,5,0,8,8,17,1,10,0,9,8,0,9,0,2,3,1,8,16,0,3,5,1,0,3,0,3,0,8,12,6,9,4,0,12,0,3,0,6,1,2,11,5,4,0,0,5,3,0,5,7,4,0,0,0,0,1,0,6,0,2,0,4,0,5,2,5,6,14,4,0,5,1,0,2,2,7,6,6,10,8,2,4,6,0,6,0,0,2,8,0,9,0,0,9,5,8,0,0,8,1,17,3,0,8,0,9,10,0,16,1,2,0,1,8,0,0,3,3,5,12,9,6,0,8,3,4,0
Lsm3,6,0,11,2,2,4,2,16,20,14,8,0,8,11,28,8,3,0,18,7,10,7,10,4,5,0,4,12,9,4,3,6,9,10,5,2,10,24,14,13,4,8,18,9,7,12,15,44,4,23,12,18,4,10,1,13,6,31,7,6,14,9,9,4,23,17,3,11,13,6,12,1,29,21,3,8,12,19,5,3,2,18,7,1,12,0,19,9,20,9,7,12,23,1,3,6,11,14,2,2,16,20,18,0,2,8,7,8,8,0,4,11,28,0,4,0,6,7,9,4,10,10,12,3,5,5,9,14,24,2,10,10,4,13,7,4,12,18,44,12,13,4,18,9,23,15,1,8,4,10,6,31,6,7,6,9,12,14,1,4,3,17,8,9,23,13,29,11,21,5,12,3,3,7,19,0,1,2,12,18,9,12,7,9,20,19,23,1
Luc7l3,0,0,0,0,14,0,6,3,0,0,0,0,0,0,0,0,0,0,14,9,11,0,0,18,8,0,8,0,0,10,6,0,0,0,0,0,12,0,0,15,0,4,0,0,0,0,0,0,0,0,0,0,0,0,0,0,0,0,0,8,1,7,11,0,0,0,0,9,0,0,8,7,17,21,4,0,0,0,17,0,0,0,0,13,0,0,0,0,0,0,0,0,0,0,0,0,0,0,0,6,3,0,14,0,14,0,9,0,0,0,0,0,0,0,8,0,0,0,0,18,11,0,0,6,8,0,0,0,0,0,12,0,10,15,0,0,0,0,0,0,0,0,0,0,0,0,0,4,0,0,0,0,8,0,0,7,8,1,7,0,0,0,0,11,0,0,17,9,21,17,0,4,0,0,0,0,13,0,0,0,0,0,0,0,0,0,0,0
Luzp1,0,0,4,2,0,0,1,0,8,0,0,0,0,10,0,9,4,0,0,0,1,2,0,0,9,0,0,6,0,0,0,0,0,0,0,8,0,6,0,4,0,0,4,1,4,0,0,0,2,3,6,0,6,1,2,0,0,0,2,4,3,0,6,2,2,0,1,2,0,1,6,4,5,4,0,5,0,3,0,5,4,0,0,0,0,0,0,0,7,0,0,0,0,0,4,0,10,0,2,1,0,8,0,0,0,0,0,9,0,0,0,4,0,0,0,0,0,2,0,0,1,0,6,0,9,0,0,0,6,8,0,0,0,4,4,0,6,0,0,0,0,6,4,1,3,0,2,0,2,1,0,0,4,2,1,0,6,3,4,2,1,0,5,6,2,0,5,2,4,0,0,0,5,0,3,0,0,4,0,0,0,0,0,0,7,0,0,0
Lyar,5,4,9,15,0,4,12,8,17,5,13,9,0,11,0,13,4,9,16,2,10,9,1,5,27,0,6,16,0,7,15,1,1,13,9,9,3,23,10,4,0,2,8,12,3,4,12,14,1,24,2,15,5,16,3,1,3,12,6,10,9,13,13,1,14,20,11,9,2,17,8,2,13,18,0,9,5,17,9,6,6,11,0,8,22,0,12,9,17,0,13,8,10,0,4,5,11,5,15,12,8,17,16,4,0,0,2,13,13,9,4,9,0,9,6,0,1,9,1,5,10,1,16,15,27,9,0,10,23,9,3,13,7,4,3,0,2,15,14,4,1,5,8,12,24,12,3,2,1,16,3,12,10,6,17,13,8,9,2,1,11,20,9,13,14,2,13,9,18,9,5,0,6,0,17,0,8,6,22,11,0,8,13,9,17,12,10,0
Maea,5,2,7,1,4,0,0,0,1,10,5,8,12,0,4,6,0,0,0,0,8,0,0,3,6,0,0,0,9,4,0,0,0,0,5,0,0,0,5,0,0,4,0,0,0,5,2,0,9,0,5,0,0,17,0,4,5,0,12,0,3,4,0,0,0,4,0,2,5,11,6,3,11,0,5,3,0,3,0,18,2,10,0,10,0,0,0,0,0,0,1,10,0,8,0,5,0,10,1,0,0,1,0,2,4,12,0,6,5,8,0,7,4,0,0,0,0,0,0,3,8,0,0,0,6,5,9,5,0,0,0,0,4,0,0,0,5,0,0,5,4,0,0,0,0,2,0,4,9,17,5,0,0,12,11,4,6,3,3,0,0,4,3,0,0,5,11,2,0,0,0,5,18,0,3,0,10,2,0,10,0,10,1,0,0,0,0,8
Magoh,5,2,8,7,2,1,4,2,12,7,10,4,0,6,4,0,4,14,4,2,7,11,8,0,8,0,5,5,0,0,5,3,0,2,3,4,4,15,2,9,0,2,3,0,10,0,8,10,2,9,3,5,9,8,1,0,0,15,3,4,11,4,0,0,3,11,2,10,3,6,5,2,9,5,2,12,4,8,5,0,8,0,1,0,12,4,8,6,9,8,7,1,3,4,4,5,6,7,7,4,2,12,4,2,2,0,2,0,10,4,1,8,4,14,5,0,3,11,0,0,7,8,5,5,8,3,0,2,15,4,4,2,0,9,10,0,3,5,10,0,0,9,3,0,9,8,1,2,2,8,0,15,4,3,6,4,5,11,2,0,2,11,12,0,3,3,9,10,5,5,4,2,0,1,8,4,0,8,12,0,8,1,7,6,9,8,3,4
Mapk1,0,3,2,0,0,0,7,4,8,2,7,6,3,5,0,10,0,4,4,5,7,2,9,6,2,0,2,11,0,6,0,3,1,3,2,9,1,7,7,5,2,2,0,2,6,0,3,11,0,10,10,7,4,6,9,6,0,11,0,1,6,5,2,6,3,5,5,2,0,6,5,8,4,7,2,5,6,1,3,7,1,7,0,3,7,0,3,3,3,5,3,0,2,1,0,0,5,2,0,7,4,8,4,3,0,3,5,10,7,6,0,2,0,4,2,0,3,2,1,6,7,9,11,0,2,2,0,7,7,9,1,3,6,5,6,2,10,7,11,0,6,4,0,2,10,3,9,2,0,6,0,11,1,0,6,5,5,6,8,6,5,5,5,2,3,0,4,2,7,3,6,2,7,0,1,0,3,1,7,7,5,0,3,3,3,3,2,1
Mapre1,1,5,0,4,0,2,1,5,10,4,5,5,2,2,3,2,3,4,5,2,5,7,5,4,10,1,7,2,6,0,5,2,10,4,3,7,0,5,9,17,3,3,7,9,5,1,3,6,2,0,2,6,0,2,3,4,0,9,6,4,7,5,0,5,19,6,3,2,0,10,9,1,15,13,1,6,0,7,5,9,12,0,10,0,9,0,1,0,0,5,2,4,2,10,3,1,2,4,4,1,5,10,5,5,0,2,2,2,5,5,2,0,3,4,7,1,2,7,10,4,5,5,2,5,10,3,6,9,5,7,0,4,0,17,5,3,2,6,6,1,4,0,7,9,0,3,3,3,2,2,0,9,4,6,10,5,9,7,1,5,3,6,6,0,19,0,15,2,13,5,0,1,9,10,7,0,0,12,9,0,5,4,2,0,0,1,2,10
Matr3,3,0,0,0,0,0,2,12,8,18,0,2,0,10,2,0,6,2,3,0,16,3,0,7,17,0,0,6,0,6,12,0,0,0,2,5,0,7,0,0,0,0,11,3,0,0,4,5,0,2,6,0,0,0,0,11,4,10,0,0,9,2,0,0,0,0,8,6,0,0,0,0,6,9,4,6,3,5,5,10,0,4,6,10,11,4,8,0,8,2,5,7,0,0,6,3,10,18,0,2,12,8,3,0,0,0,0,0,0,2,0,0,2,2,0,0,0,3,0,7,16,0,6,12,17,2,0,0,7,5,0,0,6,0,0,0,6,0,5,0,11,0,11,3,2,4,0,0,0,0,4,10,0,0,0,2,0,9,0,0,8,0,6,0,0,0,6,6,9,5,3,4,10,6,5,4,10,0,11,4,2,7,5,0,8,8,0,0
Mcl1,2,8,4,2,0,6,7,2,0,11,4,0,0,11,9,5,1,4,4,2,11,9,3,2,1,0,0,0,3,0,6,4,8,3,4,10,5,11,11,14,3,0,5,5,0,11,14,9,5,8,10,6,1,9,14,8,3,13,10,2,20,7,7,0,0,1,13,0,0,4,6,18,9,7,4,5,14,7,4,8,4,3,0,0,10,11,6,2,2,4,8,5,0,1,1,2,11,11,2,7,2,0,4,8,0,0,2,5,4,0,6,4,9,4,0,0,4,9,8,2,11,3,0,6,1,4,3,11,11,10,5,3,0,14,0,3,10,6,9,11,8,1,5,5,8,14,14,0,5,9,3,13,2,10,4,7,6,20,18,0,13,1,5,7,0,0,9,0,7,4,14,4,8,0,7,11,0,4,10,3,4,5,8,2,2,6,0,1
Med17,0,3,0,3,0,1,0,0,5,1,3,7,2,4,0,0,7,0,0,3,0,9,0,7,7,0,0,3,9,4,0,5,0,0,0,0,1,7,6,0,6,0,5,5,3,6,0,3,0,4,0,5,2,1,0,7,4,0,0,6,2,4,0,0,0,4,0,0,0,0,1,2,3,4,0,7,3,9,7,0,0,2,1,2,0,0,0,0,0,2,0,13,0,1,7,0,4,1,3,0,0,5,0,3,0,2,3,0,3,7,1,0,0,0,0,0,5,9,0,7,0,0,3,0,7,0,9,6,7,0,1,0,4,0,3,6,0,5,3,6,7,2,5,5,4,0,0,0,0,1,4,0,6,0,0,4,1,2,2,0,0,4,7,0,0,0,3,0,4,7,3,0,0,1,9,0,2,0,0,2,2,13,0,0,0,0,0,1
Metap2,6,12,9,2,4,16,10,14,13,8,10,23,7,11,11,4,8,19,15,0,19,15,0,11,27,0,4,26,3,2,11,8,0,18,8,18,16,47,9,26,13,0,32,8,18,11,20,2,6,25,8,18,8,1,13,12,15,13,4,9,37,5,14,12,11,19,15,12,3,11,36,14,42,17,6,7,3,36,12,7,5,3,8,8,4,0,6,11,22,14,16,8,3,6,8,6,11,8,2,10,14,13,15,12,4,7,0,4,10,23,16,9,11,19,4,0,8,15,0,11,19,0,26,11,27,8,3,9,47,18,16,18,2,26,18,13,8,18,2,11,12,8,32,8,25,20,13,0,6,1,15,13,9,4,11,5,36,37,14,12,15,19,7,14,11,3,42,12,17,12,3,6,7,8,36,0,8,5,4,3,14,8,16,11,22,6,3,6
Mitf,0,0,0,0,0,1,0,6,0,1,1,2,3,5,0,2,0,0,3,1,0,3,0,2,2,0,0,0,0,0,2,1,0,0,0,10,0,4,0,0,0,0,2,2,0,4,0,1,0,1,0,5,1,7,0,2,0,1,0,0,2,0,3,2,0,4,4,2,0,0,5,4,3,1,0,4,7,4,0,2,0,5,3,0,0,0,5,0,1,0,6,5,0,0,0,0,5,1,0,0,6,0,3,0,0,3,1,2,1,2,1,0,0,0,0,0,1,3,0,2,0,0,0,2,2,0,0,0,4,10,0,0,0,0,0,0,0,5,1,4,2,1,2,2,1,0,0,0,0,7,0,1,0,0,0,0,5,2,4,2,4,4,4,3,0,0,3,2,1,0,7,0,2,3,4,0,0,0,0,5,0,5,6,0,1,5,0,0
Mki67,1,0,6,0,0,7,0,7,6,10,11,6,3,8,0,4,0,7,2,4,2,5,3,2,1,0,5,12,4,2,6,5,0,7,7,12,3,1,4,2,0,2,5,3,0,10,4,20,0,9,9,2,3,7,0,3,2,12,5,0,2,4,6,3,18,20,13,3,0,3,4,0,15,1,0,7,1,8,3,9,7,0,0,0,5,0,6,2,0,0,3,1,4,0,0,1,8,10,0,0,7,6,2,0,0,3,4,4,11,6,7,6,0,7,5,0,5,5,0,2,2,3,12,6,1,7,4,4,1,12,3,7,2,2,0,0,9,2,20,10,3,3,5,3,9,4,0,2,0,7,2,12,0,5,3,4,4,2,0,3,13,20,7,6,18,0,15,3,1,3,1,0,9,0,8,0,0,7,5,0,0,1,3,2,0,6,4,0
Mkrn1,16,0,7,2,5,12,11,29,12,20,32,19,17,29,9,19,27,24,28,2,35,11,13,18,21,0,28,9,18,9,18,5,22,32,12,13,12,21,2,30,7,10,6,9,28,16,19,46,9,33,22,30,13,17,17,35,2,23,9,19,25,3,0,19,20,11,10,9,13,14,16,8,33,23,14,15,39,23,8,17,17,40,25,7,14,12,40,27,22,41,12,21,11,0,27,16,29,20,2,11,29,12,28,0,5,17,2,19,32,19,12,7,9,24,28,0,5,11,22,18,35,13,9,18,21,12,18,2,21,13,12,32,9,30,28,7,22,30,46,16,35,13,6,9,33,19,17,10,9,17,2,23,19,9,14,3,16,25,8,19,10,11,15,0,20,13,33,9,23,8,39,14,17,25,23,12,7,17,14,40,41,21,12,27,22,40,11,0
Mmachc,2,0,0,0,1,0,0,0,3,0,5,3,0,7,1,2,0,0,3,0,0,3,0,0,0,0,0,8,0,0,0,4,0,5,0,0,1,7,4,0,0,0,8,10,0,0,1,0,3,3,0,0,2,10,0,3,0,4,5,0,0,0,0,2,0,6,5,1,4,3,5,1,5,5,2,0,0,1,0,0,0,3,0,0,1,1,0,4,0,0,0,0,0,4,0,2,7,0,0,0,0,3,3,0,1,0,0,2,5,3,0,0,1,0,0,0,4,3,0,0,0,0,8,0,0,0,0,4,7,0,1,5,0,0,0,0,0,0,0,0,3,2,8,10,3,1,0,0,3,10,0,4,0,5,3,0,5,0,1,2,5,6,0,0,0,4,5,1,5,0,0,2,0,0,1,1,0,0,1,3,0,0,0,4,0,0,0,4
Morc2a,0,2,0,1,0,4,0,0,0,5,2,2,0,3,0,0,8,0,3,0,5,0,0,2,0,0,0,3,1,0,3,1,0,1,1,0,3,4,0,0,0,1,0,0,0,0,0,0,3,0,3,0,0,1,1,2,3,0,2,0,0,4,2,3,0,0,0,0,1,0,0,5,1,0,0,1,0,0,0,3,0,2,2,1,2,0,2,1,0,0,0,6,0,0,8,0,3,5,1,0,0,0,3,2,0,0,0,0,2,2,4,0,0,0,0,0,1,0,0,2,5,0,3,3,0,1,1,0,4,0,3,1,0,0,0,0,3,0,0,0,2,0,0,0,0,0,1,1,3,1,3,0,0,2,0,4,0,0,5,3,0,0,1,2,0,1,1,0,0,0,0,0,3,2,0,0,1,0,2,2,0,6,0,1,0,2,0,0
Morf4l2,0,0,10,11,1,0,3,7,0,16,0,7,0,10,2,0,0,7,11,5,0,4,7,0,0,0,12,0,0,0,0,0,3,0,11,29,0,0,0,0,0,0,0,0,3,0,0,7,0,0,10,0,4,16,0,0,0,0,0,8,0,0,0,0,0,11,0,0,0,0,0,0,12,0,0,0,7,4,3,0,10,0,3,4,0,6,6,3,0,0,0,0,31,4,0,0,10,16,11,3,7,0,11,0,1,0,5,0,0,7,0,10,2,7,12,0,0,4,3,0,0,7,0,0,0,11,0,0,0,29,0,0,0,0,3,0,10,0,7,0,0,4,0,0,0,0,0,0,0,16,0,0,8,0,0,0,0,0,0,0,0,11,0,0,0,0,12,0,0,3,7,0,0,3,4,6,4,10,0,0,0,0,0,3,0,6,31,4
Mphosph10,0,1,12,0,0,4,0,9,3,7,6,3,5,4,0,3,7,5,5,2,5,5,1,2,0,0,0,9,3,3,0,1,5,13,1,4,1,4,5,1,3,2,2,6,5,5,0,10,5,3,2,5,5,11,3,5,0,3,5,11,6,2,0,5,13,8,4,12,0,7,5,5,5,9,0,5,0,8,5,5,2,12,2,0,4,0,0,0,4,5,5,1,4,2,7,0,4,7,0,0,9,3,5,1,0,5,2,3,6,3,4,12,0,5,0,0,1,5,5,2,5,1,9,0,0,1,3,5,4,4,1,13,3,1,5,3,2,5,10,5,5,5,2,6,3,0,3,2,5,11,0,3,11,5,7,2,5,6,5,5,4,8,5,0,13,0,5,12,9,5,0,0,5,2,8,0,0,2,4,12,5,1,5,0,4,0,4,2
Mpi,1,0,0,2,0,3,0,7,1,0,5,2,1,0,0,3,0,3,6,0,3,0,0,1,2,0,2,4,0,3,2,2,0,0,1,1,1,3,2,1,0,0,2,4,2,1,0,0,0,0,3,2,0,4,1,2,0,1,0,1,3,3,1,3,2,3,3,1,0,1,2,0,0,2,0,6,0,0,2,5,0,3,0,1,1,0,0,0,2,0,0,0,0,0,0,1,0,0,2,0,7,1,6,0,0,1,0,3,5,2,3,0,0,3,2,0,2,0,0,1,3,0,4,2,2,1,0,2,3,1,1,0,3,1,2,0,3,2,0,1,2,0,2,4,0,0,1,0,0,4,0,1,1,0,1,3,2,3,0,3,3,3,6,1,2,0,0,1,2,2,0,0,5,0,0,0,1,0,1,3,0,0,0,0,2,0,0,0
Mri1,4,0,0,1,0,2,0,0,2,0,0,0,0,1,5,0,12,9,0,4,3,0,7,0,2,0,0,8,0,0,10,0,5,0,10,1,0,8,6,8,0,0,7,1,0,0,9,3,6,10,10,11,2,2,5,1,0,4,0,0,0,5,1,5,9,16,0,12,0,0,20,0,0,0,1,13,3,2,0,0,9,12,9,0,12,0,3,0,0,3,3,0,0,4,12,4,1,0,1,0,0,2,0,0,0,0,4,0,0,0,2,0,5,9,0,0,0,0,5,0,3,7,8,10,2,10,0,6,8,1,0,0,0,8,0,0,10,11,3,0,1,2,7,1,10,9,5,0,6,2,0,4,0,0,0,5,20,0,0,5,0,16,13,1,9,0,0,12,0,0,3,1,0,9,2,0,0,9,12,12,3,0,3,0,0,3,0,4
Mrpl14,4,2,2,1,0,2,2,7,6,2,4,4,6,6,3,6,0,2,18,14,3,7,1,7,1,0,6,6,0,4,6,0,4,4,4,1,3,9,0,4,2,0,2,2,0,0,0,2,5,5,4,8,4,1,5,0,6,6,3,8,3,1,0,6,6,8,2,4,1,0,4,2,9,0,1,2,0,1,0,5,0,6,0,0,2,0,4,1,9,4,7,2,0,0,0,4,6,2,1,2,7,6,18,2,0,6,14,6,4,4,2,2,3,2,6,0,0,7,4,7,3,1,6,6,1,4,0,0,9,1,3,4,4,4,0,2,4,8,2,0,0,4,2,2,5,0,5,0,5,1,6,6,8,3,0,1,4,3,2,6,2,8,2,0,6,1,9,4,0,0,0,1,5,0,1,0,0,0,2,6,4,2,7,1,9,4,0,0
Mrpl19,3,0,8,6,0,7,2,0,6,1,4,4,2,10,0,0,0,0,8,2,8,4,3,0,6,0,0,6,0,0,0,0,1,2,1,1,3,3,5,10,1,0,2,6,3,5,11,6,3,4,3,13,5,10,5,7,6,4,5,4,4,1,5,0,12,12,2,8,5,4,7,5,8,7,3,12,4,4,0,2,3,4,2,1,2,2,16,1,1,6,2,6,2,0,0,3,10,1,6,2,0,6,8,0,0,2,2,0,4,4,7,8,0,0,0,0,0,4,1,0,8,3,6,0,6,1,0,5,3,1,3,2,0,10,3,1,3,13,6,5,7,5,2,6,4,11,5,0,3,10,6,4,4,5,4,1,7,4,5,0,2,12,12,5,12,5,8,8,7,0,4,3,2,2,4,2,1,3,2,4,6,6,2,1,1,16,2,0
Mrpl20,1,7,3,6,0,7,7,16,6,12,7,7,7,10,1,8,9,7,5,3,2,9,4,0,6,2,2,3,1,1,9,2,0,5,0,9,6,12,3,1,1,0,2,4,4,11,17,10,0,14,0,9,5,16,5,0,11,4,4,3,11,2,1,1,10,25,5,3,0,13,15,5,15,8,0,9,8,9,7,5,2,6,0,1,6,0,8,3,8,4,8,0,5,5,9,1,10,12,6,7,16,6,5,7,0,7,3,8,7,7,7,3,1,7,2,2,2,9,0,0,2,4,3,9,6,0,1,3,12,9,6,5,1,1,4,1,0,9,10,11,0,5,2,4,14,17,5,0,0,16,11,4,3,4,13,2,15,11,5,1,5,25,9,1,10,0,15,3,8,7,8,0,5,0,9,0,1,2,6,6,4,0,8,3,8,8,5,5
Mrpl24,13,0,0,0,0,0,0,8,9,0,0,0,0,13,0,5,0,13,0,9,13,0,0,2,4,1,0,3,0,0,0,0,6,12,5,5,0,15,0,6,0,0,0,9,8,2,0,0,0,0,1,0,6,12,0,11,0,0,0,3,2,0,0,0,0,10,11,2,0,0,4,8,0,0,2,0,0,0,0,6,12,8,12,0,0,0,7,0,0,14,0,0,0,4,0,13,13,0,0,0,8,9,0,0,0,0,9,5,0,0,0,0,0,13,0,1,0,0,6,2,13,0,3,0,4,5,0,0,15,5,0,12,0,6,8,0,1,0,0,2,11,6,0,9,0,0,0,0,0,12,0,0,3,0,0,0,4,2,8,0,11,10,0,0,0,0,0,2,0,0,0,2,6,12,0,0,0,12,0,8,14,0,0,0,0,7,0,4
Mrpl47,12,9,4,7,0,6,3,14,13,10,11,14,4,18,0,10,7,18,24,10,3,12,0,9,12,0,8,10,0,0,4,5,6,14,6,12,0,17,12,25,0,9,0,7,11,6,5,7,14,20,19,12,9,23,3,5,20,8,8,13,8,6,5,4,10,25,9,14,0,11,17,0,20,17,7,12,9,24,4,9,8,16,21,6,9,4,0,7,12,10,10,12,8,0,7,12,18,10,7,3,14,13,24,9,0,4,10,10,11,14,6,4,0,18,8,0,5,12,6,9,3,0,10,4,12,6,0,12,17,12,0,14,0,25,11,0,19,12,7,6,5,9,0,7,20,5,3,9,14,23,20,8,13,8,11,6,17,8,0,4,9,25,12,5,10,0,20,14,17,4,9,7,9,21,24,4,6,8,9,16,10,12,10,7,12,0,8,0
Mrpl50,2,0,0,4,2,13,0,9,7,6,8,2,4,9,0,6,1,0,0,5,12,8,5,6,3,0,3,11,9,4,4,1,0,10,9,15,0,15,1,13,0,0,5,10,4,12,0,15,0,2,8,10,7,15,5,3,3,9,4,3,8,4,9,3,5,5,8,11,5,5,20,6,15,7,1,5,0,9,0,4,3,0,0,2,4,2,4,5,3,0,4,3,6,1,1,2,9,6,4,0,9,7,0,0,2,4,5,6,8,2,13,0,0,0,3,0,1,8,0,6,12,5,11,4,3,9,9,1,15,15,0,10,4,13,4,0,8,10,15,12,3,7,5,10,2,0,5,0,0,15,3,9,3,4,5,4,20,8,6,3,8,5,5,9,5,5,15,11,7,0,0,1,4,0,9,2,2,3,4,0,0,3,4,5,3,4,6,1
Mrpl52,3,6,0,3,0,0,3,6,8,3,1,0,0,9,0,1,2,0,5,3,5,0,0,0,3,0,0,4,1,0,0,1,0,0,3,4,0,6,4,7,0,0,3,2,4,0,0,2,0,8,5,5,8,3,1,4,1,0,3,3,4,1,0,5,0,2,2,2,0,9,11,1,3,8,0,0,1,7,7,0,3,5,8,4,5,4,0,1,2,11,0,5,1,3,2,3,9,3,3,3,6,8,5,6,0,0,3,1,1,0,0,0,0,0,0,0,1,0,0,0,5,0,4,0,3,3,1,4,6,4,0,0,0,7,4,0,5,5,2,0,4,8,3,2,8,0,1,0,0,3,1,0,3,3,9,1,11,4,1,5,2,2,0,0,0,0,3,2,8,7,1,0,0,8,7,4,4,3,5,5,11,5,0,1,2,0,1,3
Mrpl54,0,0,2,11,3,2,0,4,8,9,7,9,0,15,4,4,0,7,3,0,10,2,4,7,3,0,5,8,0,0,6,0,10,3,4,7,2,8,3,7,1,0,6,7,3,1,6,10,5,14,3,2,3,6,3,0,9,0,8,0,5,5,1,1,0,8,7,2,5,6,10,2,4,18,1,9,0,12,3,0,0,5,2,0,9,1,0,4,7,11,6,4,6,0,0,0,15,9,11,0,4,8,3,0,3,0,0,4,7,9,2,2,4,7,5,0,0,2,10,7,10,4,8,6,3,4,0,3,8,7,2,3,0,7,3,1,3,2,10,1,0,3,6,7,14,6,3,0,5,6,9,0,0,8,6,5,10,5,2,1,7,8,9,1,0,5,4,2,18,3,0,1,0,2,12,1,0,0,9,5,11,4,6,4,7,0,6,0
Msto1,2,4,1,0,1,0,7,3,6,0,5,9,3,14,2,2,4,2,4,2,6,5,0,4,4,0,0,5,3,2,0,2,0,9,0,5,0,15,2,3,2,7,0,10,1,3,12,3,6,6,10,6,4,7,0,2,5,0,0,7,16,6,8,0,11,21,0,0,3,5,5,4,4,0,4,7,0,3,4,2,0,5,12,1,4,5,1,2,6,9,2,0,8,1,4,2,14,0,0,7,3,6,4,4,1,3,2,2,5,9,0,1,2,2,0,0,2,5,0,4,6,0,5,0,4,0,3,2,15,5,0,9,2,3,1,2,10,6,3,3,2,4,0,10,6,12,0,7,6,7,5,0,7,0,5,6,5,16,4,0,0,21,7,8,11,3,4,0,0,4,0,4,2,12,3,5,1,0,4,5,9,0,2,2,6,1,8,1
Mtch2,0,0,0,0,2,0,0,0,0,18,10,0,0,0,0,0,0,20,0,0,0,0,0,0,0,0,0,31,13,0,0,0,0,0,0,0,0,0,0,0,0,0,0,0,0,0,14,0,14,27,26,0,7,0,0,0,0,0,0,0,18,17,26,11,32,29,0,0,0,0,38,0,0,0,0,0,0,0,0,0,0,0,0,0,0,0,0,0,26,24,0,0,0,0,0,0,0,18,0,0,0,0,0,0,2,0,0,0,10,0,0,0,0,20,0,0,0,0,0,0,0,0,31,0,0,0,13,0,0,0,0,0,0,0,0,0,26,0,0,0,0,7,0,0,27,14,0,0,14,0,0,0,0,0,0,17,38,18,0,11,0,29,0,26,32,0,0,0,0,0,0,0,0,0,0,0,0,0,0,0,24,0,0,0,26,0,0,0
Mtdh,0,11,3,7,0,0,0,6,3,4,11,1,4,7,0,11,5,6,4,0,4,10,0,0,2,0,6,14,0,5,7,0,0,5,0,12,4,14,0,1,0,0,0,9,4,4,8,0,4,11,0,10,0,14,0,3,11,4,0,10,10,3,0,14,0,0,0,13,5,0,9,1,12,3,6,0,3,5,0,5,2,7,12,4,0,6,4,2,3,7,11,9,8,0,5,0,7,4,7,0,6,3,4,11,0,4,0,11,11,1,0,3,0,6,6,0,0,10,0,0,4,0,14,7,2,0,0,0,14,12,4,5,5,1,4,0,0,10,0,4,3,0,0,9,11,8,0,0,4,14,11,4,10,0,0,3,9,10,1,14,0,0,0,0,0,5,12,13,3,0,3,6,5,12,5,6,4,2,0,7,7,9,11,2,3,4,8,0
Mterfd1,0,0,0,6,0,0,0,4,0,3,0,0,0,0,0,2,3,6,0,3,0,0,0,0,1,0,0,3,5,0,5,1,0,0,0,0,0,2,0,0,0,2,0,0,3,0,0,0,3,0,3,0,1,4,6,0,8,7,0,7,9,0,2,8,1,5,2,0,5,5,0,0,0,2,0,3,3,0,0,0,7,5,0,0,0,0,0,3,0,0,5,0,0,3,3,0,0,3,6,0,4,0,0,0,0,0,3,2,0,0,0,0,0,6,0,0,1,0,0,0,0,0,3,5,1,0,5,0,2,0,0,0,0,0,3,0,3,0,0,0,0,1,0,0,0,0,6,2,3,4,8,7,7,0,5,0,0,9,0,8,2,5,3,2,1,5,0,0,2,0,3,0,0,0,0,0,0,7,0,5,0,0,5,3,0,0,0,3
Mtf2,1,10,22,7,16,10,0,5,8,20,6,5,5,15,0,13,11,16,14,0,9,11,7,10,12,0,10,6,10,21,10,8,1,20,16,12,2,7,8,3,5,9,14,15,14,7,8,8,5,11,3,4,13,3,9,11,0,15,17,9,25,6,3,10,7,11,5,15,3,7,8,8,11,17,4,8,12,20,12,9,20,8,5,8,16,1,14,4,11,0,6,5,4,1,11,1,15,20,7,0,5,8,14,10,16,5,0,13,6,5,10,22,0,16,10,0,8,11,1,10,9,7,6,10,12,16,10,8,7,12,2,20,21,3,14,5,3,4,8,7,11,13,14,15,11,8,9,9,5,3,0,15,9,17,7,6,8,25,8,10,5,11,8,3,7,3,11,15,17,12,12,4,9,5,20,1,8,20,16,8,0,5,6,4,11,14,4,1
Mtif2,1,3,0,0,0,0,0,5,0,9,4,0,0,0,2,7,0,8,6,6,3,0,0,0,0,0,0,0,0,0,0,0,5,11,0,4,7,0,1,4,5,0,7,0,7,0,0,4,0,0,0,3,0,0,0,0,14,0,9,14,0,13,0,0,0,12,0,1,6,0,0,4,13,0,0,6,0,6,0,0,0,5,0,0,0,0,0,0,0,1,6,0,0,0,0,1,0,9,0,0,5,0,6,3,0,0,6,7,4,0,0,0,2,8,0,0,0,0,5,0,3,0,0,0,0,0,0,1,0,4,7,11,0,4,7,5,0,3,4,0,0,0,7,0,0,0,0,0,0,0,14,0,14,9,0,13,0,0,4,0,0,12,6,0,0,6,13,1,0,0,0,0,0,0,6,0,0,0,0,5,1,0,6,0,0,0,0,0
Mtmr14,0,0,0,0,0,2,0,0,0,2,0,2,0,1,1,0,2,0,3,0,3,0,4,3,0,0,2,2,0,2,1,0,1,0,0,0,0,2,2,0,5,2,4,1,0,0,1,2,4,5,0,4,0,1,0,0,0,5,0,0,3,7,0,1,0,2,0,1,0,0,0,2,2,0,0,5,3,0,3,0,2,0,0,3,0,1,5,0,5,0,1,4,4,1,2,0,1,2,0,0,0,0,3,0,0,0,0,0,0,2,2,0,1,0,2,0,0,0,1,3,3,4,2,1,0,0,0,2,2,0,0,0,2,0,0,5,0,4,2,0,0,0,4,1,5,1,0,2,4,1,0,5,0,0,0,7,0,3,2,1,0,2,5,0,0,0,2,1,0,3,3,0,0,0,0,1,3,2,0,0,0,4,1,0,5,5,4,1
Mtpn,1,0,8,0,0,0,1,2,2,5,4,1,0,0,2,0,1,0,3,2,4,0,0,1,4,0,0,2,2,2,0,2,3,5,1,2,0,4,1,0,0,4,2,3,4,0,4,10,1,0,0,4,1,3,1,2,3,4,0,3,2,0,0,0,3,3,0,0,1,0,2,3,3,2,3,3,3,5,0,1,2,2,3,0,1,3,4,2,2,4,0,4,3,0,1,1,0,5,0,1,2,2,3,0,0,0,2,0,4,1,0,8,2,0,0,0,2,0,3,1,4,0,2,0,4,1,2,1,4,2,0,5,2,0,4,0,0,4,10,0,2,1,2,3,0,4,1,4,1,3,3,4,3,0,0,0,2,2,3,0,0,3,3,0,3,1,3,0,2,0,3,3,1,3,5,3,0,2,1,2,4,4,0,2,2,4,3,0
N4bp3,1,0,3,0,0,3,0,0,2,1,1,0,0,0,0,0,0,0,5,3,0,0,3,2,0,0,4,0,0,0,1,2,0,0,4,3,1,2,0,4,0,2,4,4,0,4,6,4,0,0,1,6,0,0,2,0,2,0,1,0,0,0,1,3,2,4,3,0,0,1,5,0,0,4,1,0,1,0,2,1,8,1,2,2,6,0,6,2,1,0,0,8,0,0,0,1,0,1,0,0,0,2,5,0,0,0,3,0,1,0,3,3,0,0,4,0,2,0,0,2,0,3,0,1,0,4,0,0,2,3,1,0,0,4,0,0,1,6,4,4,0,0,4,4,0,6,2,2,0,0,2,0,0,1,1,0,5,0,0,3,3,4,0,1,2,0,0,0,4,2,1,1,1,2,0,0,2,8,6,1,0,8,0,2,1,6,0,0
Naa10,5,2,6,5,4,3,4,9,10,6,2,12,5,15,0,6,0,5,9,5,1,3,5,3,10,0,5,3,0,0,7,1,0,3,5,7,3,20,2,4,1,0,5,9,0,9,9,4,4,7,15,7,4,6,2,2,3,0,6,5,5,7,1,1,0,8,0,11,0,3,11,1,12,5,2,8,8,3,2,6,12,6,4,0,5,0,13,0,5,2,0,10,10,0,0,5,15,6,5,4,9,10,9,2,4,5,5,6,2,12,3,6,0,5,5,0,1,3,0,3,1,5,3,7,10,5,0,2,20,7,3,3,0,4,0,1,15,7,4,9,2,4,5,9,7,9,2,0,4,6,3,0,5,6,3,7,11,5,1,1,0,8,8,1,0,0,12,11,5,2,8,2,6,4,3,0,0,12,5,6,2,10,0,0,5,13,10,0
Naa38,0,0,8,0,0,1,0,0,6,0,0,0,0,0,0,5,4,0,1,19,0,5,5,0,0,0,4,18,0,10,0,0,0,23,2,7,4,7,0,1,5,1,14,4,0,0,3,7,11,6,0,6,0,0,0,0,0,17,16,0,7,0,1,12,1,4,5,9,8,5,5,0,0,6,0,0,2,15,0,0,11,0,0,0,3,0,0,0,10,18,10,0,0,6,4,0,0,0,0,0,0,6,1,0,0,0,19,5,0,0,1,8,0,0,4,0,0,5,0,0,0,5,18,0,0,2,0,0,7,7,4,23,10,1,0,5,0,6,7,0,0,0,14,4,6,3,0,1,11,0,0,17,0,16,5,0,5,7,0,12,5,4,0,1,1,8,0,9,6,0,2,0,0,0,15,0,0,11,3,0,18,0,10,0,10,0,0,6
Ncapg,2,1,14,6,1,8,3,13,9,10,1,6,0,1,15,6,9,6,7,6,5,11,7,2,1,0,6,5,9,0,6,4,0,4,4,6,5,7,4,2,3,0,9,3,2,4,3,11,7,15,8,12,6,9,4,10,15,8,11,2,12,0,1,4,9,6,5,9,1,4,9,0,6,12,7,17,3,9,3,0,4,5,9,6,12,1,8,4,3,0,6,1,7,1,9,2,1,10,6,3,13,9,7,1,1,0,6,6,1,6,8,14,15,6,6,0,4,11,0,2,5,7,5,6,1,4,9,4,7,6,5,4,0,2,2,3,8,12,11,4,10,6,9,3,15,3,4,0,7,9,15,8,2,11,4,0,9,12,0,4,5,6,17,1,9,1,6,9,12,3,3,7,0,9,9,1,6,4,12,5,0,1,6,4,3,8,7,1
Ncoa6,0,0,0,0,0,0,0,0,0,6,16,0,0,0,0,0,0,4,0,0,4,0,0,0,14,0,7,0,0,0,0,0,0,0,0,0,0,0,0,0,0,0,0,0,0,0,0,0,0,23,0,0,6,0,0,0,0,11,0,0,0,0,0,0,0,0,0,0,0,16,0,0,13,0,0,0,0,17,0,0,3,0,0,0,0,0,9,0,0,0,0,0,0,0,0,0,0,6,0,0,0,0,0,0,0,0,0,0,16,0,0,0,0,4,7,0,0,0,0,0,4,0,0,0,14,0,0,0,0,0,0,0,0,0,0,0,0,0,0,0,0,6,0,0,23,0,0,0,0,0,0,11,0,0,16,0,0,0,0,0,0,0,0,0,0,0,13,0,0,0,0,0,0,0,17,0,0,3,0,0,0,0,0,0,0,9,0,0
Ndnl2,0,4,5,3,0,2,0,4,6,2,4,0,1,6,0,1,0,10,3,0,3,2,0,3,3,0,0,3,5,0,3,3,2,4,4,0,2,2,2,0,0,3,0,2,4,6,0,3,1,0,0,3,4,6,0,0,3,1,0,2,7,0,3,1,0,4,2,2,1,0,0,0,3,0,0,1,4,4,1,1,4,3,4,0,6,0,5,3,7,0,3,1,0,3,0,0,6,2,3,0,4,6,3,4,0,1,0,1,4,0,2,5,0,10,0,0,3,2,2,3,3,0,3,3,3,4,5,2,2,0,2,4,0,0,4,0,0,3,3,6,0,4,0,2,0,0,0,3,1,6,3,1,2,0,0,0,0,7,0,1,2,4,1,3,0,1,3,2,0,1,4,0,1,4,4,0,0,4,6,3,0,1,3,3,7,5,0,3
Ndufb5,0,0,9,0,0,0,0,11,8,17,10,8,5,11,0,15,0,12,0,0,0,0,0,9,4,0,9,12,0,19,0,0,0,17,0,10,0,8,8,0,14,0,0,0,0,0,14,0,0,24,13,8,14,8,16,0,11,12,0,0,0,4,0,0,0,29,0,0,10,0,10,0,0,0,1,0,0,11,0,8,0,0,22,0,26,0,0,0,11,16,5,0,0,0,0,0,11,17,0,0,11,8,0,0,0,5,0,15,10,8,0,9,0,12,9,0,0,0,0,9,0,0,12,0,4,0,0,8,8,10,0,17,19,0,0,14,13,8,0,0,0,14,0,0,24,14,16,0,0,8,11,12,0,0,0,4,10,0,0,0,0,29,0,0,0,10,0,0,0,0,0,1,8,22,11,0,0,0,26,0,16,0,5,0,11,0,0,0
Ndufs2,4,22,17,19,5,0,17,25,7,9,0,15,0,5,9,22,12,26,23,0,7,15,6,14,15,0,27,0,0,15,16,0,0,12,12,0,12,24,16,0,20,0,16,7,18,0,0,4,0,5,0,8,0,11,14,0,36,11,17,10,17,27,0,9,27,0,0,0,6,33,0,0,17,7,4,0,5,18,17,9,14,11,22,0,39,16,41,0,17,19,17,26,0,14,12,4,5,9,19,17,25,7,23,22,5,0,0,22,0,15,0,17,9,26,27,0,0,15,0,14,7,6,0,16,15,12,0,16,24,0,12,12,15,0,18,20,0,8,4,0,0,0,16,7,5,0,14,0,0,11,36,11,10,17,33,27,0,17,0,9,0,0,0,0,27,6,17,0,7,17,5,4,9,22,18,16,0,14,39,11,19,26,17,0,17,41,0,14
Nedd8,4,6,8,4,1,5,13,15,8,16,19,8,3,20,10,12,7,8,10,4,12,12,3,6,26,0,0,7,16,1,7,11,4,11,18,26,14,20,3,11,5,0,14,12,5,14,5,14,9,18,11,10,6,11,1,8,10,9,8,4,13,19,0,18,30,17,8,17,9,12,16,5,20,10,6,17,11,22,7,10,4,9,2,9,8,2,12,4,21,3,0,3,1,10,7,4,20,16,4,13,15,8,10,6,1,3,4,12,19,8,5,8,10,8,0,0,11,12,4,6,12,3,7,7,26,18,16,3,20,26,14,11,1,11,5,5,11,10,14,14,8,6,14,12,18,5,1,0,9,11,10,9,4,8,12,19,16,13,5,18,8,17,17,0,30,9,20,17,10,7,11,6,10,2,22,2,9,4,8,9,3,3,0,4,21,12,1,10
Nfe2l1,2,0,3,0,0,0,0,3,0,0,3,0,3,7,2,4,0,7,0,2,12,6,3,0,8,0,0,6,2,4,4,0,0,1,4,0,4,1,0,5,0,0,0,0,2,2,0,0,5,7,0,16,2,3,0,2,7,1,1,5,10,3,3,0,0,0,0,0,3,8,10,0,6,0,11,0,1,0,0,4,0,3,0,0,1,0,4,0,0,4,2,0,0,0,0,2,7,0,0,0,3,0,0,0,0,3,2,4,3,0,0,3,2,7,0,0,0,6,0,0,12,3,6,4,8,4,2,0,1,0,4,1,4,5,2,0,0,16,0,2,2,2,0,0,7,0,0,0,5,3,7,1,5,1,8,3,10,10,0,0,0,0,0,3,0,3,6,0,0,0,1,11,4,0,0,0,0,0,1,3,4,0,2,0,0,4,0,0
Nfx1,0,0,9,1,0,0,6,11,6,7,0,0,0,3,0,2,0,5,0,6,1,3,0,0,0,0,1,1,0,2,13,0,0,3,4,0,8,15,4,2,0,0,5,8,0,0,4,7,5,0,0,4,1,4,3,4,0,7,8,2,0,5,1,2,2,11,6,12,0,0,2,0,4,5,1,6,1,10,4,3,0,9,7,0,0,3,4,2,6,0,8,0,0,0,0,0,3,7,1,6,11,6,0,0,0,0,6,2,0,0,0,9,0,5,1,0,0,3,0,0,1,0,1,13,0,4,0,4,15,0,8,3,2,2,0,0,0,4,7,0,4,1,5,8,0,4,3,0,5,4,0,7,2,8,0,5,2,0,0,2,6,11,6,1,2,0,4,12,5,4,1,1,3,7,10,3,0,0,0,9,0,0,8,2,6,4,0,0
Nisch,16,0,12,0,5,1,5,4,0,0,8,0,0,3,12,0,3,5,11,0,8,0,13,0,12,0,0,0,6,0,0,1,0,1,11,0,0,0,4,0,3,0,0,0,4,5,3,6,0,1,0,0,0,0,1,0,0,0,13,8,0,0,7,0,0,8,1,9,1,0,0,2,9,3,1,5,0,0,2,3,0,6,5,0,3,9,0,0,0,8,0,0,0,2,3,16,3,0,0,5,4,0,11,0,5,0,0,0,8,0,1,12,12,5,0,0,1,0,0,0,8,13,0,0,12,11,6,4,0,0,0,1,0,0,4,3,0,0,6,5,0,0,0,0,1,3,1,0,0,0,0,0,8,13,0,0,0,0,2,0,1,8,5,7,0,1,9,9,3,2,0,1,3,5,0,9,0,0,3,6,8,0,0,0,0,0,0,2
Nop56,8,5,13,7,1,2,4,5,11,17,11,9,17,18,11,11,15,18,13,5,9,14,5,7,12,0,12,23,14,10,14,20,13,23,12,26,4,14,8,7,5,9,11,7,11,6,17,10,9,9,7,10,7,44,14,6,15,21,6,3,11,6,11,15,13,21,6,23,0,10,16,3,7,17,4,14,20,8,7,14,11,22,8,13,22,0,0,5,10,6,11,18,8,0,15,8,18,17,7,4,5,11,13,5,1,17,5,11,11,9,2,13,11,18,12,0,20,14,13,7,9,5,23,14,12,12,14,8,14,26,4,23,10,7,11,5,7,10,10,6,6,7,11,7,9,17,14,9,9,44,15,21,3,6,10,6,16,11,3,15,6,21,14,11,13,0,7,23,17,7,20,4,14,8,8,0,13,11,22,22,6,18,11,5,10,0,8,0
Nr2c2,2,0,0,0,1,0,3,0,0,0,0,5,0,0,0,8,0,0,0,0,5,0,0,9,0,0,7,0,0,1,5,0,0,0,0,0,0,0,5,0,2,3,0,0,0,0,0,0,2,0,0,0,0,2,0,1,0,0,0,3,0,0,0,4,8,0,0,0,0,7,0,0,0,0,0,2,0,0,3,0,0,0,0,0,8,5,6,8,0,5,0,0,0,1,0,2,0,0,0,3,0,0,0,0,1,0,0,8,0,5,0,0,0,0,7,0,0,0,0,9,5,0,0,5,0,0,0,5,0,0,0,0,1,0,0,2,0,0,0,0,1,0,0,0,0,0,0,3,2,2,0,0,3,0,7,0,0,0,0,4,0,0,2,0,8,0,0,0,0,3,0,0,0,0,0,5,0,0,8,0,5,0,0,8,0,6,0,1
Nrd1,0,8,2,3,0,0,0,3,2,0,0,3,0,0,2,0,0,2,8,2,0,4,0,0,0,2,4,0,0,3,0,2,0,0,0,2,3,6,0,2,3,0,0,3,1,0,0,0,0,2,8,7,2,0,0,7,3,0,0,0,4,3,0,0,0,1,0,0,6,0,0,0,4,0,0,2,0,0,6,1,0,0,0,0,6,0,4,0,1,2,0,4,5,0,0,0,0,0,3,0,3,2,8,8,0,0,2,0,0,3,0,2,2,2,4,2,2,4,0,0,0,0,0,0,0,0,0,0,6,2,3,0,3,2,1,3,8,7,0,0,7,2,0,3,2,0,0,0,0,0,3,0,0,0,0,3,0,4,0,0,0,1,2,0,0,6,4,0,0,6,0,0,1,0,0,0,0,0,6,0,2,4,0,0,1,4,5,0
Nrm,0,0,13,6,1,0,3,0,8,0,0,3,0,4,0,5,0,7,0,10,0,0,0,0,6,0,0,1,1,0,9,0,0,6,0,0,0,0,0,0,0,0,14,9,0,0,9,0,0,0,0,0,0,2,0,0,0,1,6,0,0,0,0,0,0,9,0,0,0,7,9,0,0,4,3,0,7,6,2,0,0,2,1,0,5,0,9,0,0,0,3,0,0,0,0,0,4,0,6,3,0,8,0,0,1,0,10,5,0,3,0,13,0,7,0,0,0,0,0,0,0,0,1,9,6,0,1,0,0,0,0,6,0,0,0,0,0,0,0,0,0,0,14,9,0,9,0,0,0,2,0,1,0,6,7,0,9,0,0,0,0,9,0,0,0,0,0,0,4,2,7,3,0,1,6,0,0,0,5,2,0,0,3,0,0,9,0,0
Nsf,5,0,0,2,0,8,13,13,10,4,6,1,0,0,1,5,7,0,9,0,3,5,1,3,6,0,0,6,5,7,12,4,0,6,3,5,5,11,6,0,0,3,9,6,4,0,8,2,8,0,3,1,10,5,0,0,6,3,0,0,14,3,0,0,7,2,1,2,0,6,4,2,10,5,0,1,8,9,8,3,0,8,0,0,0,1,4,0,10,3,8,1,10,3,7,5,0,4,2,13,13,10,9,0,0,0,0,5,6,1,8,0,1,0,0,0,4,5,0,3,3,1,6,12,6,3,5,6,11,5,5,6,7,0,4,0,3,1,2,0,0,10,9,6,0,8,0,3,8,5,6,3,0,0,6,3,4,14,2,0,1,2,1,0,7,0,10,2,5,8,8,0,3,0,9,1,0,0,0,8,3,1,8,0,10,4,10,3
Nsmce2,2,5,13,7,1,1,2,2,0,13,6,4,1,10,11,0,2,4,7,4,4,11,2,5,6,5,3,6,2,3,11,0,0,8,0,9,0,8,7,7,3,5,0,3,6,0,4,9,2,11,2,7,9,5,0,5,5,0,1,6,7,4,4,1,5,6,4,3,0,13,8,3,9,4,0,8,6,16,0,1,4,1,4,0,1,7,3,8,11,3,1,0,4,7,2,2,10,13,7,2,2,0,7,5,1,1,4,0,6,4,1,13,11,4,3,5,0,11,0,5,4,2,6,11,6,0,2,7,8,9,0,8,3,7,6,3,2,7,9,0,5,9,0,3,11,4,0,5,2,5,5,0,6,1,13,4,8,7,3,1,4,6,8,4,5,0,9,3,4,0,6,0,1,4,16,7,0,4,1,1,3,0,1,8,11,3,4,7
Nsmce4a,0,4,1,5,2,6,2,6,4,11,0,8,5,11,0,1,3,2,5,2,2,3,3,2,1,0,0,0,10,5,11,1,2,11,2,7,7,8,2,5,4,4,12,3,0,3,3,9,0,8,11,7,2,5,0,5,10,2,5,0,16,5,1,4,6,11,3,10,1,9,11,0,11,6,1,5,9,9,0,6,3,8,10,7,5,5,1,6,2,8,7,6,4,0,3,0,11,11,5,2,6,4,5,4,2,5,2,1,0,8,6,1,0,2,0,0,1,3,2,2,2,3,0,11,1,2,10,2,8,7,7,11,5,5,0,4,11,7,9,3,5,2,12,3,8,3,0,4,0,5,10,2,0,5,9,5,11,16,0,4,3,11,5,1,6,1,11,10,6,0,9,1,6,10,9,5,7,3,5,8,8,6,7,6,2,1,4,0
Nsun2,0,0,2,6,3,10,3,7,5,20,9,19,1,7,0,8,3,13,7,6,8,7,1,6,3,0,0,15,5,6,9,4,8,15,11,7,9,15,2,5,5,6,0,10,7,1,5,9,6,19,7,17,7,8,6,5,1,3,7,8,6,3,7,4,8,22,7,9,3,16,13,6,12,6,7,7,0,6,14,9,5,4,5,6,12,1,7,0,11,6,14,0,1,4,3,0,7,20,6,3,7,5,7,0,3,1,6,8,9,19,10,2,0,13,0,0,4,7,8,6,8,1,15,9,3,11,5,2,15,7,9,15,6,5,7,5,7,17,9,1,5,7,0,10,19,5,6,6,6,8,1,3,8,7,16,3,13,6,6,4,7,22,7,7,8,3,12,9,6,14,0,7,9,5,6,1,6,5,12,4,6,0,14,0,11,7,1,4
Ntan1,1,0,3,0,0,2,1,2,1,0,2,1,0,5,0,3,1,4,3,0,5,1,0,1,0,0,2,2,0,0,4,3,1,0,0,0,3,2,4,0,0,0,0,0,0,0,0,3,0,1,0,0,0,5,3,5,3,4,2,0,0,0,1,0,0,3,6,6,1,2,2,0,2,10,0,2,0,5,1,7,0,3,4,0,0,0,0,0,5,0,2,0,7,0,1,1,5,0,0,1,2,1,3,0,0,0,0,3,2,1,2,3,0,4,2,0,3,1,1,1,5,0,2,4,0,0,0,4,2,0,3,0,0,0,0,0,0,0,3,0,5,0,0,0,1,0,3,0,0,5,3,4,0,2,2,0,2,0,0,0,6,3,2,1,0,1,2,6,10,1,0,0,7,4,5,0,0,0,0,3,0,0,2,0,5,0,7,0
Nudcd3,4,0,7,0,0,0,0,4,14,10,0,12,4,9,0,0,5,0,1,3,0,0,0,0,0,0,2,8,0,0,0,0,6,0,1,9,0,2,2,0,0,0,0,0,7,0,0,6,0,13,1,3,8,0,1,0,0,0,6,0,4,7,5,6,0,9,0,5,4,0,5,0,16,13,0,0,0,0,0,6,0,0,13,3,4,10,0,5,0,0,0,0,7,0,5,4,9,10,0,0,4,14,1,0,0,4,3,0,0,12,0,7,0,0,2,0,0,0,6,0,0,0,8,0,0,1,0,2,2,9,0,0,0,0,7,0,1,3,6,0,0,8,0,0,13,0,1,0,0,0,0,0,0,6,0,7,5,4,0,6,0,9,0,5,0,4,16,5,13,0,0,0,6,13,0,10,3,0,4,0,0,0,0,5,0,0,7,0
Nudt16l1,3,2,0,2,0,0,4,1,12,1,2,4,0,1,0,8,1,3,0,2,2,3,3,5,4,0,0,2,0,0,3,0,0,3,2,0,6,3,0,7,3,0,0,1,0,6,3,2,1,4,3,2,7,4,0,4,1,4,5,2,7,2,2,0,0,8,5,1,0,0,1,0,12,5,1,5,4,2,5,0,1,0,2,0,2,1,2,0,2,0,1,3,8,1,1,3,1,1,2,4,1,12,0,2,0,0,2,8,2,4,0,0,0,3,0,0,0,3,0,5,2,3,2,3,4,2,0,0,3,0,6,3,0,7,0,3,3,2,2,6,4,7,0,1,4,3,0,0,1,4,1,4,2,5,0,2,1,7,0,0,5,8,5,2,0,0,12,1,5,5,4,1,0,2,2,1,0,1,2,0,0,3,1,0,2,2,8,1
Numa1,3,0,0,0,0,2,0,0,0,5,5,2,0,3,3,0,9,1,0,0,2,0,0,0,4,0,2,4,0,5,4,0,4,6,0,0,0,5,0,2,5,0,9,4,0,0,0,4,0,0,5,4,4,9,0,0,7,0,3,1,0,0,0,0,0,8,4,3,0,0,5,5,2,4,2,11,0,2,3,9,0,0,0,0,4,0,0,2,1,0,0,1,2,0,9,3,3,5,0,0,0,0,0,0,0,0,0,0,5,2,2,0,3,1,2,0,0,0,4,0,2,0,4,4,4,0,0,0,5,0,0,6,5,2,0,5,5,4,4,0,0,4,9,4,0,0,0,0,0,9,7,0,1,3,0,0,5,0,5,0,4,8,11,0,0,0,2,3,4,3,0,2,9,0,2,0,0,0,4,0,0,1,0,2,1,0,2,0
Nup88,7,1,3,2,0,4,2,5,3,4,2,0,2,10,2,10,5,9,5,6,1,3,3,6,2,0,0,7,2,8,8,1,4,4,6,3,4,17,0,0,1,0,7,5,8,8,8,5,5,6,3,7,2,12,8,1,0,1,8,10,6,3,0,5,12,4,1,3,4,0,8,3,16,4,7,4,0,9,14,6,7,1,2,3,8,1,8,0,5,5,3,7,4,7,5,7,10,4,2,2,5,3,5,1,0,2,6,10,2,0,4,3,2,9,0,0,1,3,4,6,1,3,7,8,2,6,2,0,17,3,4,4,8,0,8,1,3,7,5,8,1,2,7,5,6,8,8,0,5,12,0,1,10,8,0,3,8,6,3,5,1,4,4,0,12,4,16,3,4,14,0,7,6,2,9,1,3,7,8,1,5,7,3,0,5,8,4,7
Nup98,0,0,2,0,0,0,0,0,0,0,0,0,4,0,0,1,3,6,0,0,0,0,0,0,0,0,0,0,0,0,0,0,0,2,0,0,0,0,0,0,0,0,0,3,0,0,5,6,0,0,2,0,0,4,1,0,2,0,0,0,5,8,0,0,4,0,0,0,0,0,7,0,0,8,0,0,0,0,1,10,3,0,0,0,7,0,0,0,0,0,0,3,0,0,3,0,0,0,0,0,0,0,0,0,0,4,0,1,0,0,0,2,0,6,0,0,0,0,0,0,0,0,0,0,0,0,0,0,0,0,0,2,0,0,0,0,2,0,6,0,0,0,0,3,0,5,1,0,0,4,2,0,0,0,0,8,7,5,0,0,0,0,0,0,4,0,0,0,8,1,0,0,10,0,0,0,0,3,7,0,0,3,0,0,0,0,0,0
Ocrl,0,0,0,0,0,5,0,1,0,0,4,0,1,0,6,0,4,0,0,0,4,0,0,2,2,0,2,0,0,3,0,0,0,6,0,2,0,1,0,2,3,0,0,0,4,0,0,0,0,0,0,2,0,2,0,0,4,0,0,4,9,4,0,0,3,3,3,3,0,0,2,1,0,0,0,4,0,0,0,0,0,0,0,0,0,0,1,0,0,7,7,0,2,0,4,0,0,0,0,0,1,0,0,0,0,1,0,0,4,0,5,0,6,0,2,0,0,0,0,2,4,0,0,0,2,0,0,0,1,2,0,6,3,2,4,3,0,2,0,0,0,0,0,0,0,0,0,0,0,2,4,0,4,0,0,4,2,9,1,0,3,3,4,0,3,0,0,3,0,0,0,0,0,0,0,0,0,0,0,0,7,0,7,0,0,1,2,0
Otub1,4,1,7,4,0,3,6,6,3,5,9,4,5,11,3,9,1,5,16,4,7,5,4,2,13,0,4,17,0,0,6,2,4,8,8,5,6,10,6,4,1,0,8,2,8,4,8,9,8,10,11,10,9,11,0,1,8,17,0,4,13,6,4,1,23,7,2,5,3,5,14,2,19,6,0,18,4,15,7,4,3,4,6,2,8,1,6,1,11,0,10,4,0,9,1,4,11,5,4,6,6,3,16,1,0,5,4,9,9,4,3,7,3,5,4,0,2,5,4,2,7,4,17,6,13,8,0,6,10,5,6,8,0,4,8,1,11,10,9,4,1,9,8,2,10,8,0,0,8,11,8,17,4,0,5,6,14,13,2,1,2,7,18,4,23,3,19,5,6,7,4,0,4,6,15,1,2,3,8,4,0,4,10,1,11,6,0,9
Ovca2,0,1,0,1,6,2,1,0,1,4,1,2,0,2,0,1,2,5,2,2,0,1,1,2,0,0,0,2,3,0,1,0,0,4,0,4,1,4,0,0,0,0,0,2,0,2,1,0,0,0,0,3,0,6,2,5,0,0,0,0,0,3,0,2,2,4,1,3,0,0,0,0,1,2,2,1,2,5,2,0,0,2,3,0,0,3,0,0,0,0,5,0,0,1,2,0,2,4,1,1,0,1,2,1,6,0,2,1,1,2,2,0,0,5,0,0,0,1,0,2,0,1,2,1,0,0,3,0,4,4,1,4,0,0,0,0,0,3,0,2,5,0,0,2,0,1,2,0,0,6,0,0,0,0,0,3,0,0,0,2,1,4,1,0,2,0,1,3,2,2,2,2,0,3,5,3,0,0,0,2,0,0,5,0,0,0,0,1
Oxsr1,0,0,0,0,0,0,2,2,6,0,0,0,0,13,4,0,1,0,0,3,7,10,0,0,1,0,4,0,0,0,6,3,0,0,0,4,0,7,0,0,0,0,0,4,0,9,0,4,0,6,5,0,0,16,0,0,0,10,0,0,7,10,0,0,0,0,0,4,0,0,0,0,10,0,0,4,0,11,0,6,0,0,2,0,0,0,9,0,0,0,0,0,0,0,1,0,13,0,0,2,2,6,0,0,0,0,3,0,0,0,0,0,4,0,4,0,3,10,0,0,7,0,0,6,1,0,0,0,7,4,0,0,0,0,0,0,5,0,4,9,0,0,0,4,6,0,0,0,0,16,0,10,0,0,0,10,0,7,0,0,0,0,4,0,0,0,10,4,0,0,0,0,6,2,11,0,0,0,0,0,0,0,0,0,0,9,0,0
Pa2g4,17,20,5,0,6,3,27,18,15,4,25,14,11,7,14,9,13,22,27,8,23,10,5,25,19,3,11,30,6,6,13,5,4,25,21,11,6,35,10,6,3,0,32,14,8,5,29,47,12,29,24,30,18,29,6,6,0,6,43,16,18,14,9,25,0,14,0,15,11,10,19,0,30,18,19,25,3,21,20,18,12,13,19,7,9,0,15,3,29,13,9,9,13,3,13,17,7,4,0,27,18,15,27,20,6,11,8,9,25,14,3,5,14,22,11,3,5,10,4,25,23,5,30,13,19,21,6,10,35,11,6,25,6,6,8,3,24,30,47,5,6,18,32,14,29,29,6,0,12,29,0,6,16,43,10,14,19,18,0,25,0,14,25,9,0,11,30,15,18,20,3,19,18,19,21,0,7,12,9,13,13,9,9,3,29,15,13,3
Pafah1b1,4,5,4,1,4,6,0,8,6,6,8,0,0,4,9,0,11,0,12,0,12,8,0,0,8,2,0,5,3,0,0,2,0,8,0,0,0,4,1,3,1,6,4,4,0,10,3,5,0,3,7,0,10,13,6,5,5,7,3,1,17,6,6,0,25,13,0,5,10,8,0,5,8,11,10,12,9,14,2,10,2,0,0,3,7,0,2,3,5,1,12,0,0,12,11,4,4,6,1,0,8,6,12,5,4,0,0,0,8,0,6,4,9,0,0,2,2,8,0,0,12,0,5,0,8,0,3,1,4,0,0,8,0,3,0,1,7,0,5,10,5,10,4,4,3,3,6,6,0,13,5,7,1,3,8,6,0,17,5,0,0,13,12,6,25,10,8,5,11,2,9,10,10,0,14,0,3,2,7,0,1,0,12,3,5,2,0,12
Pafah1b2,0,5,8,2,0,4,0,3,1,6,2,4,3,4,2,4,0,4,1,5,3,4,0,4,1,0,3,4,2,0,2,1,0,8,2,8,0,5,0,4,0,1,0,1,4,5,1,2,0,9,0,5,0,9,0,5,4,5,0,1,2,2,1,2,2,4,6,0,2,2,0,0,7,3,3,1,5,4,2,3,0,1,0,0,3,0,1,5,1,0,1,2,0,0,0,0,4,6,2,0,3,1,1,5,0,3,5,4,2,4,4,8,2,4,3,0,1,4,0,4,3,0,4,2,1,2,2,0,5,8,0,8,0,4,4,0,0,5,2,5,5,0,0,1,9,1,0,1,0,9,4,5,1,0,2,2,0,2,0,2,6,4,1,1,2,2,7,0,3,2,5,3,3,0,4,0,0,0,3,1,0,2,1,5,1,1,0,0
Pcnt,8,13,10,6,4,7,5,4,6,0,2,6,7,0,14,2,20,4,8,2,12,1,14,4,0,0,4,7,0,6,12,2,0,7,1,10,9,11,6,12,0,0,7,9,1,6,5,7,0,9,7,6,3,11,4,9,4,5,17,8,7,0,0,6,16,4,1,1,5,5,2,0,12,2,0,7,10,7,11,15,7,3,6,0,23,0,9,3,0,3,3,0,1,0,20,8,0,0,6,5,4,6,8,13,4,7,2,2,2,6,7,10,14,4,4,0,2,1,0,4,12,14,7,12,0,1,0,6,11,10,9,7,6,12,1,0,7,6,7,6,9,3,7,9,9,5,4,0,0,11,4,5,8,17,5,0,2,7,0,6,1,4,7,0,16,5,12,1,2,11,10,0,15,6,7,0,0,7,23,3,3,0,3,3,0,9,1,0
Pdap1,8,0,0,8,5,6,12,1,22,12,16,23,0,3,0,2,19,17,9,20,0,15,8,8,0,0,13,12,5,23,0,5,0,31,0,11,33,23,10,17,6,11,9,0,5,4,8,10,2,10,2,12,27,8,4,7,2,7,2,3,0,6,8,14,44,19,0,7,0,13,2,2,4,7,0,0,4,29,1,6,4,17,16,12,11,0,24,4,6,0,18,8,21,7,19,8,3,12,8,12,1,22,9,0,5,0,20,2,16,23,6,0,0,17,13,0,5,15,0,8,0,8,12,0,0,0,5,10,23,11,33,31,23,17,5,6,2,12,10,4,7,27,9,0,10,8,4,11,2,8,2,7,3,2,13,6,2,0,2,14,0,19,0,8,44,0,4,7,7,1,4,0,6,16,29,0,12,4,11,17,0,8,18,4,6,24,21,7
Pdgfa,3,37,4,4,12,7,9,10,10,16,8,9,15,9,12,7,18,15,21,16,24,9,11,11,15,0,11,18,3,2,13,7,16,14,8,21,4,15,31,1,10,15,12,5,25,19,11,0,6,27,18,8,15,12,12,36,15,16,19,3,27,16,3,9,23,0,0,11,9,5,29,15,54,15,1,22,11,24,17,16,3,6,8,10,11,7,0,19,3,0,9,20,14,42,18,3,9,16,4,9,10,10,21,37,12,15,16,7,8,9,7,4,12,15,11,0,7,9,16,11,24,11,18,13,15,8,3,31,15,21,4,14,2,1,25,10,18,8,0,19,36,15,12,5,27,11,12,15,6,12,15,16,3,19,5,16,29,27,15,9,0,0,22,3,23,9,54,11,15,17,11,1,16,8,24,7,10,3,11,6,0,20,9,19,3,0,14,42
Pdzd4,1,0,3,3,0,0,0,2,1,1,0,0,0,2,0,0,1,3,0,1,1,0,2,1,0,0,0,5,0,1,1,0,0,0,2,1,0,0,2,2,0,0,0,2,0,1,3,0,0,0,1,7,3,5,2,0,0,0,1,3,2,2,0,3,0,3,3,0,0,0,0,1,0,4,0,0,0,0,0,3,0,3,0,0,0,0,1,3,2,2,5,1,0,0,1,1,2,1,3,0,2,1,0,0,0,0,1,0,0,0,0,3,0,3,0,0,0,0,0,1,1,2,5,1,0,2,0,2,0,1,0,0,1,2,0,0,1,7,0,1,0,3,0,2,0,3,2,0,0,5,0,0,3,1,0,2,0,2,1,3,3,3,0,0,0,0,0,0,4,0,0,0,3,0,0,0,0,0,0,3,2,1,5,3,2,1,0,0
Pgam1,0,0,0,0,1,2,0,0,1,15,12,11,4,4,2,15,0,0,0,1,0,4,0,0,0,0,8,7,0,0,2,5,7,11,2,0,0,11,4,6,0,2,6,7,0,3,8,7,5,10,10,4,0,8,9,0,5,2,0,4,2,3,0,0,0,7,0,4,0,0,9,3,6,0,0,8,7,11,1,0,0,3,7,2,3,0,2,6,4,4,5,0,0,0,0,0,4,15,0,0,0,1,0,0,1,4,1,15,12,11,2,0,2,0,8,0,5,4,7,0,0,0,7,2,0,2,0,4,11,0,0,11,0,6,0,0,10,4,7,3,0,0,6,7,10,8,9,2,5,8,5,2,4,0,0,3,9,2,3,0,0,7,8,0,0,0,6,4,0,1,7,0,0,7,11,0,2,0,3,3,4,0,5,6,4,2,0,0
Pgk1,15,5,7,11,0,8,9,15,7,9,20,0,7,0,3,17,10,20,28,14,11,21,3,0,15,0,0,14,5,0,10,5,17,22,0,14,13,17,3,5,3,5,14,15,0,0,9,20,12,26,20,11,10,20,13,3,0,22,20,23,12,13,0,20,13,28,17,17,1,11,7,14,15,17,3,32,13,21,8,13,7,23,8,2,36,6,14,7,17,7,8,7,19,8,10,15,0,9,11,9,15,7,28,5,0,7,14,17,20,0,8,7,3,20,0,0,5,21,17,0,11,3,14,10,15,0,5,3,17,14,13,22,0,5,0,3,20,11,20,0,3,10,14,15,26,9,13,5,12,20,0,22,23,20,11,13,7,12,14,20,17,28,32,0,13,1,15,17,17,8,13,3,13,8,21,6,2,7,36,23,7,7,8,7,17,14,19,8
Phc1,0,0,4,6,0,2,3,13,4,4,3,9,7,8,2,2,4,0,1,0,1,9,0,5,2,0,0,11,6,0,4,2,6,1,3,1,0,4,4,4,5,0,10,6,4,3,6,2,2,13,10,16,4,5,7,5,4,8,4,1,9,5,0,4,19,8,4,1,3,7,7,2,6,8,0,3,7,5,1,4,3,3,0,6,5,3,4,4,3,3,5,3,4,0,4,0,8,4,6,3,13,4,1,0,0,7,0,2,3,9,2,4,2,0,0,0,2,9,6,5,1,0,11,4,2,3,6,4,4,1,0,1,0,4,4,5,10,16,2,3,5,4,10,6,13,6,7,0,2,5,4,8,1,4,7,5,7,9,2,4,4,8,3,0,19,3,6,1,8,1,7,0,4,0,5,3,6,3,5,3,3,3,5,4,3,4,4,0
Phf20,0,3,2,4,4,2,4,7,4,4,0,7,0,0,6,0,5,5,5,1,0,13,3,7,6,5,7,2,4,8,1,2,0,7,5,2,1,9,6,10,7,0,5,0,0,7,6,1,7,0,1,4,7,3,14,2,5,3,6,2,2,8,3,0,13,4,0,1,0,0,7,8,8,8,2,2,0,3,0,5,8,4,0,8,5,7,2,2,0,15,0,2,0,5,5,0,0,4,4,4,7,4,5,3,4,0,1,0,0,7,2,2,6,5,7,5,2,13,0,7,0,3,2,1,6,5,4,6,9,2,1,7,8,10,0,7,1,4,1,7,2,7,5,0,0,6,14,0,7,3,5,3,2,6,0,8,7,2,8,0,0,4,2,3,13,0,8,1,8,0,0,2,5,0,3,7,8,8,5,4,15,2,0,2,0,2,0,5
Phip,2,4,16,0,10,1,0,0,0,13,4,0,6,1,4,5,11,13,7,0,0,3,0,4,0,0,0,5,0,0,7,9,9,1,0,0,0,18,0,5,0,0,5,7,3,0,3,0,16,3,12,0,12,14,0,5,14,13,0,6,0,0,0,3,0,7,0,9,0,6,14,0,8,17,0,0,0,5,0,0,4,6,7,9,0,3,0,10,0,0,4,7,0,10,11,2,1,13,0,0,0,0,7,4,10,6,0,5,4,0,1,16,4,13,0,0,9,3,9,4,0,0,5,7,0,0,0,0,18,0,0,1,0,5,3,0,12,0,0,0,5,12,5,7,3,3,0,0,16,14,14,13,6,0,6,0,14,0,0,3,0,7,0,0,0,0,8,9,17,0,0,0,0,7,5,3,9,4,0,6,0,7,4,10,0,0,0,10
Phyh,0,5,3,3,0,2,5,4,2,3,4,2,6,5,0,2,3,4,4,3,3,0,3,5,3,0,2,2,1,4,3,7,0,7,2,4,8,7,4,3,0,0,6,3,2,0,2,3,3,12,2,3,0,1,1,1,6,5,1,0,3,9,1,3,0,9,2,3,0,1,6,4,1,15,3,0,2,10,0,1,4,2,1,4,9,4,1,3,0,0,6,1,6,0,3,0,5,3,3,5,4,2,4,5,0,6,3,2,4,2,2,3,0,4,2,0,7,0,0,5,3,3,2,3,3,2,1,4,7,4,8,7,4,3,2,0,2,3,3,0,1,0,6,3,12,2,1,0,3,1,6,5,0,1,1,9,6,3,4,3,2,9,0,1,0,0,1,3,15,0,2,3,1,1,10,4,4,4,9,2,0,1,6,3,0,1,6,0
Pigq,0,0,0,0,0,0,0,5,9,4,9,0,4,3,5,4,0,0,1,0,1,2,0,5,0,0,0,0,0,2,1,0,0,0,0,0,0,0,0,0,1,0,0,0,0,0,0,0,4,0,0,6,0,0,3,0,3,5,0,0,8,3,1,0,4,3,6,0,0,1,0,0,11,0,2,0,1,0,2,3,0,0,0,2,9,0,3,0,0,0,3,0,0,0,0,0,3,4,0,0,5,9,1,0,0,4,0,4,9,0,0,0,5,0,0,0,0,2,0,5,1,0,0,1,0,0,0,0,0,0,0,0,2,0,0,1,0,6,0,0,0,0,0,0,0,0,3,0,4,0,3,5,0,0,1,3,0,8,0,0,6,3,0,1,4,0,11,0,0,2,1,2,3,0,0,0,2,0,9,0,0,0,3,0,0,3,0,0
Pin1,0,0,0,0,0,0,12,0,0,0,0,0,0,0,0,0,0,0,24,0,16,0,0,0,0,0,0,0,0,0,0,0,0,0,0,0,0,0,0,0,0,0,0,16,0,0,26,0,0,0,0,0,0,0,0,0,0,0,0,0,0,0,0,0,0,0,0,0,0,11,11,0,0,0,0,0,0,0,0,0,0,19,0,0,0,0,0,0,0,0,0,0,0,4,0,0,0,0,0,12,0,0,24,0,0,0,0,0,0,0,0,0,0,0,0,0,0,0,0,0,16,0,0,0,0,0,0,0,0,0,0,0,0,0,0,0,0,0,0,0,0,0,0,16,0,26,0,0,0,0,0,0,0,0,11,0,11,0,0,0,0,0,0,0,0,0,0,0,0,0,0,0,0,0,0,0,0,0,0,19,0,0,0,0,0,0,0,4
Pkn2,0,1,0,0,1,3,0,6,0,6,0,0,0,0,0,0,0,2,7,0,2,2,0,0,3,0,0,3,0,3,0,0,5,5,0,2,0,0,9,7,2,0,0,0,3,5,2,5,0,6,0,3,0,0,5,0,10,5,0,0,0,0,0,2,0,6,1,0,4,7,0,2,0,6,0,0,6,0,1,3,1,0,0,6,1,4,5,3,0,1,0,0,0,0,0,0,0,6,0,0,6,0,7,1,1,0,0,0,0,0,3,0,0,2,0,0,0,2,5,0,2,0,3,0,3,0,0,9,0,2,0,5,3,7,3,2,0,3,5,5,0,0,0,0,6,2,5,0,0,0,10,5,0,0,7,0,0,0,2,2,1,6,0,0,0,4,0,0,6,1,6,0,3,0,0,4,6,1,1,0,1,0,0,3,0,5,0,0
Plk4,0,0,0,1,0,0,2,2,2,1,0,0,0,0,0,0,1,0,7,4,2,2,0,0,0,0,3,3,0,0,3,0,0,4,4,1,4,3,1,0,2,1,2,1,0,0,2,7,0,4,0,3,0,1,0,0,4,0,2,0,3,2,0,0,3,4,1,0,2,5,7,0,3,3,0,1,1,2,0,0,0,6,2,0,0,0,0,0,7,0,4,0,0,0,1,0,0,1,1,2,2,2,7,0,0,0,4,0,0,0,0,0,0,0,3,0,0,2,0,0,2,0,3,3,0,4,0,1,3,1,4,4,0,0,0,2,0,3,7,0,0,0,2,1,4,2,0,1,0,1,4,0,0,2,5,2,7,3,0,0,1,4,1,0,3,2,3,0,3,0,1,0,0,2,2,0,0,0,0,6,0,0,4,0,7,0,0,0
Pno1,12,6,5,8,5,0,6,17,15,11,11,4,0,2,7,1,6,8,2,0,8,4,5,8,5,0,7,15,2,2,5,2,13,3,8,6,5,5,6,1,2,8,15,9,7,9,13,15,0,9,9,10,4,11,2,2,10,14,3,0,13,1,1,0,21,9,8,2,2,8,10,7,13,12,4,17,8,9,2,8,3,0,2,11,1,1,10,4,7,9,2,7,12,0,6,12,2,11,8,6,17,15,2,6,5,0,0,1,11,4,0,5,7,8,7,0,2,4,13,8,8,5,15,5,5,8,2,6,5,6,5,3,2,1,7,2,9,10,15,9,2,4,15,9,9,13,2,8,0,11,10,14,0,3,8,1,10,13,7,0,8,9,17,1,21,2,13,2,12,2,8,4,8,2,9,1,11,3,1,0,9,7,2,4,7,10,12,0
Pogz,1,2,0,0,1,2,0,0,0,3,7,1,0,0,0,0,9,0,3,4,0,4,0,3,0,5,0,0,0,0,0,1,0,4,2,0,0,7,0,0,0,0,0,2,0,0,6,0,0,0,0,1,0,3,0,0,0,10,3,0,4,1,0,0,0,6,3,0,0,6,0,0,0,1,0,0,0,0,0,0,0,0,0,0,0,0,7,3,0,0,0,0,0,3,9,1,0,3,0,0,0,0,3,2,1,0,4,0,7,1,2,0,0,0,0,5,1,4,0,3,0,0,0,0,0,2,0,0,7,0,0,4,0,0,0,0,0,1,0,0,0,0,0,2,0,6,0,0,0,3,0,10,0,3,6,1,0,4,0,0,3,6,0,0,0,0,0,0,1,0,0,0,0,0,0,0,0,0,0,0,0,0,0,3,0,7,0,3
Pold1,7,7,3,0,0,6,6,8,2,2,2,4,6,4,1,14,3,10,7,1,5,2,1,3,2,0,0,3,6,0,3,6,4,5,6,10,2,8,7,3,0,1,0,4,5,1,5,4,5,0,12,14,2,13,0,0,10,8,1,2,7,4,0,3,0,10,3,5,4,0,3,0,7,6,0,6,2,10,3,8,7,2,0,0,1,1,2,5,2,10,5,3,0,0,3,7,4,2,0,6,8,2,7,7,0,6,1,14,2,4,6,3,1,10,0,0,6,2,4,3,5,1,3,3,2,6,6,7,8,10,2,5,0,3,5,0,12,14,4,1,0,2,0,4,0,5,0,1,5,13,10,8,2,1,0,4,3,7,0,3,3,10,6,0,0,4,7,5,6,3,2,0,8,0,10,1,0,7,1,2,10,3,5,5,2,2,0,0
Polr2b,2,2,5,2,7,3,0,2,3,6,6,4,2,8,0,5,6,5,3,9,8,3,5,4,5,0,3,4,3,2,0,4,2,3,3,4,5,9,0,8,0,1,6,6,7,1,5,14,2,7,3,5,8,6,2,10,7,5,2,2,3,11,5,3,6,4,1,1,1,6,3,1,7,9,4,6,0,8,7,4,8,12,0,0,9,1,3,1,7,0,1,0,1,4,6,2,8,6,2,0,2,3,3,2,7,2,9,5,6,4,3,5,0,5,3,0,4,3,2,4,8,5,4,0,5,3,3,0,9,4,5,3,2,8,7,0,3,5,14,1,10,8,6,6,7,5,2,1,2,6,7,5,2,2,6,11,3,3,1,3,1,4,6,5,6,1,7,1,9,7,0,4,4,0,8,1,0,8,9,12,0,0,1,1,7,3,1,4
Polr3k,0,2,5,0,2,6,0,0,5,3,0,4,1,5,1,3,5,6,6,3,0,2,0,6,8,0,0,12,3,4,9,6,1,3,5,3,0,9,4,4,2,2,4,0,3,4,9,0,1,4,4,4,0,5,12,0,0,4,6,0,5,1,2,6,4,5,6,7,0,2,0,2,5,5,0,7,0,1,0,4,2,0,0,0,5,1,2,0,4,0,3,2,0,1,5,0,5,3,0,0,0,5,6,2,2,1,3,3,0,4,6,5,1,6,0,0,6,2,1,6,0,0,12,9,8,5,3,4,9,3,0,3,4,4,3,2,4,4,0,4,0,0,4,0,4,9,12,2,1,5,0,4,0,6,2,1,0,5,2,6,6,5,7,2,4,0,5,7,5,0,0,0,4,0,1,1,0,2,5,0,0,2,3,0,4,2,0,1
Pop4,5,0,8,0,2,0,5,0,11,8,7,0,2,3,0,2,3,1,2,15,7,4,0,5,6,2,1,12,5,1,10,0,0,5,2,2,5,7,0,5,2,0,5,4,2,1,7,9,0,5,0,2,4,3,3,2,5,3,0,0,12,5,0,4,3,10,0,4,3,2,13,0,10,2,0,4,5,1,0,0,14,4,0,6,0,2,0,0,2,4,0,6,0,1,3,5,3,8,0,5,0,11,2,0,2,2,15,2,7,0,0,8,0,1,1,2,0,4,0,5,7,0,12,10,6,2,5,0,7,2,5,5,1,5,2,2,0,2,9,1,2,4,5,4,5,7,3,0,0,3,5,3,0,0,2,5,13,12,0,4,0,10,4,0,3,3,10,4,2,0,5,0,0,0,1,2,6,14,0,4,4,6,0,0,2,0,0,1
Pop7,3,3,2,0,0,1,0,4,3,4,5,5,1,3,2,2,0,0,5,10,1,0,5,2,5,0,0,7,0,5,0,0,0,0,0,3,0,5,3,1,4,0,0,4,6,0,11,2,10,13,1,4,5,10,2,1,11,1,0,2,4,3,1,4,0,4,6,6,0,3,3,3,5,7,1,5,2,6,0,9,8,5,7,4,3,0,0,0,2,0,0,3,0,0,0,3,3,4,0,0,4,3,5,3,0,1,10,2,5,5,1,2,2,0,0,0,0,0,0,2,1,5,7,0,5,0,0,3,5,3,0,0,5,1,6,4,1,4,2,0,1,5,0,4,13,11,2,0,10,10,11,1,2,0,3,3,3,4,3,4,6,4,5,1,0,0,5,6,7,0,2,1,9,7,6,0,4,8,3,5,0,3,0,0,2,0,0,0
Pou2f1,0,0,7,0,0,2,0,0,0,4,7,0,0,0,6,3,0,0,14,0,10,0,9,5,4,0,5,0,0,0,0,0,6,9,0,11,0,0,0,7,0,0,0,0,2,0,4,0,0,0,0,0,2,6,0,0,0,0,0,15,15,0,0,0,4,0,0,13,0,0,0,0,0,0,0,0,3,0,0,5,0,14,0,1,16,0,0,0,1,0,0,0,0,4,0,0,0,4,0,0,0,0,14,0,0,0,0,3,7,0,2,7,6,0,5,0,0,0,6,5,10,9,0,0,4,0,0,0,0,11,0,9,0,7,2,0,0,0,0,0,0,2,0,0,0,4,0,0,0,6,0,0,15,0,0,0,0,15,0,0,0,0,0,0,4,0,0,13,0,0,3,0,5,0,0,0,1,0,16,14,0,0,0,0,1,0,0,4
Ppcs,1,0,1,0,0,2,0,0,0,4,1,2,0,0,0,6,9,0,3,0,2,0,0,0,3,0,0,4,0,9,0,0,0,4,5,3,0,2,2,0,0,9,0,0,1,3,0,0,0,6,2,2,0,2,0,4,1,2,0,0,2,1,5,4,9,7,2,4,1,5,0,0,6,1,5,2,0,6,0,0,0,0,0,4,9,2,0,0,5,3,1,0,0,0,9,1,0,4,0,0,0,0,3,0,0,0,0,6,1,2,2,1,0,0,0,0,0,0,0,0,2,0,4,0,3,5,0,2,2,3,0,4,9,0,1,0,2,2,0,3,4,0,0,0,6,0,0,9,0,2,1,2,0,0,5,1,0,2,0,4,2,7,2,5,9,1,6,4,1,0,0,5,0,0,6,2,4,0,9,0,3,0,1,0,5,0,0,0
Ppil3,0,0,3,0,0,1,0,4,3,1,3,2,0,0,0,0,0,2,0,0,0,0,2,5,4,0,2,4,0,0,7,1,2,0,0,0,1,0,0,3,0,0,1,0,4,3,0,5,0,0,0,3,3,4,0,1,0,4,0,1,0,2,0,1,0,7,2,0,0,4,0,0,7,0,0,0,0,1,0,0,0,5,1,2,2,0,0,0,0,0,2,2,1,0,0,0,0,1,0,0,4,3,0,0,0,0,0,0,3,2,1,3,0,2,2,0,1,0,2,5,0,2,4,7,4,0,0,0,0,0,1,0,0,3,4,0,0,3,5,3,1,3,1,0,0,0,0,0,0,4,0,4,1,0,4,2,0,0,0,1,2,7,0,0,0,0,7,0,0,0,0,0,0,1,1,0,2,0,2,5,0,2,2,0,0,0,1,0
Ppm1g,4,0,2,6,5,7,7,2,4,10,5,3,1,10,6,3,3,14,7,9,14,7,5,5,7,0,2,18,7,10,10,2,4,7,0,4,2,8,2,4,3,12,5,7,1,3,13,7,10,4,4,5,10,8,8,0,1,9,7,0,21,4,0,5,2,10,6,0,6,4,5,5,15,3,0,15,0,7,3,9,3,8,7,7,3,5,1,0,6,0,1,12,3,2,3,4,10,10,6,7,2,4,7,0,5,1,9,3,5,3,7,2,6,14,2,0,2,7,4,5,14,5,18,10,7,0,7,2,8,4,2,7,10,4,1,3,4,5,7,3,0,10,5,7,4,13,8,12,10,8,1,9,0,7,4,4,5,21,5,5,6,10,15,0,2,6,15,0,3,3,0,0,9,7,7,5,7,3,3,8,0,12,1,0,6,1,3,2
Ppm1m,0,0,0,0,0,0,0,0,0,0,1,4,0,0,0,0,5,2,1,0,0,1,0,3,0,0,0,2,0,0,3,0,0,1,2,0,1,4,2,1,1,3,3,1,0,3,2,0,0,5,0,1,4,4,0,0,1,0,0,1,1,2,4,3,0,0,0,6,3,3,4,0,8,0,0,0,2,0,0,2,0,3,0,1,0,0,0,0,0,3,0,0,0,0,5,0,0,0,0,0,0,0,1,0,0,0,0,0,1,4,0,0,0,2,0,0,0,1,0,3,0,0,2,3,0,2,0,2,4,0,1,1,0,1,0,1,0,1,0,3,0,4,3,1,5,2,0,3,0,4,1,0,1,0,3,2,4,1,0,3,0,0,0,4,0,3,8,6,0,0,2,0,2,0,0,0,1,0,0,3,3,0,0,0,0,0,0,0
Ppp1r2,0,0,0,1,0,3,2,0,6,5,0,0,0,5,0,0,0,3,2,5,0,3,0,2,2,0,1,3,0,5,0,2,0,0,0,4,0,4,1,0,0,0,0,1,1,0,0,1,1,6,2,0,0,2,0,1,0,0,0,0,3,4,0,0,1,5,2,4,0,2,3,0,2,0,2,0,1,7,0,1,2,0,1,0,0,1,0,4,8,2,0,0,3,1,0,0,5,5,1,2,0,6,2,0,0,0,5,0,0,0,3,0,0,3,1,0,2,3,0,2,0,0,3,0,2,0,0,1,4,4,0,0,5,0,1,0,2,0,1,0,1,0,0,1,6,0,0,0,1,2,0,0,0,0,2,4,3,3,0,0,2,5,0,0,1,0,2,4,0,0,1,2,1,1,7,1,0,2,0,0,2,0,0,4,8,0,3,1
Ppp2ca,0,7,11,0,4,6,8,5,17,6,5,0,8,12,4,6,12,10,4,4,2,2,7,5,5,0,0,6,4,1,7,6,4,9,4,6,0,6,10,8,7,5,6,10,0,5,11,5,4,8,9,1,0,14,4,0,7,6,3,3,6,5,4,8,11,18,2,2,0,12,14,0,20,10,1,13,0,13,4,5,5,12,13,2,4,8,9,2,1,6,8,4,3,5,12,0,12,6,0,8,5,17,4,7,4,8,4,6,5,0,6,11,4,10,0,0,6,2,4,5,2,7,6,7,5,4,4,10,6,6,0,9,1,8,0,7,9,1,5,5,0,0,6,10,8,11,4,5,4,14,7,6,3,3,12,5,14,6,0,8,2,18,13,4,11,0,20,2,10,4,0,1,5,13,13,8,2,5,4,12,6,4,8,2,1,9,3,5
Ppp3ca,0,0,0,0,0,4,2,0,4,0,0,0,0,0,0,0,0,0,0,0,0,0,3,0,0,0,8,0,7,0,5,0,3,11,0,0,0,0,3,0,0,0,0,0,2,0,4,0,0,0,0,0,6,0,0,0,2,0,0,2,0,2,0,0,0,10,1,3,0,0,0,0,0,6,0,8,0,0,0,0,8,0,3,0,3,0,0,0,0,0,0,0,0,0,0,0,0,0,0,2,0,4,0,0,0,0,0,0,0,0,4,0,0,0,8,0,0,0,3,0,0,3,0,5,0,0,7,3,0,0,0,11,0,0,2,0,0,0,0,0,0,6,0,0,0,4,0,0,0,0,2,0,2,0,0,2,0,0,0,0,1,10,8,0,0,0,0,3,6,0,0,0,0,3,0,0,0,8,3,0,0,0,0,0,0,0,0,0
Prdx6,7,21,13,0,2,15,15,6,11,14,12,18,0,8,12,8,18,11,27,8,13,13,3,14,0,9,8,4,7,0,15,0,0,20,22,0,0,16,8,0,0,6,4,6,18,1,23,8,5,26,17,19,8,25,9,0,0,4,6,4,38,8,8,2,0,10,0,3,7,2,0,0,6,9,9,23,1,6,6,21,4,23,21,0,15,0,27,4,8,12,0,13,13,0,18,7,8,14,0,15,6,11,27,21,2,0,8,8,12,18,15,13,12,11,8,9,0,13,0,14,13,3,4,15,0,22,7,8,16,0,0,20,0,0,18,0,17,19,8,1,0,8,4,6,26,23,9,6,5,25,0,4,4,6,2,8,0,38,0,2,0,10,23,8,0,7,6,3,9,6,1,9,21,21,6,0,0,4,15,23,12,13,0,4,8,27,13,0
Prelid2,1,0,5,0,0,2,0,17,0,11,0,12,5,15,1,13,2,8,8,5,5,16,1,6,0,0,12,2,0,0,4,4,19,4,2,0,3,4,0,10,0,3,0,11,1,3,8,5,10,5,6,7,6,5,3,0,10,10,11,6,0,0,0,0,7,9,5,13,4,2,4,4,22,2,0,17,0,1,0,0,0,8,0,0,9,0,2,0,3,0,4,6,4,0,2,1,15,11,0,0,17,0,8,0,0,5,5,13,0,12,2,5,1,8,12,0,4,16,19,6,5,1,2,4,0,2,0,0,4,0,3,4,0,10,1,0,6,7,5,3,0,6,0,11,5,8,3,3,10,5,10,10,6,11,2,0,4,0,4,0,5,9,17,0,7,4,22,13,2,0,0,0,0,0,1,0,0,0,9,8,0,6,4,0,3,2,4,0
Prmt1,12,18,7,10,0,16,14,32,21,29,19,13,7,20,5,16,30,33,31,7,17,8,7,23,17,0,12,28,9,14,26,5,13,17,19,8,11,35,10,15,17,5,22,22,14,20,46,8,13,39,16,30,20,31,16,15,17,12,12,5,24,17,1,11,25,20,12,15,6,20,20,4,25,36,8,30,20,28,9,21,16,16,17,7,10,3,22,6,13,3,29,24,10,4,30,12,20,29,10,14,32,21,31,18,0,7,7,16,19,13,16,7,5,33,12,0,5,8,13,23,17,7,28,26,17,19,9,10,35,8,11,17,14,15,14,17,16,30,8,20,15,20,22,22,39,46,16,5,13,31,17,12,5,12,20,17,20,24,4,11,12,20,30,1,25,6,25,15,36,9,20,8,21,17,28,3,7,16,10,16,3,24,29,6,13,22,10,4
Prmt3,3,0,3,2,0,1,0,4,5,5,0,2,3,4,5,0,5,0,2,4,5,1,0,5,0,0,4,7,0,0,1,2,3,5,0,1,0,0,1,2,2,5,3,0,2,3,0,4,2,5,8,8,1,10,3,0,0,0,0,0,1,6,1,0,7,3,0,3,3,4,5,6,5,4,1,2,3,2,3,0,7,5,6,1,4,1,5,0,6,0,3,2,1,0,5,3,4,5,2,0,4,5,2,0,0,3,4,0,0,2,1,3,5,0,4,0,2,1,3,5,5,0,7,1,0,0,0,1,0,1,0,5,0,2,2,2,8,8,4,3,0,1,3,0,5,0,3,5,2,10,0,0,0,0,4,6,5,1,6,0,0,3,2,1,7,3,5,3,4,3,3,1,0,6,2,1,1,7,4,5,0,2,3,0,6,5,1,0
Pros1,11,0,7,0,12,5,2,0,0,0,0,0,0,0,0,0,5,0,2,0,7,0,2,5,4,0,0,1,0,5,0,3,0,0,2,0,0,5,0,0,3,1,5,0,2,0,0,2,0,0,6,2,13,0,11,6,5,7,0,4,14,0,11,5,1,0,0,0,4,0,2,9,6,0,6,0,0,0,7,0,0,0,0,3,8,9,4,0,0,2,0,0,0,0,5,11,0,0,0,2,0,0,2,0,12,0,0,0,0,0,5,7,0,0,0,0,3,0,0,5,7,2,1,0,4,2,0,0,5,0,0,0,5,0,2,3,6,2,2,0,6,13,5,0,0,0,11,1,0,0,5,7,4,0,0,0,2,14,9,5,0,0,0,11,1,4,6,0,0,7,0,6,0,0,0,9,3,0,8,0,2,0,0,0,0,4,0,0
Prpf4b,0,0,5,0,0,0,2,0,0,6,0,0,0,4,0,0,0,10,6,0,7,4,0,0,0,0,0,5,1,0,0,10,0,0,0,0,0,8,6,12,0,0,4,0,0,0,0,0,0,0,8,11,0,3,0,1,0,0,0,2,0,0,0,6,0,0,0,0,3,0,6,2,0,0,0,7,0,0,9,1,4,0,1,6,0,0,0,0,0,0,0,0,0,0,0,0,4,6,0,2,0,0,6,0,0,0,0,0,0,0,0,5,0,10,0,0,10,4,0,0,7,0,5,0,0,0,1,6,8,0,0,0,0,12,0,0,8,11,0,0,1,0,4,0,0,0,0,0,0,3,0,0,2,0,0,0,6,0,2,6,0,0,7,0,0,3,0,0,0,9,0,0,1,1,0,0,6,4,0,0,0,0,0,0,0,0,0,0
Prpf6,5,16,0,0,0,2,0,8,4,0,7,2,0,7,0,0,0,3,20,0,0,7,13,0,25,0,0,0,0,0,0,0,6,9,0,13,0,10,7,0,0,9,0,6,0,6,18,13,0,6,0,7,10,16,0,4,0,7,2,0,15,0,1,5,0,0,0,0,0,11,0,0,0,10,6,5,0,2,2,0,0,13,5,0,5,0,0,13,0,13,0,0,0,15,0,5,7,0,0,0,8,4,20,16,0,0,0,0,7,2,2,0,0,3,0,0,0,7,6,0,0,13,0,0,25,0,0,7,10,13,0,9,0,0,0,0,0,7,13,6,4,10,0,6,6,18,0,9,0,16,0,7,0,2,11,0,0,15,0,5,0,0,5,1,0,0,0,0,10,2,0,6,0,5,2,0,0,0,5,13,13,0,0,13,0,0,0,15
Psma7,14,11,32,10,1,20,12,21,37,17,14,21,12,42,25,21,0,20,55,29,13,30,15,1,29,6,24,17,24,19,20,8,21,15,16,32,19,31,2,17,7,20,18,25,17,19,16,10,26,39,28,12,16,35,4,8,20,45,7,25,30,18,5,25,22,27,9,34,0,10,26,15,36,42,7,23,21,14,18,16,24,13,25,3,4,0,34,16,21,22,31,11,24,13,0,14,42,17,10,12,21,37,55,11,1,12,29,21,14,21,20,32,25,20,24,6,8,30,21,1,13,15,17,20,29,16,24,2,31,32,19,15,19,17,17,7,28,12,10,19,8,16,18,25,39,16,4,20,26,35,20,45,25,7,10,18,26,30,15,25,9,27,23,5,22,0,36,34,42,18,21,7,16,25,14,0,3,24,4,13,22,11,31,16,21,34,24,13
Psmb3,6,5,2,5,0,15,1,7,0,0,6,8,4,9,12,6,5,5,10,2,0,6,11,0,7,0,8,0,0,0,9,0,7,14,3,6,0,11,0,0,0,0,0,2,10,2,11,8,0,7,3,5,8,7,4,0,10,2,12,0,1,9,0,6,0,8,0,3,1,0,8,8,0,13,7,19,1,3,2,5,2,2,7,0,4,0,6,2,12,6,5,2,0,0,5,6,9,0,5,1,7,0,10,5,0,4,2,6,6,8,15,2,12,5,8,0,0,6,7,0,0,11,0,9,7,3,0,0,11,6,0,14,0,0,10,0,3,5,8,2,0,8,0,2,7,11,4,0,0,7,10,2,0,12,0,9,8,1,8,6,0,8,19,0,0,1,0,3,13,2,1,7,5,7,3,0,0,2,4,2,6,2,5,2,12,6,0,0
Psmc3,11,9,7,6,2,6,23,18,11,11,13,9,8,29,16,22,10,19,6,14,10,7,3,22,38,0,19,12,20,9,12,8,1,19,13,16,2,38,20,7,3,3,11,6,5,11,30,12,9,10,21,11,10,21,7,1,10,15,12,8,15,21,3,6,16,26,14,9,0,5,17,2,20,13,0,15,18,19,15,12,16,10,16,1,22,1,13,12,24,29,12,18,18,4,10,11,29,11,6,23,18,11,6,9,2,8,14,22,13,9,6,7,16,19,19,0,8,7,1,22,10,3,12,12,38,13,20,20,38,16,2,19,9,7,5,3,21,11,12,11,1,10,11,6,10,30,7,3,9,21,10,15,8,12,5,21,17,15,2,6,14,26,15,3,16,0,20,9,13,15,18,0,12,16,19,1,1,16,22,10,29,18,12,12,24,13,18,4
Psmc4,2,2,2,3,1,14,7,3,14,16,11,8,7,8,17,10,16,8,23,7,12,12,12,10,11,0,11,12,9,1,12,11,2,8,7,16,0,42,20,17,1,0,19,6,8,2,7,14,4,16,17,14,8,15,5,4,11,2,11,3,7,12,8,4,21,7,9,7,3,4,21,8,11,10,6,14,0,23,4,5,3,14,7,10,16,3,8,6,6,9,3,10,13,8,16,2,8,16,3,7,3,14,23,2,1,7,7,10,11,8,14,2,17,8,11,0,11,12,2,10,12,12,12,12,11,7,9,20,42,16,0,8,1,17,8,1,17,14,14,2,4,8,19,6,16,7,5,0,4,15,11,2,3,11,4,12,21,7,8,4,9,7,14,8,21,3,11,7,10,4,0,6,5,7,23,3,10,3,16,14,9,10,3,6,6,8,13,8
Psmd1,13,8,12,11,7,24,20,58,23,7,27,28,10,17,18,23,13,22,51,22,14,0,14,14,52,0,13,24,29,8,20,8,15,21,26,25,14,37,15,23,25,18,42,9,12,23,17,46,17,15,19,31,7,35,14,15,13,32,39,0,35,18,29,9,16,47,17,22,13,13,26,14,35,16,14,12,22,36,10,12,2,16,25,8,27,7,19,16,11,10,29,17,17,4,13,13,17,7,11,20,58,23,51,8,7,10,22,23,27,28,24,12,18,22,13,0,8,0,15,14,14,14,24,20,52,26,29,15,37,25,14,21,8,23,12,25,19,31,46,23,15,7,42,9,15,17,14,18,17,35,13,32,0,39,13,18,26,35,14,9,17,47,12,29,16,13,35,22,16,10,22,14,12,25,36,7,8,2,27,16,10,17,29,16,11,19,17,4
Psmd13,8,6,2,2,2,3,3,5,12,3,8,7,9,15,0,11,7,7,6,8,8,2,8,2,8,0,0,8,5,3,6,3,3,4,5,6,0,13,4,4,5,4,8,7,10,4,6,14,9,12,11,8,6,8,4,2,6,8,5,1,13,5,5,5,7,15,13,8,0,10,9,9,8,14,2,5,8,14,4,9,5,9,14,0,7,0,9,2,7,2,8,5,11,5,7,8,15,3,2,3,5,12,6,6,2,9,8,11,8,7,3,2,0,7,0,0,3,2,3,2,8,8,8,6,8,5,5,4,13,6,0,4,3,4,10,5,11,8,14,4,2,6,8,7,12,6,4,4,9,8,6,8,1,5,10,5,9,13,9,5,13,15,5,5,7,0,8,8,14,4,8,2,9,14,14,0,0,5,7,9,2,5,8,2,7,9,11,5
Psme4,1,14,0,0,2,8,3,8,0,2,6,5,0,4,0,0,0,7,10,9,0,4,3,4,0,0,3,1,6,8,8,4,0,9,5,0,5,4,11,13,0,15,0,11,6,0,13,15,5,10,6,0,11,9,0,4,7,8,0,11,3,5,6,5,11,7,5,4,0,0,0,3,6,5,7,0,6,0,5,5,2,16,3,8,9,8,9,6,5,18,5,4,8,4,0,1,4,2,0,3,8,0,10,14,2,0,9,0,6,5,8,0,0,7,3,0,4,4,0,4,0,3,1,8,0,5,6,11,4,0,5,9,8,13,6,0,6,0,15,0,4,11,0,11,10,13,0,15,5,9,7,8,11,0,0,5,0,3,3,5,5,7,0,6,11,0,6,4,5,5,6,7,5,3,0,8,8,2,9,16,18,4,5,6,5,9,8,4
Pspc1,0,0,0,2,0,0,0,0,0,1,0,7,0,0,0,0,0,0,4,3,3,0,0,0,0,0,0,0,0,1,2,4,9,0,2,0,0,4,0,0,4,4,8,0,0,0,5,0,0,2,3,0,4,0,0,5,4,7,6,0,0,6,0,6,0,3,1,0,0,4,0,0,1,7,0,0,0,16,0,0,4,0,0,3,0,0,0,3,0,0,0,0,13,1,0,0,0,1,2,0,0,0,4,0,0,0,3,0,0,7,0,0,0,0,0,0,4,0,9,0,3,0,0,2,0,2,0,0,4,0,0,0,1,0,0,4,3,0,0,0,5,4,8,0,2,5,0,4,0,0,4,7,0,6,4,6,0,0,0,6,1,3,0,0,0,0,1,0,7,0,0,0,0,0,16,0,3,4,0,0,0,0,0,3,0,0,13,1
Ptpn2,3,9,6,4,0,1,5,2,7,9,0,9,0,0,3,5,4,0,0,0,10,0,0,0,2,0,0,0,0,12,8,3,0,0,0,5,0,3,0,0,0,5,2,4,0,1,0,5,4,6,3,4,0,0,0,0,6,7,6,5,19,2,2,4,3,12,1,3,0,0,2,2,1,0,3,7,3,9,0,5,3,5,1,4,0,5,0,4,5,0,0,6,6,0,4,3,0,9,4,5,2,7,0,9,0,0,0,5,0,9,1,6,3,0,0,0,3,0,0,0,10,0,0,8,2,0,0,0,3,5,0,0,12,0,0,0,3,4,5,1,0,0,2,4,6,0,0,5,4,0,6,7,5,6,0,2,2,19,2,4,1,12,7,2,3,0,1,3,0,0,3,3,5,1,9,5,4,3,0,5,0,6,0,4,5,0,6,0
Pycard,0,0,0,0,0,14,0,22,0,0,0,0,0,0,0,0,0,0,0,0,0,0,0,1,1,0,0,8,11,0,0,0,0,0,1,0,3,4,0,0,0,0,9,8,0,7,0,9,4,0,6,0,13,0,0,0,0,0,0,0,0,0,0,7,4,0,0,0,5,0,0,1,0,0,0,0,0,0,0,0,0,13,0,0,0,0,0,12,0,0,0,0,6,0,0,0,0,0,0,0,22,0,0,0,0,0,0,0,0,0,14,0,0,0,0,0,0,0,0,1,0,0,8,0,1,1,11,0,4,0,3,0,0,0,0,0,6,0,9,7,0,13,9,8,0,0,0,0,4,0,0,0,0,0,0,0,0,0,1,7,0,0,0,0,4,5,0,0,0,0,0,0,0,0,0,0,0,0,0,13,0,0,0,12,0,0,6,0
Qdpr,5,1,0,4,0,1,9,13,4,6,5,10,4,7,4,1,7,10,2,1,6,8,2,8,4,0,3,7,0,1,5,6,5,17,15,1,3,15,1,2,2,5,3,7,0,3,8,0,3,14,6,3,0,4,0,0,9,0,6,7,8,0,0,11,0,19,2,0,2,4,0,3,4,7,0,12,2,11,20,3,4,5,3,5,7,1,12,0,13,0,3,11,0,4,7,5,7,6,4,9,13,4,2,1,0,4,1,1,5,10,1,0,4,10,3,0,6,8,5,8,6,2,7,5,4,15,0,1,15,1,3,17,1,2,0,2,6,3,0,3,0,0,3,7,14,8,0,5,3,4,9,0,7,6,4,0,0,8,3,11,2,19,12,0,0,2,4,0,7,20,2,0,3,3,11,1,5,4,7,5,0,11,3,0,13,12,0,4
Qk,0,4,4,4,2,3,1,8,3,1,1,3,3,0,4,0,2,0,2,0,3,8,0,1,0,0,4,8,5,3,3,8,1,6,8,4,4,12,5,0,2,3,2,4,7,1,7,6,0,5,3,2,7,7,1,0,4,15,2,3,7,2,7,1,9,7,0,10,1,6,3,0,8,1,1,5,1,4,3,5,3,5,0,19,8,4,2,4,9,9,0,0,4,2,2,0,0,1,4,1,8,3,2,4,2,3,0,0,1,3,3,4,4,0,4,0,8,8,1,1,3,0,8,3,0,8,5,5,12,4,4,6,3,0,7,2,3,2,6,1,0,7,2,4,5,7,1,3,0,7,4,15,3,2,6,2,3,7,0,1,0,7,5,7,9,1,8,10,1,3,1,1,5,0,4,4,19,3,8,5,9,0,0,4,9,2,4,2
Rab40c,0,0,0,0,0,0,0,0,0,0,2,0,0,4,0,0,0,3,0,0,2,0,0,0,1,0,0,5,0,0,0,4,0,5,0,6,0,0,9,9,0,4,0,0,0,2,0,0,0,0,0,0,1,1,0,0,0,0,0,0,10,0,0,0,0,0,7,0,0,1,0,0,0,0,0,0,2,0,0,0,0,0,0,0,7,0,5,0,4,0,0,0,0,4,0,0,4,0,0,0,0,0,0,0,0,0,0,0,2,0,0,0,0,3,0,0,4,0,0,0,2,0,5,0,1,0,0,9,0,6,0,5,0,9,0,0,0,0,0,2,0,1,0,0,0,0,0,4,0,1,0,0,0,0,1,0,0,10,0,0,7,0,0,0,0,0,0,0,0,0,2,0,0,0,0,0,0,0,7,0,0,0,0,0,4,5,0,4
Rab7,0,0,6,4,3,3,2,4,10,3,5,0,2,6,2,6,3,0,6,6,0,7,0,4,5,0,0,3,0,2,0,8,5,12,3,0,4,7,0,0,0,5,4,2,7,0,3,10,0,1,2,20,0,11,5,3,10,4,14,3,0,11,0,3,15,8,0,13,0,4,4,1,0,8,1,7,1,5,5,6,3,10,4,3,3,0,9,14,5,2,6,1,6,0,3,0,6,3,4,2,4,10,6,0,3,2,6,6,5,0,3,6,2,0,0,0,8,7,5,4,0,0,3,0,5,3,0,0,7,0,4,12,2,0,7,0,2,20,10,0,3,0,4,2,1,3,5,5,0,11,10,4,3,14,4,11,4,0,1,3,0,8,7,0,15,0,0,13,8,5,1,1,6,4,5,0,3,3,3,10,2,1,6,14,5,9,6,0
Rab9,2,8,5,3,0,4,10,14,0,12,6,5,5,6,8,14,3,7,11,13,14,8,1,5,6,0,17,19,4,14,17,1,7,14,8,10,3,23,7,3,3,0,9,15,7,8,12,10,4,8,16,10,8,12,6,8,2,6,8,7,10,8,2,5,20,11,0,10,1,4,4,2,15,12,5,11,13,17,7,9,14,10,0,9,21,0,14,8,5,4,10,3,15,3,3,2,6,12,3,10,14,0,11,8,0,5,13,14,6,5,4,5,8,7,17,0,1,8,7,5,14,1,19,17,6,8,4,7,23,10,3,14,14,3,7,3,16,10,10,8,8,8,9,15,8,12,6,0,4,12,2,6,7,8,4,8,4,10,2,5,0,11,11,2,20,1,15,10,12,7,13,5,9,0,17,0,9,14,21,10,4,3,10,8,5,14,15,3
Rad23b,5,6,3,1,0,0,0,0,11,4,0,2,0,8,0,8,1,0,2,3,6,5,3,6,7,0,5,3,6,3,2,0,5,0,0,9,3,4,7,4,4,3,4,4,0,4,7,1,4,3,6,12,7,7,1,1,1,8,4,1,8,3,4,3,10,7,1,5,0,6,10,3,4,11,3,4,1,11,4,3,0,2,6,0,1,0,0,3,6,2,0,0,8,4,1,5,8,4,1,0,0,11,2,6,0,0,3,8,0,2,0,3,0,0,5,0,0,5,5,6,6,3,3,2,7,0,6,7,4,9,3,0,3,4,0,4,6,12,1,4,1,7,4,4,3,7,1,3,4,7,1,8,1,4,6,3,10,8,3,3,1,7,4,4,10,0,4,5,11,4,1,3,3,6,11,0,0,0,1,2,2,0,0,3,6,0,8,4
Rad51ap1,0,0,0,9,0,0,6,0,6,2,4,0,0,7,5,3,0,0,0,0,0,2,1,0,0,5,0,1,0,0,0,3,0,3,0,0,0,11,0,0,0,0,14,0,0,8,0,12,0,12,13,5,2,9,0,0,0,0,0,3,12,0,0,1,8,2,0,5,4,1,5,0,0,5,0,0,0,0,2,3,0,1,0,0,8,0,16,0,0,1,0,0,0,0,0,0,7,2,9,6,0,6,0,0,0,0,0,3,4,0,0,0,5,0,0,5,3,2,0,0,0,1,1,0,0,0,0,0,11,0,0,3,0,0,0,0,13,5,12,8,0,2,14,0,12,0,0,0,0,9,0,0,3,0,1,0,5,12,0,1,0,2,0,0,8,4,0,5,5,2,0,0,3,0,0,0,0,0,8,1,1,0,0,0,0,16,0,0
Rangap1,3,6,2,5,0,4,2,0,6,3,4,0,7,11,2,6,0,3,3,2,3,0,0,2,1,0,0,4,0,6,1,1,20,14,7,6,2,3,10,8,0,0,11,6,1,6,5,2,4,0,9,4,10,7,1,9,2,2,3,0,0,0,2,4,15,7,4,10,4,5,4,5,13,4,8,9,0,7,4,6,10,6,4,3,23,0,7,16,15,5,11,7,6,1,0,3,11,3,5,2,0,6,3,6,0,7,2,6,4,0,4,2,2,3,0,0,1,0,20,2,3,0,4,1,1,7,0,10,3,6,2,14,6,8,1,0,9,4,2,6,9,10,11,6,0,5,1,0,4,7,2,2,0,3,5,0,4,0,5,4,4,7,9,2,15,4,13,10,4,4,0,8,6,4,7,0,3,10,23,6,5,7,11,16,15,7,6,1
Rars2,0,3,0,2,6,2,3,0,4,0,0,3,0,4,2,0,1,8,8,2,0,5,11,0,3,0,0,7,0,0,3,5,0,4,0,4,0,4,6,0,3,1,8,1,2,3,5,0,0,6,0,0,4,0,5,1,11,0,2,2,3,4,3,2,1,9,0,0,0,2,5,3,0,0,0,6,4,2,2,6,0,6,1,2,7,0,0,0,3,12,1,2,8,4,1,0,4,0,2,3,0,4,8,3,6,0,2,0,0,3,2,0,2,8,0,0,5,5,0,0,0,11,7,3,3,0,0,6,4,4,0,4,0,0,2,3,0,0,0,3,1,4,8,1,6,5,5,1,0,0,11,0,2,2,2,4,5,3,3,2,0,9,6,3,1,0,0,0,0,2,4,0,6,1,2,0,2,0,7,6,12,2,1,0,3,0,8,4
Rbbp7,0,0,0,0,0,0,0,0,0,0,0,0,0,0,9,0,0,18,0,0,0,0,0,0,0,0,27,0,0,0,0,0,0,32,0,0,0,0,0,13,0,0,0,0,0,0,0,0,0,36,0,0,0,30,0,0,0,0,0,0,0,0,0,0,0,0,0,0,0,0,0,0,0,0,0,0,0,0,0,0,0,0,0,0,22,0,0,0,0,0,0,15,0,0,0,0,0,0,0,0,0,0,0,0,0,0,0,0,0,0,0,0,9,18,27,0,0,0,0,0,0,0,0,0,0,0,0,0,0,0,0,32,0,13,0,0,0,0,0,0,0,0,0,0,36,0,0,0,0,30,0,0,0,0,0,0,0,0,0,0,0,0,0,0,0,0,0,0,0,0,0,0,0,0,0,0,0,0,22,0,0,15,0,0,0,0,0,0
Rbm34,2,0,5,0,0,7,0,3,4,2,1,1,1,6,0,0,3,0,0,4,5,2,2,0,3,0,1,6,0,0,0,1,0,0,3,0,0,2,0,3,0,2,0,5,0,0,0,0,0,4,0,1,0,2,0,4,0,3,0,4,4,0,1,0,5,4,3,0,0,0,9,1,2,5,0,5,0,0,0,0,2,0,1,0,6,0,0,0,2,0,0,0,0,2,3,2,6,2,0,0,3,4,0,0,0,1,4,0,1,1,7,5,0,0,1,0,1,2,0,0,5,2,6,0,3,3,0,0,2,0,0,0,0,3,0,0,0,1,0,0,4,0,0,5,4,0,0,2,0,2,0,3,4,0,0,0,9,4,1,0,3,4,5,1,5,0,2,0,5,0,0,0,0,1,0,0,0,2,6,0,0,0,0,0,2,0,0,2
Rbm42,0,5,5,0,5,1,3,11,4,5,8,10,0,2,8,5,8,7,8,5,8,2,2,6,12,0,6,4,0,0,5,0,0,5,3,14,2,14,7,6,0,1,6,3,0,10,6,6,0,13,6,12,7,7,1,0,0,5,3,2,0,1,2,5,2,8,0,1,4,2,13,0,7,4,2,10,3,7,2,4,8,3,0,3,0,0,5,3,5,6,2,11,14,7,8,0,2,5,0,3,11,4,8,5,5,0,5,5,8,10,1,5,8,7,6,0,0,2,0,6,8,2,4,5,12,3,0,7,14,14,2,5,0,6,0,0,6,12,6,10,0,7,6,3,13,6,1,1,0,7,0,5,2,3,2,1,13,0,0,5,0,8,10,2,2,4,7,1,4,2,3,2,4,0,7,0,3,8,0,3,6,11,2,3,5,5,14,7
Rbm7,0,0,0,3,0,4,0,0,0,1,0,3,0,3,0,0,0,1,0,0,7,0,0,0,6,0,3,4,1,10,0,0,0,0,3,4,0,0,0,3,0,0,2,3,2,3,4,0,0,0,7,6,6,1,0,0,5,0,1,4,5,0,0,2,8,0,2,2,3,4,5,1,1,2,1,5,0,0,0,0,7,0,3,0,5,2,5,0,0,0,0,6,2,4,0,0,3,1,3,0,0,0,0,0,0,0,0,0,0,3,4,0,0,1,3,0,0,0,0,0,7,0,4,0,6,3,1,0,0,4,0,0,10,3,2,0,7,6,0,3,0,6,2,3,0,4,0,0,0,1,5,0,4,1,4,0,5,5,1,2,2,0,5,0,8,3,1,2,2,0,0,1,0,3,0,2,0,7,5,0,0,6,0,0,0,5,2,4
Rfc1,0,4,11,6,4,7,4,7,12,8,8,3,2,10,6,7,1,13,0,8,4,12,1,5,12,0,5,6,2,5,5,8,0,7,0,10,2,12,1,7,3,5,6,0,4,4,5,6,12,8,7,14,6,11,6,3,4,15,0,11,9,2,3,4,1,9,5,9,4,2,10,4,11,4,1,5,10,9,6,7,8,9,0,1,4,5,5,2,11,0,11,3,3,0,1,0,10,8,6,4,7,12,0,4,4,2,8,7,8,3,7,11,6,13,5,0,8,12,0,5,4,1,6,5,12,0,2,1,12,10,2,7,5,7,4,3,7,14,6,4,3,6,6,0,8,5,6,5,12,11,4,15,11,0,2,2,10,9,4,4,5,9,5,3,1,4,11,9,4,6,10,1,7,0,9,5,1,8,4,9,0,3,11,2,11,5,3,0
Rfc4,0,3,3,7,0,3,0,5,0,1,1,3,3,4,0,4,2,5,5,0,2,0,7,2,6,0,2,5,0,0,2,1,0,5,1,4,5,9,4,4,2,1,1,0,7,4,10,8,0,24,0,0,3,7,0,2,2,10,6,1,11,9,1,6,4,7,11,6,0,4,12,0,8,4,0,2,9,10,2,6,3,10,2,2,2,2,2,1,4,7,3,3,5,0,2,0,4,1,7,0,5,0,5,3,0,3,0,4,1,3,3,3,0,5,2,0,1,0,0,2,2,7,5,2,6,1,0,4,9,4,5,5,0,4,7,2,0,0,8,4,2,3,1,0,24,10,0,1,0,7,2,10,1,6,4,9,12,11,0,6,11,7,2,1,4,0,8,6,4,2,9,0,6,2,10,2,2,3,2,10,7,3,3,1,4,2,5,0
Rlf,0,0,1,2,6,5,2,7,2,3,0,4,0,6,0,0,4,0,2,0,5,6,0,1,8,0,0,4,0,3,11,5,0,13,0,4,4,8,4,0,1,2,9,2,2,0,4,5,3,2,1,2,5,5,2,10,0,5,5,8,3,6,0,0,0,6,4,5,1,4,5,7,1,4,0,2,2,4,5,1,4,4,1,1,6,1,2,1,1,0,5,0,1,9,4,0,6,3,2,2,7,2,2,0,6,0,0,0,0,4,5,1,0,0,0,0,5,6,0,1,5,0,4,11,8,0,0,4,8,4,4,13,3,0,2,1,1,2,5,0,10,5,9,2,2,4,2,2,3,5,0,5,8,5,4,6,5,3,7,0,4,6,2,0,0,1,1,5,4,5,2,0,1,1,4,1,1,4,6,4,0,0,5,1,1,2,1,9
Rnasek,0,7,6,3,6,0,0,0,1,9,5,3,4,1,8,6,1,6,3,0,0,4,2,0,3,0,5,3,0,0,0,0,0,8,5,5,3,13,1,0,0,2,15,4,4,11,0,3,0,3,1,5,8,1,6,8,7,1,6,3,10,0,3,2,0,6,0,0,1,0,6,1,18,11,2,5,7,0,0,3,0,4,4,4,4,0,3,3,4,0,0,0,0,4,1,0,1,9,3,0,0,1,3,7,6,4,0,6,5,3,0,6,8,6,5,0,0,4,0,0,0,2,3,0,3,5,0,1,13,5,3,8,0,0,4,0,1,5,3,11,8,8,15,4,3,0,6,2,0,1,7,1,3,6,0,0,6,10,1,2,0,6,5,3,0,1,18,0,11,0,7,2,3,4,0,0,4,0,4,4,0,0,0,3,4,3,0,4
Rnf114,0,0,0,0,0,4,0,0,0,2,0,0,0,0,2,0,7,6,3,0,0,3,5,0,1,0,0,6,7,0,6,1,0,0,0,0,0,5,0,0,0,0,0,0,0,0,0,6,0,2,0,7,0,0,0,4,2,0,9,0,0,0,2,3,0,5,0,5,0,0,0,5,8,1,0,9,0,3,0,10,6,0,2,0,0,1,5,0,2,4,0,0,3,0,7,0,0,2,0,0,0,0,3,0,0,0,0,0,0,0,4,0,2,6,0,0,1,3,0,0,0,5,6,6,1,0,7,0,5,0,0,0,0,0,0,0,0,7,6,0,4,0,0,0,2,0,0,0,0,0,2,0,0,9,0,0,0,0,5,3,0,5,9,2,0,0,8,5,1,0,0,0,10,2,3,1,0,6,0,0,4,0,0,0,2,5,3,0
Rnh1,0,4,0,2,1,1,0,6,0,2,5,10,0,6,1,3,3,1,4,1,1,0,0,0,7,0,8,7,11,0,1,0,2,4,0,0,2,0,3,0,8,1,0,3,3,2,3,0,3,2,3,1,4,5,0,4,3,1,0,4,6,0,0,1,0,0,6,6,5,2,0,0,0,1,6,8,3,3,0,2,4,3,0,2,5,2,0,6,0,0,2,0,3,6,3,0,6,2,2,0,6,0,4,4,1,0,1,3,5,10,1,0,1,1,8,0,0,0,2,0,1,0,7,1,7,0,11,3,0,0,2,4,0,0,3,8,3,1,0,2,4,4,0,3,2,3,0,1,3,5,3,1,4,0,2,0,0,6,0,1,6,0,8,0,0,5,0,6,1,0,3,6,2,0,3,2,2,4,5,3,0,0,2,6,0,0,3,6
Rnmt,0,0,4,0,0,4,3,5,11,3,4,4,1,11,0,0,2,2,5,1,6,1,3,0,9,0,0,3,2,3,1,4,2,2,2,3,0,4,5,3,10,4,0,5,1,2,2,0,3,9,0,0,6,11,2,0,3,10,2,3,3,2,0,3,4,12,3,0,0,3,6,1,5,3,0,3,1,6,3,1,5,5,0,2,0,2,7,0,5,3,4,0,7,1,2,0,11,3,0,3,5,11,5,0,0,1,1,0,4,4,4,4,0,2,0,0,4,1,2,0,6,3,3,1,9,2,2,5,4,3,0,2,3,3,1,10,0,0,0,2,0,6,0,5,9,2,2,4,3,11,3,10,3,2,3,2,6,3,1,3,3,12,3,0,4,0,5,0,3,3,1,0,1,0,6,2,2,5,0,5,3,0,4,0,5,7,7,1
Rock1,6,0,0,0,3,6,3,13,11,10,7,7,8,12,6,12,3,7,8,7,10,5,8,9,2,0,0,0,4,6,2,5,9,17,6,8,0,9,7,4,5,8,0,0,6,4,7,0,12,4,8,16,9,4,4,7,3,4,5,1,5,11,0,4,0,10,0,11,4,7,2,6,12,12,0,5,5,16,0,8,7,0,2,3,8,0,9,3,1,0,2,11,8,0,3,6,12,10,0,3,13,11,8,0,3,8,7,12,7,7,6,0,6,7,0,0,5,5,9,9,10,8,0,2,2,6,4,7,9,8,0,17,6,4,6,5,8,16,0,4,7,9,0,0,4,7,4,8,12,4,3,4,1,5,7,11,2,5,6,4,0,10,5,0,0,4,12,11,12,0,5,0,8,2,16,0,3,7,8,0,0,11,2,3,1,9,8,0
Rpf1,0,5,0,1,0,2,2,5,0,4,4,3,4,4,0,2,1,7,1,2,2,4,2,5,2,0,3,2,0,1,2,0,3,0,8,7,2,11,4,4,5,3,0,4,4,0,7,3,0,7,8,6,3,9,3,3,6,4,4,0,7,2,0,1,8,4,1,2,1,0,10,1,9,3,1,1,4,5,4,2,3,7,0,0,1,0,3,3,5,0,2,0,0,0,1,0,4,4,1,2,5,0,1,5,0,4,2,2,4,3,2,0,0,7,3,0,0,4,3,5,2,2,2,2,2,8,0,4,11,7,2,0,1,4,4,5,8,6,3,0,3,3,0,4,7,7,3,3,0,9,6,4,0,4,0,2,10,7,1,1,1,4,1,0,8,1,9,2,3,4,4,1,2,0,5,0,0,3,1,7,0,0,2,3,5,3,0,0
Rpl13,0,0,0,7,0,0,0,0,0,0,0,0,1,0,2,0,0,24,0,0,20,0,0,16,0,0,0,0,0,0,0,0,0,23,18,0,0,12,0,0,0,7,0,0,0,0,8,8,0,29,0,0,0,16,0,0,0,0,0,0,7,0,0,0,0,0,0,7,0,0,0,0,12,0,2,0,0,32,0,0,0,0,0,0,0,0,17,0,0,0,0,0,0,0,0,0,0,0,7,0,0,0,0,0,0,1,0,0,0,0,0,0,2,24,0,0,0,0,0,16,20,0,0,0,0,18,0,0,12,0,0,23,0,0,0,0,0,0,8,0,0,0,0,0,29,8,0,7,0,16,0,0,0,0,0,0,0,7,0,0,0,0,0,0,0,0,12,7,0,0,0,2,0,0,32,0,0,0,0,0,0,0,0,0,0,17,0,0
Rpl23,7,0,0,16,1,5,8,0,16,25,0,5,0,0,4,0,0,0,13,0,14,15,7,12,0,0,0,0,6,0,0,11,8,0,0,16,16,49,1,17,3,0,24,15,2,0,0,43,9,41,23,10,0,28,9,1,0,0,0,0,7,14,0,16,14,0,0,4,8,13,18,0,16,9,0,0,7,16,10,14,7,0,16,17,14,0,0,4,18,0,19,0,12,0,0,7,0,25,16,8,0,16,13,0,1,0,0,0,0,5,5,0,4,0,0,0,11,15,8,12,14,7,0,0,0,0,6,1,49,16,16,0,0,17,2,3,23,10,43,0,1,0,24,15,41,0,9,0,9,28,0,0,0,0,13,14,18,7,0,16,0,0,0,0,14,8,16,4,9,10,7,0,14,16,16,0,17,7,14,0,0,0,19,4,18,0,12,0
Rpl41,11,7,7,9,0,7,13,12,4,23,11,4,6,15,0,8,12,8,9,6,13,7,13,6,12,0,4,25,6,3,11,3,0,17,0,4,6,25,6,11,0,9,5,18,11,4,6,6,9,12,14,22,4,14,7,3,10,15,6,13,24,20,5,9,22,5,11,11,2,14,15,7,22,2,2,20,0,12,0,14,8,7,0,4,8,4,17,8,27,9,7,16,17,0,12,11,15,23,9,13,12,4,9,7,0,6,6,8,11,4,7,7,0,8,4,0,3,7,0,6,13,13,25,11,12,0,6,6,25,4,6,17,3,11,11,0,14,22,6,4,3,4,5,18,12,6,7,9,9,14,10,15,13,6,14,20,15,24,7,9,11,5,20,5,22,2,22,11,2,0,0,2,14,0,12,4,4,8,8,7,9,16,7,8,27,17,17,0
Rpl5,2,0,11,0,9,3,0,0,0,0,0,0,0,17,0,4,0,0,7,15,11,7,0,0,0,0,15,17,4,0,0,0,0,0,6,2,13,10,20,0,0,14,10,0,3,11,0,0,7,3,0,0,9,0,3,0,6,20,6,0,0,20,0,9,0,0,0,4,0,0,0,0,0,0,0,0,4,12,0,0,0,0,18,0,4,0,0,0,7,0,0,0,2,0,0,2,17,0,0,0,0,0,7,0,9,0,15,4,0,0,3,11,0,0,15,0,0,7,0,0,11,0,17,0,0,6,4,20,10,2,13,0,0,0,3,0,0,0,0,11,0,9,10,0,3,0,3,14,7,0,6,20,0,6,0,20,0,0,0,9,0,0,0,0,0,0,0,4,0,0,4,0,0,18,12,0,0,0,4,0,0,0,0,0,7,0,2,0
Rplp0,2,1,15,0,0,0,0,5,0,4,2,6,0,0,5,0,0,0,0,12,4,0,0,0,12,0,12,0,0,0,0,0,0,8,0,0,0,10,0,0,0,8,6,0,0,2,1,9,0,22,0,9,0,5,2,0,0,0,15,0,18,2,0,0,22,0,13,4,6,9,11,12,0,0,0,14,0,21,4,4,6,10,12,0,0,0,0,0,0,0,0,0,0,0,0,2,0,4,0,0,5,0,0,1,0,0,12,0,2,6,0,15,5,0,12,0,0,0,0,0,4,0,0,0,12,0,0,0,10,0,0,8,0,0,0,0,0,9,9,2,0,0,6,0,22,1,2,8,0,5,0,0,0,15,9,2,11,18,12,0,13,0,14,0,22,6,0,4,0,4,0,0,4,12,21,0,0,6,0,10,0,0,0,0,0,0,0,0
Rpp38,0,0,0,3,0,0,0,0,4,4,4,0,0,0,0,0,0,0,5,4,0,0,4,0,3,0,0,3,0,0,9,0,0,6,0,0,0,0,0,5,0,0,4,0,0,6,0,10,0,0,0,0,0,3,0,0,0,15,4,8,0,0,0,0,0,6,4,1,0,0,2,0,4,4,1,0,1,0,8,3,3,0,0,5,5,0,0,0,0,0,0,0,0,0,0,0,0,4,3,0,0,4,5,0,0,0,4,0,4,0,0,0,0,0,0,0,0,0,0,0,0,4,3,9,3,0,0,0,0,0,0,6,0,5,0,0,0,0,10,6,0,0,4,0,0,0,0,0,0,3,0,15,8,4,0,0,2,0,0,0,4,6,0,0,0,0,4,1,4,8,1,1,3,0,0,0,5,3,5,0,0,0,0,0,0,0,0,0
Rps15a,10,0,0,0,0,0,0,0,0,13,0,0,0,0,0,0,25,0,0,0,0,0,0,0,0,0,0,0,0,0,0,7,0,0,0,0,0,22,0,0,0,0,0,0,0,0,0,0,0,0,0,0,6,0,0,0,0,0,0,0,0,0,6,0,0,0,0,0,0,0,0,0,0,0,0,0,0,25,0,0,0,0,0,0,0,0,0,0,0,0,0,15,0,0,25,10,0,13,0,0,0,0,0,0,0,0,0,0,0,0,0,0,0,0,0,0,7,0,0,0,0,0,0,0,0,0,0,0,22,0,0,0,0,0,0,0,0,0,0,0,0,6,0,0,0,0,0,0,0,0,0,0,0,0,0,0,0,0,0,0,0,0,0,6,0,0,0,0,0,0,0,0,0,0,25,0,0,0,0,0,0,15,0,0,0,0,0,0
Rps8,13,12,12,6,2,6,7,34,29,49,23,5,0,23,4,25,14,25,30,20,34,12,8,7,16,0,5,44,11,14,13,6,2,10,19,16,3,24,18,10,15,11,12,12,10,13,27,11,13,31,24,28,7,41,6,16,21,23,15,6,15,17,9,13,0,31,10,30,3,19,11,10,26,30,5,16,14,15,13,27,18,16,20,12,21,3,34,10,20,20,4,5,17,3,14,13,23,49,6,7,34,29,30,12,2,0,20,25,23,5,6,12,4,25,5,0,6,12,2,7,34,8,44,13,16,19,11,18,24,16,3,10,14,10,10,15,24,28,11,13,16,7,12,12,31,27,6,11,13,41,21,23,6,15,19,17,11,15,10,13,10,31,16,9,0,3,26,30,30,13,14,5,27,20,15,3,12,18,21,16,20,5,4,10,20,34,17,3
Rragc,1,0,0,2,0,1,3,2,0,0,0,1,0,0,0,5,4,5,3,3,7,3,1,5,3,0,5,2,4,1,2,1,3,2,2,3,6,6,5,2,6,2,7,11,4,3,0,5,7,3,8,4,0,4,0,4,4,2,4,4,6,1,0,1,3,8,0,4,3,3,1,2,8,3,1,0,2,3,1,6,0,0,8,0,0,2,0,1,0,0,3,0,4,1,4,1,0,0,2,3,2,0,3,0,0,0,3,5,0,1,1,0,0,5,5,0,1,3,3,5,7,1,2,2,3,2,4,5,6,3,6,2,1,2,4,6,8,4,5,3,4,0,7,11,3,0,0,2,7,4,4,2,4,4,3,1,1,6,2,1,0,8,0,0,3,3,8,4,3,1,2,1,6,8,3,2,0,0,0,0,0,0,3,1,0,0,4,1
Rrbp1,7,13,12,8,0,10,11,13,15,8,17,10,3,9,26,28,25,5,31,15,14,6,7,11,12,0,2,20,6,5,14,7,10,12,10,16,9,26,17,13,11,11,13,7,10,11,24,1,1,5,0,11,10,15,19,2,9,7,6,6,24,1,1,7,35,28,9,19,0,8,16,5,15,9,5,12,7,16,13,21,21,6,4,10,23,7,11,7,22,6,2,13,9,1,25,7,9,8,8,11,13,15,31,13,0,3,15,28,17,10,10,12,26,5,2,0,7,6,10,11,14,7,20,14,12,10,6,17,26,16,9,12,5,13,10,11,0,11,1,11,2,10,13,7,5,24,19,11,1,15,9,7,6,6,8,1,16,24,5,7,9,28,12,1,35,0,15,19,9,13,7,5,21,4,16,7,10,21,23,6,6,13,2,7,22,11,9,1
Rrm1,0,0,0,3,0,3,1,9,8,6,5,5,0,0,1,3,0,4,10,5,1,4,1,3,4,0,3,4,0,0,10,4,2,6,1,3,0,7,5,2,3,3,0,5,2,4,6,10,0,4,4,6,0,16,2,3,5,9,2,2,5,2,1,2,1,6,3,4,0,2,6,3,9,19,1,3,7,5,3,4,8,9,2,2,8,0,3,0,5,0,2,1,3,0,0,0,0,6,3,1,9,8,10,0,0,0,5,3,5,5,3,0,1,4,3,0,4,4,2,3,1,1,4,10,4,1,0,5,7,3,0,6,0,2,2,3,4,6,10,4,3,0,0,5,4,6,2,3,0,16,5,9,2,2,2,2,6,5,3,2,3,6,3,1,1,0,9,4,19,3,7,1,4,2,5,0,2,8,8,9,0,1,2,0,5,3,3,0
Rrm2,6,2,5,0,0,5,3,8,15,2,4,11,3,6,3,4,4,4,8,8,3,4,7,11,10,0,12,8,11,2,5,3,3,4,4,4,14,6,10,0,4,3,8,11,9,9,7,7,2,5,15,10,1,28,8,1,6,4,10,0,8,4,0,8,6,19,1,10,0,1,5,4,9,8,1,6,2,9,7,7,3,6,5,6,4,0,10,7,8,5,5,12,4,0,4,6,6,2,0,3,8,15,8,2,0,3,8,4,4,11,5,5,3,4,12,0,3,4,3,11,3,7,8,5,10,4,11,10,6,4,14,4,2,0,9,4,15,10,7,9,1,1,8,11,5,7,8,3,2,28,6,4,0,10,1,4,5,8,4,8,1,19,6,0,6,0,9,10,8,7,2,1,7,5,9,0,6,3,4,6,5,12,5,7,8,10,4,0
Rsl1d1,14,11,6,15,3,16,13,24,27,12,23,9,6,20,0,13,10,14,16,21,21,12,13,11,7,0,19,27,16,7,14,4,6,30,27,16,21,19,6,18,6,5,22,8,16,13,24,13,22,16,17,15,11,26,8,5,13,13,15,5,30,9,10,19,30,51,4,12,6,19,20,11,33,19,17,15,24,14,10,15,12,9,5,17,21,0,14,4,13,4,11,20,19,2,10,14,20,12,15,13,24,27,16,11,3,6,21,13,23,9,16,6,0,14,19,0,4,12,6,11,21,13,27,14,7,27,16,6,19,16,21,30,7,18,16,6,17,15,13,13,5,11,22,8,16,24,8,5,22,26,13,13,5,15,19,9,20,30,11,19,4,51,15,10,30,6,33,12,19,10,24,17,15,5,14,0,17,12,21,9,4,20,11,4,13,14,19,2
Scaf8,6,0,0,0,0,0,1,4,4,7,0,0,0,8,0,0,0,0,0,0,6,4,0,2,0,0,0,0,0,0,0,0,0,0,0,0,0,4,2,3,0,0,1,0,5,0,3,0,1,7,0,0,0,0,6,0,0,0,0,8,0,2,0,3,6,6,0,1,1,0,0,0,2,4,0,0,1,9,0,0,0,3,3,3,8,0,4,0,0,0,0,4,0,2,0,6,8,7,0,1,4,4,0,0,0,0,0,0,0,0,0,0,0,0,0,0,0,4,0,2,6,0,0,0,0,0,0,2,4,0,0,0,0,3,5,0,0,0,0,0,0,0,1,0,7,3,6,0,1,0,0,0,8,0,0,2,0,0,0,3,0,6,0,0,6,1,2,1,4,0,1,0,0,3,9,0,3,0,8,3,0,4,0,0,0,4,0,2
Scd2,10,13,35,15,0,6,10,15,16,7,6,18,14,18,0,20,0,11,0,0,23,9,23,0,8,0,0,44,14,27,53,0,18,22,0,22,12,15,12,8,2,15,16,3,11,16,18,8,10,11,3,4,8,2,14,2,12,12,16,38,17,18,9,7,8,29,1,5,10,19,21,31,25,2,11,5,5,14,4,15,0,10,8,5,6,4,13,0,9,14,19,17,15,11,0,10,18,7,15,10,15,16,0,13,0,14,0,20,6,18,6,35,0,11,0,0,0,9,18,0,23,23,44,53,8,0,14,12,15,22,12,22,27,8,11,2,3,4,8,16,2,8,16,3,11,18,14,15,10,2,12,12,38,16,19,18,21,17,31,7,1,29,5,9,8,10,25,5,2,4,5,11,15,8,14,4,5,0,6,10,14,17,19,0,9,13,15,11
Sdhb,5,8,9,10,0,18,11,13,26,13,15,17,3,25,16,13,6,10,22,9,18,23,13,5,6,0,16,42,10,12,33,10,9,15,0,13,8,24,3,15,5,9,33,7,5,5,13,8,8,24,9,14,11,31,14,0,20,18,8,11,26,9,11,18,15,34,11,10,3,14,17,7,38,10,13,17,4,16,12,17,8,24,12,11,11,10,26,6,15,10,15,20,0,1,6,5,25,13,10,11,13,26,22,8,0,3,9,13,15,17,18,9,16,10,16,0,10,23,9,5,18,13,42,33,6,0,10,3,24,13,8,15,12,15,5,5,9,14,8,5,0,11,33,7,24,13,14,9,8,31,20,18,11,8,14,9,17,26,7,18,11,34,17,11,15,3,38,10,10,12,4,13,17,12,16,10,11,8,11,24,10,20,15,6,15,26,0,1
Sdhc,12,10,13,5,0,3,0,20,11,5,0,8,0,5,9,0,0,8,3,10,1,1,12,6,3,0,8,0,7,6,2,6,14,6,2,12,3,13,6,0,0,0,2,5,4,0,6,17,0,8,19,4,5,0,6,2,0,11,7,0,12,12,12,4,0,0,0,13,11,2,7,0,16,17,3,8,10,17,6,11,0,11,11,0,14,2,10,0,7,10,0,0,4,0,0,12,5,5,5,0,20,11,3,10,0,0,10,0,0,8,3,13,9,8,8,0,6,1,14,6,1,12,0,2,3,2,7,6,13,12,3,6,6,0,4,0,19,4,17,0,2,5,2,5,8,6,6,0,0,0,0,11,0,7,2,12,7,12,0,4,0,0,8,12,0,11,16,13,17,6,10,3,11,11,17,2,0,0,14,11,10,0,0,0,7,10,4,0
Sec11a,0,0,0,3,0,3,0,0,0,14,0,0,0,0,0,0,0,0,0,0,7,0,19,0,0,0,4,7,1,0,0,0,0,1,0,6,0,10,0,0,0,2,0,0,9,0,0,0,14,3,4,0,0,0,0,0,0,0,0,0,0,0,5,0,0,8,0,9,0,0,0,0,7,8,4,3,0,0,0,0,5,0,0,0,8,0,0,6,0,0,0,0,13,7,0,0,0,14,3,0,0,0,0,0,0,0,0,0,0,0,3,0,0,0,4,0,0,0,0,0,7,19,7,0,0,0,1,0,10,6,0,1,0,0,9,0,4,0,0,0,0,0,0,0,3,0,0,2,14,0,0,0,0,0,0,0,0,0,0,0,0,8,3,5,0,0,7,9,8,0,0,4,0,0,0,0,0,5,8,0,0,0,0,6,0,0,13,7
Sec62,9,10,13,0,2,0,11,7,0,3,0,0,6,18,20,0,0,20,0,6,9,16,5,0,7,0,0,0,22,0,2,0,15,27,0,23,23,0,19,3,6,0,0,17,28,0,14,18,0,20,11,15,20,27,0,1,21,0,0,15,16,5,0,0,0,9,14,3,0,0,35,9,43,0,2,21,0,0,0,16,19,0,18,2,31,0,0,0,0,0,6,0,0,0,0,9,18,3,0,11,7,0,0,10,2,6,6,0,0,0,0,13,20,20,0,0,0,16,15,0,9,5,0,2,7,0,22,19,0,23,23,27,0,3,28,6,11,15,18,0,1,20,0,17,20,14,0,0,0,27,21,0,15,0,0,5,35,16,9,0,14,9,21,0,0,0,43,3,0,0,0,2,16,18,0,0,2,19,31,0,0,0,6,0,0,0,0,0
Senp6,0,0,2,1,0,0,0,0,0,2,5,0,1,1,3,2,0,0,5,0,0,5,0,0,0,0,0,0,3,3,0,0,2,3,5,2,0,0,0,2,0,0,0,1,0,3,1,0,2,7,8,6,2,6,3,0,0,2,0,3,2,0,0,0,2,0,0,2,0,2,6,0,0,0,4,2,0,1,0,4,5,6,6,0,0,0,0,3,0,1,0,0,0,0,0,0,1,2,1,0,0,0,5,0,0,1,0,2,5,0,0,2,3,0,0,0,0,5,2,0,0,0,0,0,0,5,3,0,0,2,0,3,3,2,0,0,8,6,0,3,0,2,0,1,7,1,3,0,2,6,0,2,3,0,2,0,6,2,0,0,0,0,2,0,2,0,0,2,0,0,0,4,4,6,1,0,0,5,0,6,1,0,0,3,0,0,0,0
Set,10,0,15,4,0,0,15,33,10,25,18,14,0,10,0,19,9,5,11,2,0,10,0,0,36,0,2,21,0,0,18,0,5,26,0,8,2,26,0,10,0,0,0,0,0,8,27,9,5,8,0,4,13,22,17,0,0,15,0,12,0,0,14,0,0,24,0,0,0,24,11,0,29,10,11,0,0,27,6,33,7,4,3,18,0,0,26,6,9,0,3,6,0,0,9,10,10,25,4,15,33,10,11,0,0,0,2,19,18,14,0,15,0,5,2,0,0,10,5,0,0,0,21,18,36,0,0,0,26,8,2,26,0,10,0,0,0,4,9,8,0,13,0,0,8,27,17,0,5,22,0,15,12,0,24,0,11,0,0,0,0,24,0,14,0,0,29,0,10,6,0,11,33,3,27,0,18,7,0,4,0,6,3,6,9,26,0,0
Setd5,0,0,0,1,0,0,4,0,0,0,1,0,2,0,7,8,0,0,0,0,10,3,5,5,0,0,5,6,0,5,0,0,3,0,2,1,0,1,0,1,0,0,0,3,0,8,0,6,8,0,9,10,3,3,7,4,0,7,2,6,0,4,0,0,16,8,3,2,3,4,12,0,0,2,0,6,0,0,0,6,6,17,3,0,4,2,2,2,0,2,0,0,3,0,0,0,0,0,1,4,0,0,0,0,0,2,0,8,1,0,0,0,7,0,5,0,0,3,3,5,10,5,6,0,0,2,0,0,1,1,0,0,5,1,0,0,9,10,6,8,4,3,0,3,0,0,7,0,8,3,0,7,6,2,4,4,12,0,0,0,3,8,6,0,16,3,0,2,2,0,0,0,6,3,0,2,0,6,4,17,2,0,0,2,0,2,3,0
Sh2b1,0,5,0,4,0,0,0,0,0,2,0,4,0,3,4,0,1,0,0,0,0,3,0,0,3,0,1,4,0,1,1,2,0,4,0,2,1,3,0,9,0,0,4,0,0,2,1,0,0,0,0,8,5,2,1,0,0,4,3,2,2,0,4,0,6,4,0,2,3,2,5,1,0,0,0,0,5,5,5,1,0,0,1,0,3,0,2,0,0,0,0,2,3,4,1,0,3,2,4,0,0,0,0,5,0,0,0,0,0,4,0,0,4,0,1,0,2,3,0,0,0,0,4,1,3,0,0,0,3,2,1,4,1,9,0,0,0,8,0,2,0,5,4,0,0,1,1,0,0,2,0,4,2,3,2,0,5,2,1,0,0,4,0,4,6,3,0,2,0,5,5,0,1,1,5,0,0,0,3,0,0,2,0,0,0,2,3,4
Shmt1,11,0,6,9,0,15,0,15,22,5,8,6,9,8,0,11,1,9,16,3,4,2,4,3,6,0,1,8,0,7,18,0,0,7,6,10,9,33,9,9,1,3,13,11,6,5,7,8,1,19,11,0,1,19,5,0,7,4,4,8,26,6,8,6,4,22,6,2,11,6,8,3,14,12,3,8,8,4,9,13,4,3,10,0,4,0,6,2,12,5,3,15,7,2,1,11,8,5,9,0,15,22,16,0,0,9,3,11,8,6,15,6,0,9,1,0,0,2,0,3,4,4,8,18,6,6,0,9,33,10,9,7,7,9,6,1,11,0,8,5,0,1,13,11,19,7,5,3,1,19,7,4,8,4,6,6,8,26,3,6,6,22,8,8,4,11,14,2,12,9,8,3,13,10,4,0,0,4,4,3,5,15,3,2,12,6,7,2
Sin3a,0,4,0,0,0,7,0,7,0,4,0,3,0,2,3,13,4,3,8,9,0,5,7,0,4,0,8,6,0,0,4,0,0,0,0,1,0,6,0,8,0,0,2,0,0,1,4,0,4,0,5,6,7,0,8,1,6,11,0,0,0,10,1,2,8,8,0,7,0,7,3,0,9,0,0,5,0,0,1,7,4,0,0,2,4,3,4,1,5,8,2,0,0,1,4,0,2,4,0,0,7,0,8,4,0,0,9,13,0,3,7,0,3,3,8,0,0,5,0,0,0,7,6,4,4,0,0,0,6,1,0,0,0,8,0,0,5,6,0,1,1,7,2,0,0,4,8,0,4,0,6,11,0,0,7,10,3,0,0,2,0,8,5,1,8,0,9,7,0,1,0,0,7,0,0,3,2,4,4,0,8,0,2,1,5,4,0,1
Ska1,1,0,0,0,0,0,0,1,2,5,10,1,3,6,3,2,0,1,4,0,2,6,0,3,2,0,0,0,0,0,0,1,0,2,7,6,0,2,0,3,0,1,5,2,1,0,1,5,0,5,0,4,2,5,0,1,4,1,1,0,0,3,0,2,3,3,2,2,0,4,4,0,4,1,0,2,1,0,0,3,2,5,0,0,2,0,0,0,3,0,0,0,0,0,0,1,6,5,0,0,1,2,4,0,0,3,0,2,10,1,0,0,3,1,0,0,1,6,0,3,2,0,0,0,2,7,0,0,2,6,0,2,0,3,1,0,0,4,5,0,1,2,5,2,5,1,0,1,0,5,4,1,0,1,4,3,4,0,0,2,2,3,2,0,3,0,4,2,1,0,1,0,3,0,0,0,0,2,2,5,0,0,0,0,3,0,0,0
Ski,0,0,4,0,3,8,0,4,3,0,0,0,0,10,0,2,2,0,0,8,0,2,4,7,3,0,0,0,5,4,5,2,0,0,0,0,0,0,0,0,3,0,17,0,0,0,4,0,5,5,5,17,0,13,0,4,5,1,0,0,8,0,0,0,0,14,8,1,0,0,0,0,8,0,0,0,0,2,4,0,0,2,7,0,3,0,0,2,9,0,0,0,0,5,2,0,10,0,0,0,4,3,0,0,3,0,8,2,0,0,8,4,0,0,0,0,2,2,0,7,0,4,0,5,3,0,5,0,0,0,0,0,4,0,0,3,5,17,0,0,4,0,17,0,5,4,0,0,5,13,5,1,0,0,0,0,0,8,0,0,8,14,0,0,0,0,8,1,0,4,0,0,0,7,2,0,0,0,3,2,0,0,0,2,9,0,0,5
Slc25a11,10,0,15,6,0,9,2,8,0,6,9,16,0,9,0,6,0,12,0,5,11,9,0,0,10,0,0,12,0,0,0,0,8,15,0,8,4,14,4,0,0,0,7,0,10,1,0,14,7,3,4,0,2,0,0,0,14,0,0,1,6,5,3,5,10,3,5,1,6,6,0,0,11,15,0,13,5,4,0,0,10,3,0,1,14,0,0,0,8,0,0,3,13,7,0,10,9,6,6,2,8,0,0,0,0,0,5,6,9,16,9,15,0,12,0,0,0,9,8,0,11,0,12,0,10,0,0,4,14,8,4,15,0,0,10,0,4,0,14,1,0,2,7,0,3,0,0,0,7,0,14,0,1,0,6,5,0,6,0,5,5,3,13,3,10,6,11,1,15,0,5,0,0,0,4,0,1,10,14,3,0,3,0,0,8,0,13,7
Smarcad1,2,0,0,1,0,3,0,0,1,5,2,1,3,6,7,3,1,0,0,0,7,6,0,4,3,0,0,0,4,6,4,0,7,11,0,1,5,2,0,1,1,1,0,1,4,3,0,6,0,4,2,5,4,6,1,2,3,8,0,0,8,4,0,3,10,5,1,2,1,3,6,1,10,3,4,3,1,0,6,6,0,6,1,7,5,0,3,0,3,0,2,0,0,2,1,2,6,5,1,0,0,1,0,0,0,3,0,3,2,1,3,0,7,0,0,0,0,6,7,4,7,0,0,4,3,0,4,0,2,1,5,11,6,1,4,1,2,5,6,3,2,4,0,1,4,0,1,1,0,6,3,8,0,0,3,4,6,8,1,3,1,5,3,0,10,1,10,2,3,6,1,4,6,1,0,0,7,0,5,6,0,0,2,0,3,3,0,2
Smc1a,11,0,16,19,3,16,13,19,16,18,13,12,10,19,9,22,14,16,15,8,7,34,11,11,12,0,16,17,12,11,4,16,4,19,10,9,13,37,16,8,10,4,18,11,12,19,17,20,21,12,7,20,13,37,21,14,21,19,10,14,34,17,0,8,27,11,26,11,4,11,22,8,22,18,5,16,15,46,22,19,10,25,23,6,18,3,19,13,22,19,20,17,17,8,14,11,19,18,19,13,19,16,15,0,3,10,8,22,13,12,16,16,9,16,16,0,16,34,4,11,7,11,17,4,12,10,12,16,37,9,13,19,11,8,12,10,7,20,20,19,14,13,18,11,12,17,21,4,21,37,21,19,14,10,11,17,22,34,8,8,26,11,16,0,27,4,22,11,18,22,15,5,19,23,46,3,6,10,18,25,19,17,20,13,22,19,17,8
Smc4,15,27,9,24,3,28,12,22,7,26,8,24,12,21,44,27,3,37,44,19,2,18,14,20,9,0,10,13,32,2,27,12,0,28,36,44,11,57,48,34,2,16,16,22,23,11,7,30,5,26,16,38,38,29,9,12,6,13,29,21,40,24,11,10,35,33,28,40,0,31,31,7,58,36,1,21,11,59,10,42,41,31,20,10,43,0,23,6,9,34,15,23,3,7,3,15,21,26,24,12,22,7,44,27,3,12,19,27,8,24,28,9,44,37,10,0,12,18,0,20,2,14,13,27,9,36,32,48,57,44,11,28,2,34,23,2,16,38,30,11,12,38,16,22,26,7,9,16,5,29,6,13,21,29,31,24,31,40,7,10,28,33,21,11,35,0,58,40,36,10,11,1,42,20,59,0,10,41,43,31,34,23,15,6,9,23,3,7
Smc6,4,7,6,0,2,2,0,12,6,8,13,8,0,0,6,5,6,8,6,0,9,1,17,12,6,0,2,13,7,0,7,9,0,6,7,12,14,16,4,0,2,3,4,7,2,5,12,1,4,9,9,1,10,9,4,0,5,0,1,8,13,12,0,8,12,21,6,5,3,16,3,12,14,16,2,2,10,4,0,14,9,12,10,5,2,0,9,8,4,0,6,2,3,0,6,4,0,8,0,0,12,6,6,7,2,0,0,5,13,8,2,6,6,8,2,0,9,1,0,12,9,17,13,7,6,7,7,4,16,12,14,6,0,0,2,2,9,1,1,5,0,10,4,7,9,12,4,3,4,9,5,0,8,1,16,12,3,13,12,8,6,21,2,0,12,3,14,5,16,0,10,2,14,10,4,0,5,9,2,12,0,2,6,8,4,9,3,0
Smchd1,0,0,0,0,1,3,0,0,7,0,0,5,0,0,5,0,7,8,9,1,2,3,6,6,0,0,2,7,1,0,0,0,0,3,3,6,0,5,0,0,0,0,4,4,2,2,0,2,1,0,3,0,1,4,0,1,3,3,0,0,7,1,9,3,6,5,0,4,0,5,6,0,6,9,5,0,1,7,0,3,2,9,0,0,0,0,4,1,0,5,0,0,11,0,7,0,0,0,0,0,0,7,9,0,1,0,1,0,0,5,3,0,5,8,2,0,0,3,0,6,2,6,7,0,0,3,1,0,5,6,0,3,0,0,2,0,3,0,2,2,1,1,4,4,0,0,0,0,1,4,3,3,0,0,5,1,6,7,0,3,0,5,0,9,6,0,6,4,9,0,1,5,3,0,7,0,0,2,0,9,5,0,0,1,0,4,11,0
Snap23,0,0,0,0,0,0,0,0,3,0,0,1,0,3,1,1,3,0,2,0,1,0,2,4,2,0,0,4,0,4,0,2,0,0,0,2,0,2,1,0,0,2,0,1,0,0,0,2,0,1,3,0,1,4,2,2,2,6,2,3,1,5,0,1,2,5,0,3,0,0,0,2,2,1,1,1,0,0,0,2,0,3,0,0,7,0,2,0,0,0,0,0,2,2,3,0,3,0,0,0,0,3,2,0,0,0,0,1,0,1,0,0,1,0,0,0,2,0,0,4,1,2,4,0,2,0,0,1,2,2,0,0,4,0,0,0,3,0,2,0,2,1,0,1,1,0,2,2,0,4,2,6,3,2,0,5,0,1,2,1,0,5,1,0,2,0,2,3,1,0,0,1,2,0,0,0,0,0,7,3,0,0,0,0,0,2,2,2
Snapin,0,5,8,2,0,3,1,9,6,0,0,3,0,2,5,6,0,2,3,0,0,0,0,0,0,0,5,4,0,2,0,0,0,11,0,2,6,11,0,0,3,0,0,8,2,0,0,1,0,0,0,4,0,1,0,0,6,0,6,0,5,1,5,6,5,3,2,0,1,7,6,4,7,0,0,3,0,0,7,3,4,3,0,3,15,4,8,2,3,0,1,0,0,0,0,0,2,0,2,1,9,6,3,5,0,0,0,6,0,3,3,8,5,2,5,0,0,0,0,0,0,0,4,0,0,0,0,0,11,2,6,11,2,0,2,3,0,4,1,0,0,0,0,8,0,0,0,0,0,1,6,0,0,6,7,1,6,5,4,6,2,3,3,5,5,1,7,0,0,7,0,0,3,0,0,4,3,4,15,3,0,0,1,2,3,8,0,0
Snhg12,3,0,4,9,0,7,2,2,8,3,3,3,0,5,0,1,2,13,2,0,7,4,0,0,11,0,0,9,0,13,3,1,2,1,1,6,5,2,4,4,3,4,6,0,3,1,4,3,0,9,2,7,8,4,1,1,3,7,5,5,6,5,0,5,1,3,7,3,2,3,5,3,6,0,4,0,2,7,6,7,6,5,0,0,8,2,1,3,6,0,3,4,0,3,2,3,5,3,9,2,2,8,2,0,0,0,0,1,3,3,7,4,0,13,0,0,1,4,2,0,7,0,9,3,11,1,0,4,2,6,5,1,13,4,3,3,2,7,3,1,1,8,6,0,9,4,1,4,0,4,3,7,5,5,3,5,5,6,3,5,7,3,0,0,1,2,6,3,0,6,2,4,7,0,7,2,0,6,8,5,0,4,3,3,6,1,0,3
Snrnp70,2,4,1,4,0,1,3,18,18,7,15,13,0,8,6,10,4,12,6,14,8,14,1,4,8,0,4,7,3,0,11,5,0,13,7,7,3,12,5,7,12,9,21,4,3,8,9,6,4,5,9,8,9,15,11,2,6,17,0,10,17,3,2,11,9,16,1,7,3,4,10,3,13,4,3,6,2,6,7,15,4,2,6,4,27,0,4,5,16,4,9,5,8,11,4,2,8,7,4,3,18,18,6,4,0,0,14,10,15,13,1,1,6,12,4,0,5,14,0,4,8,1,7,11,8,7,3,5,12,7,3,13,0,7,3,12,9,8,6,8,2,9,21,4,5,9,11,9,4,15,6,17,10,0,4,3,10,17,3,11,1,16,6,2,9,3,13,7,4,7,2,3,15,6,6,0,4,4,27,2,4,5,9,5,16,4,8,11
Snrpe,11,0,17,28,0,16,19,42,28,38,19,36,11,51,8,9,16,21,35,16,23,25,9,20,32,1,9,21,7,23,21,10,20,27,18,30,12,52,9,41,21,10,11,24,14,11,31,44,20,58,34,43,13,39,18,19,29,21,28,19,63,23,11,8,39,41,23,27,19,44,45,6,48,24,10,51,36,36,20,11,10,32,15,11,39,2,26,1,29,29,25,23,31,4,16,11,51,38,28,19,42,28,35,0,0,11,16,9,19,36,16,17,8,21,9,1,10,25,20,20,23,9,21,21,32,18,7,9,52,30,12,27,23,41,14,21,34,43,44,11,19,13,11,24,58,31,18,10,20,39,29,21,19,28,44,23,45,63,6,8,23,41,51,11,39,19,48,27,24,20,36,10,11,15,36,2,11,10,39,32,29,23,25,1,29,26,31,4
Snw1,7,7,0,0,3,8,5,8,13,11,8,5,3,17,10,5,11,12,10,5,7,6,0,3,8,0,0,5,16,6,16,3,11,13,10,5,3,9,5,0,0,6,8,16,5,14,17,13,0,13,12,5,10,13,6,5,8,8,4,15,10,17,3,4,25,7,5,24,7,18,6,2,10,11,5,7,7,10,7,16,0,13,1,1,2,0,20,7,4,13,5,7,7,0,11,7,17,11,0,5,8,13,10,7,3,3,5,5,8,5,8,0,10,12,0,0,3,6,11,3,7,0,5,16,8,10,16,5,9,5,3,13,6,0,5,0,12,5,13,14,5,10,8,16,13,17,6,6,0,13,8,8,15,4,18,17,6,10,2,4,5,7,7,3,25,7,10,24,11,7,7,5,16,1,10,0,1,0,2,13,13,7,5,7,4,20,7,0
Snx6,3,11,3,1,0,2,10,16,18,4,10,11,0,7,3,8,5,10,13,5,12,0,6,2,3,0,7,10,3,10,12,5,5,7,3,7,1,16,2,0,0,0,2,5,7,0,6,9,1,19,12,20,0,26,8,0,8,1,8,7,20,11,4,7,2,5,8,12,4,3,8,4,20,16,1,16,13,20,0,6,11,4,4,3,18,4,0,4,7,5,0,13,9,16,5,3,7,4,1,10,16,18,13,11,0,0,5,8,10,11,2,3,3,10,7,0,5,0,5,2,12,6,10,12,3,3,3,2,16,7,1,7,10,0,7,0,12,20,9,0,0,0,2,5,19,6,8,0,1,26,8,1,7,8,3,11,8,20,4,7,8,5,16,4,2,4,20,12,16,0,13,1,6,4,20,4,3,11,18,4,5,13,0,4,7,0,9,16
Sparc,5,32,14,4,14,7,0,8,5,2,11,17,5,10,16,14,6,8,14,3,21,9,16,8,24,1,10,12,14,9,7,10,0,8,1,10,9,19,15,12,1,0,12,7,8,5,4,16,12,4,11,10,18,7,6,3,0,15,5,17,31,20,6,9,8,19,3,7,6,21,15,16,17,1,2,14,17,16,12,17,9,4,9,6,16,2,22,4,15,13,1,2,8,12,6,5,10,2,4,0,8,5,14,32,14,5,3,14,11,17,7,14,16,8,10,1,10,9,0,8,21,16,12,7,24,1,14,15,19,10,9,8,9,12,8,1,11,10,16,5,3,18,12,7,4,4,6,0,12,7,0,15,17,5,21,20,15,31,16,9,3,19,14,6,8,6,17,7,1,12,17,2,17,9,16,2,6,9,16,4,13,2,1,4,15,22,8,12
Spc24,1,2,2,2,4,14,13,13,14,11,13,9,6,10,5,10,1,12,9,8,8,9,9,7,20,5,13,8,13,0,9,6,0,7,7,4,8,16,11,10,3,4,5,8,4,3,13,14,11,28,5,8,4,4,2,0,7,26,4,7,8,5,2,8,6,21,9,3,1,11,21,4,15,9,6,10,10,16,4,12,7,20,3,4,8,6,7,3,15,14,13,11,13,0,1,1,10,11,2,13,13,14,9,2,4,6,8,10,13,9,14,2,5,12,13,5,6,9,0,7,8,9,8,9,20,7,13,11,16,4,8,7,0,10,4,3,5,8,14,3,0,4,5,8,28,13,2,4,11,4,7,26,7,4,11,5,21,8,4,8,9,21,10,2,6,1,15,3,9,4,10,6,12,3,16,6,4,7,8,20,14,11,13,3,15,7,13,0
Spcs1,0,0,11,3,0,5,6,15,7,6,3,4,0,14,12,6,6,3,19,9,13,5,5,0,8,0,0,10,0,2,5,3,2,6,0,11,4,14,3,8,3,3,1,10,6,5,6,18,6,4,2,18,2,10,5,7,5,26,8,5,15,15,0,7,12,6,1,6,7,13,6,10,13,1,0,10,0,3,2,5,7,9,6,0,6,2,8,5,0,0,10,0,1,2,6,0,14,6,3,6,15,7,19,0,0,0,9,6,3,4,5,11,12,3,0,0,3,5,2,0,13,5,10,5,8,0,0,3,14,11,4,6,2,8,6,3,2,18,18,5,7,2,1,10,4,6,5,3,6,10,5,26,5,8,13,15,6,15,10,7,1,6,10,0,12,7,13,6,1,2,0,0,5,6,3,2,0,7,6,9,0,0,10,5,0,8,1,2
Spcs2,1,3,6,6,3,0,2,4,9,13,2,4,0,9,17,10,9,6,8,0,0,1,2,2,4,0,2,8,0,2,8,7,7,14,4,2,6,4,6,11,5,2,5,1,6,5,16,3,18,13,8,22,6,8,4,2,1,3,4,1,0,14,5,9,12,15,2,5,5,7,5,0,22,7,10,9,4,3,0,3,5,6,2,5,11,2,10,3,13,11,8,4,0,4,9,1,9,13,6,2,4,9,8,3,3,0,0,10,2,4,0,6,17,6,2,0,7,1,7,2,0,2,8,8,4,4,0,6,4,2,6,14,2,11,6,5,8,22,3,5,2,6,5,1,13,16,4,2,18,8,1,3,1,4,7,14,5,0,0,9,2,15,9,5,12,5,22,5,7,0,4,10,3,2,3,2,5,5,11,6,11,4,8,3,13,10,0,4
Spen,1,0,1,0,3,0,0,6,0,6,0,0,0,6,0,4,3,6,4,0,3,1,6,1,7,0,4,0,12,0,0,3,0,0,0,1,3,0,5,6,0,0,6,0,0,4,5,13,11,7,6,0,1,4,1,0,1,5,0,0,6,1,0,0,13,5,5,0,2,1,0,2,5,0,3,0,12,9,0,7,0,0,0,0,6,0,4,0,4,1,0,5,2,0,3,1,6,6,0,0,6,0,4,0,3,0,0,4,0,0,0,1,0,6,4,0,3,1,0,1,3,6,0,0,7,0,12,5,0,1,3,0,0,6,0,0,6,0,13,4,0,1,6,0,7,5,1,0,11,4,1,5,0,0,1,1,0,6,2,0,5,5,0,0,13,2,5,0,0,0,12,3,7,0,9,0,0,0,6,0,1,5,0,0,4,4,2,0
Srek1ip1,0,12,0,0,2,4,0,0,0,9,0,3,0,0,0,0,0,0,0,4,0,0,2,0,0,0,0,9,8,0,6,0,0,0,0,6,0,0,0,0,3,0,0,0,0,4,1,0,0,7,2,0,7,0,0,0,0,9,0,0,0,0,0,0,3,4,0,8,0,0,0,0,4,0,0,0,0,0,3,0,0,0,8,5,11,0,1,0,0,0,0,0,0,1,0,0,0,9,0,0,0,0,0,12,2,0,4,0,0,3,4,0,0,0,0,0,0,0,0,0,0,2,9,6,0,0,8,0,0,6,0,0,0,0,0,3,2,0,0,4,0,7,0,0,7,1,0,0,0,0,0,9,0,0,0,0,0,0,0,0,0,4,0,0,3,0,4,8,0,3,0,0,0,8,0,0,5,0,11,0,0,0,0,0,0,1,0,1
Srrm2,0,0,0,0,2,0,11,0,32,27,26,33,24,6,23,28,0,27,24,21,40,11,0,0,0,0,0,34,0,0,5,2,0,0,0,0,0,36,19,26,0,0,32,40,14,29,27,37,0,18,4,0,11,0,0,0,0,13,0,14,61,28,11,21,43,0,15,30,0,0,39,20,35,33,6,0,0,0,28,0,0,62,0,0,22,19,0,0,6,16,0,0,0,0,0,0,6,27,0,11,0,32,24,0,2,24,21,28,26,33,0,0,23,27,0,0,2,11,0,0,40,0,34,5,0,0,0,19,36,0,0,0,0,26,14,0,4,0,37,29,0,11,32,40,18,27,0,0,0,0,0,13,14,0,0,28,39,61,20,21,15,0,0,11,43,0,35,30,33,28,0,6,0,0,0,19,0,0,22,62,16,0,0,0,6,0,0,0
Srsf1,0,2,0,0,0,9,6,1,12,5,6,0,10,10,3,0,2,2,7,0,9,0,0,0,0,0,11,9,7,7,1,1,2,18,3,11,12,9,13,3,0,7,5,9,0,4,5,6,4,0,11,9,4,16,0,6,0,1,0,0,10,2,1,6,7,9,3,3,3,11,10,12,0,3,0,4,1,0,0,0,0,4,10,1,1,0,2,0,3,0,0,19,0,0,2,0,10,5,0,6,1,12,7,2,0,10,0,0,6,0,9,0,3,2,11,0,1,0,2,0,9,0,9,1,0,3,7,13,9,11,12,18,7,3,0,0,11,9,6,4,6,4,5,9,0,5,0,7,4,16,0,1,0,0,11,2,10,10,12,6,3,9,4,1,7,3,0,3,3,0,1,0,0,10,0,0,1,0,1,4,0,19,0,0,3,2,0,0
Srsf2,5,9,0,10,2,5,0,6,24,4,4,8,6,15,3,3,3,14,22,6,3,8,8,5,10,0,3,8,3,13,13,3,5,14,9,24,12,18,12,4,0,6,10,15,10,10,17,9,11,12,18,14,13,26,5,8,5,18,6,1,6,13,1,9,9,10,2,9,6,11,19,7,34,13,0,4,20,23,5,8,10,9,13,1,10,1,3,0,8,7,9,19,3,2,3,5,15,4,10,0,6,24,22,9,2,6,6,3,4,8,5,0,3,14,3,0,3,8,5,5,3,8,8,13,10,9,3,12,18,24,12,14,13,4,10,0,18,14,9,10,8,13,10,15,12,17,5,6,11,26,5,18,1,6,11,13,19,6,7,9,2,10,4,1,9,6,34,9,13,5,20,0,8,13,23,1,1,10,10,9,7,19,9,0,8,3,3,2
Srsf7,0,0,16,0,0,32,32,0,32,27,44,27,26,27,0,64,16,3,44,46,0,55,0,0,19,0,23,64,0,0,39,9,31,31,32,23,23,68,7,7,8,0,35,13,27,0,66,0,4,56,64,52,25,39,0,23,0,70,28,7,16,42,0,13,14,76,0,40,3,44,46,3,29,81,37,68,33,19,0,0,28,34,43,27,0,0,0,0,34,0,0,0,0,0,16,0,27,27,0,32,0,32,44,0,0,26,46,64,44,27,32,16,0,3,23,0,9,55,31,0,0,0,64,39,19,32,0,7,68,23,23,31,0,7,27,8,64,52,0,0,23,25,35,13,56,66,0,0,4,39,0,70,7,28,44,42,46,16,3,13,0,76,68,0,14,3,29,40,81,0,33,37,0,43,19,0,27,28,0,34,0,0,0,0,34,0,0,0
Ss18,0,0,8,1,1,4,2,0,4,7,4,2,0,2,9,2,0,1,3,1,2,2,1,1,5,0,3,3,0,0,0,1,4,0,5,2,0,0,0,0,1,0,1,1,0,3,3,8,5,5,5,0,4,4,4,1,3,2,3,1,0,6,3,2,3,6,0,3,0,0,4,0,4,0,0,1,0,2,3,1,6,3,5,0,8,1,3,2,5,1,5,0,2,2,0,0,2,7,1,2,0,4,3,0,1,0,1,2,4,2,4,8,9,1,3,0,1,2,4,1,2,1,3,0,5,5,0,0,0,2,0,0,0,0,0,1,5,0,8,3,1,4,1,1,5,3,4,0,5,4,3,2,1,3,0,6,4,0,0,2,0,6,1,3,3,0,4,3,0,3,0,0,1,5,2,1,0,6,8,3,1,0,5,2,5,3,2,2
Ssbp1,4,0,6,2,3,14,9,9,10,21,21,6,8,20,0,15,10,18,20,5,8,12,1,2,12,1,9,21,0,8,2,11,0,11,6,23,5,28,5,10,3,10,17,13,14,5,21,16,4,26,9,30,2,43,2,33,3,19,2,16,19,10,1,6,11,26,12,15,5,15,12,0,27,19,1,8,20,7,7,12,9,21,6,9,8,0,23,2,7,14,6,15,5,7,10,4,20,21,2,9,9,10,20,0,3,8,5,15,21,6,14,6,0,18,9,1,11,12,0,2,8,1,21,2,12,6,0,5,28,23,5,11,8,10,14,3,9,30,16,5,33,2,17,13,26,21,2,10,4,43,3,19,16,2,15,10,12,19,0,6,12,26,8,1,11,5,27,15,19,7,20,1,12,6,7,0,9,9,8,21,14,15,6,2,7,23,5,7
Ssbp4,4,0,4,3,0,0,0,0,0,10,2,0,0,5,1,5,9,1,7,2,0,0,0,0,0,0,0,1,0,0,0,0,3,4,0,0,0,2,5,4,1,0,2,0,2,0,3,2,7,6,1,7,1,0,3,0,1,0,1,0,3,3,4,0,0,5,0,4,3,0,0,4,2,3,4,0,1,0,3,2,0,0,0,0,1,3,0,0,6,1,3,10,0,0,9,4,5,10,3,0,0,0,7,0,0,0,2,5,2,0,0,4,1,1,0,0,0,0,3,0,0,0,1,0,0,0,0,5,2,0,0,4,0,4,2,1,1,7,2,0,0,1,2,0,6,3,3,0,7,0,1,0,0,1,0,3,0,3,4,0,0,5,0,4,0,3,2,4,3,3,1,4,2,0,0,3,0,0,1,0,1,10,3,0,6,0,0,0
Ssna1,4,0,2,2,0,2,5,0,9,6,4,4,5,20,3,5,0,3,5,5,0,4,2,0,5,0,0,6,0,1,4,2,3,6,3,7,0,5,0,9,1,0,3,7,12,2,7,1,2,9,7,4,3,3,0,0,6,11,7,1,11,5,3,2,7,5,4,8,0,12,4,0,13,7,1,8,1,0,5,6,2,7,8,3,11,0,13,2,3,4,7,7,4,1,0,4,20,6,2,5,0,9,5,0,0,5,5,5,4,4,2,2,3,3,0,0,2,4,3,0,0,2,6,4,5,3,0,0,5,7,0,6,1,9,12,1,7,4,1,2,0,3,3,7,9,7,0,0,2,3,6,11,1,7,12,5,4,11,0,2,4,5,8,3,7,0,13,8,7,5,1,1,6,8,0,0,3,2,11,7,4,7,7,2,3,13,4,1
Ssrp1,8,0,10,12,0,9,2,3,18,10,15,15,5,5,0,17,7,15,11,16,2,0,5,10,26,0,9,9,12,1,19,0,6,13,7,10,20,17,16,27,4,16,8,4,0,9,10,2,14,12,7,8,11,39,4,4,8,10,14,5,28,10,6,15,23,28,10,16,0,19,21,0,24,16,7,12,2,14,4,8,11,9,12,3,10,0,6,4,11,13,18,6,7,0,7,8,5,10,12,2,3,18,11,0,0,5,16,17,15,15,9,10,0,15,9,0,0,0,6,10,2,5,9,19,26,7,12,16,17,10,20,13,1,27,0,4,7,8,2,9,4,11,8,4,12,10,4,16,14,39,8,10,5,14,19,10,21,28,0,15,10,28,12,6,23,0,24,16,16,4,2,7,8,12,14,0,3,11,10,9,13,6,18,4,11,6,7,0
St13,9,4,0,0,0,4,1,16,17,13,21,8,0,21,6,12,21,15,18,2,8,2,11,3,11,2,18,6,0,0,19,2,5,16,25,0,5,22,0,7,2,1,0,0,15,0,11,12,12,22,19,17,15,13,0,3,19,13,6,9,28,6,4,5,0,20,8,11,8,10,16,14,34,30,14,8,20,28,10,14,11,21,8,16,9,0,7,5,11,4,0,13,0,5,21,9,21,13,0,1,16,17,18,4,0,0,2,12,21,8,4,0,6,15,18,2,2,2,5,3,8,11,6,19,11,25,0,0,22,0,5,16,0,7,15,2,19,17,12,0,3,15,0,0,22,11,0,1,12,13,19,13,9,6,10,6,16,28,14,5,8,20,8,4,0,8,34,11,30,10,20,14,14,8,28,0,16,11,9,21,4,13,0,5,11,7,0,5
Stt3b,0,0,9,4,0,6,1,1,2,5,0,6,6,1,8,2,3,1,6,0,3,4,3,2,6,0,0,2,6,0,3,3,0,0,2,5,0,7,3,1,0,1,2,0,3,0,5,3,4,5,0,4,3,3,0,0,0,2,0,1,1,4,5,8,0,4,4,7,3,0,9,2,6,7,1,0,0,7,0,2,5,0,0,4,1,0,4,0,2,0,2,6,4,10,3,0,1,5,4,1,1,2,6,0,0,6,0,2,0,6,6,9,8,1,0,0,3,4,0,2,3,3,2,3,6,2,6,3,7,5,0,0,0,1,3,0,0,4,3,0,0,3,2,0,5,5,0,1,4,3,0,2,1,0,0,4,9,1,2,8,4,4,0,5,0,3,6,7,7,0,0,1,2,0,7,0,4,5,1,0,0,6,2,0,2,4,4,10
Suclg1,2,0,6,4,0,1,3,0,8,9,8,2,0,4,4,7,0,0,8,5,4,5,3,9,7,0,2,10,0,0,2,0,18,3,8,6,8,3,5,5,1,2,2,0,3,4,5,25,7,14,4,8,5,1,10,4,8,1,0,0,6,11,2,3,9,0,1,4,1,6,9,1,8,2,4,5,9,0,8,18,5,10,0,7,4,0,12,9,3,0,3,0,0,3,0,2,4,9,4,3,0,8,8,0,0,0,5,7,8,2,1,6,4,0,2,0,0,5,18,9,4,3,10,2,7,8,0,5,3,6,8,3,0,5,3,1,4,8,25,4,4,5,2,0,14,5,10,2,7,1,8,1,0,0,6,11,9,6,1,3,1,0,5,2,9,1,8,4,2,8,9,4,18,0,0,0,7,5,4,10,0,0,3,9,3,12,0,3
Syce2,2,0,4,3,0,6,2,2,14,11,2,20,1,15,3,12,3,13,5,6,5,7,0,5,6,0,5,6,0,1,3,1,0,9,5,0,4,6,9,3,10,0,4,4,7,9,26,5,9,19,2,0,4,16,6,3,4,4,6,4,2,0,1,0,5,18,2,6,1,11,9,0,10,9,6,9,3,2,5,6,10,10,0,2,20,1,0,5,2,1,1,5,0,0,3,2,15,11,3,2,2,14,5,0,0,1,6,12,2,20,6,4,3,13,5,0,1,7,0,5,5,0,6,3,6,5,0,9,6,0,4,9,1,3,7,10,2,0,5,9,3,4,4,4,19,26,6,0,9,16,4,4,4,6,11,0,9,2,0,0,2,18,9,1,5,1,10,6,9,5,3,6,6,0,2,1,2,10,20,10,1,5,1,5,2,0,0,0
Taf1,0,0,0,8,0,0,9,0,6,0,0,0,0,11,0,4,0,0,5,4,6,8,1,5,0,0,4,9,0,0,10,0,7,0,0,6,0,9,7,2,0,0,7,3,0,4,7,6,0,0,3,5,0,0,4,0,0,0,0,12,8,9,4,3,0,15,3,0,2,0,0,0,10,0,10,6,6,12,0,7,4,13,0,2,9,0,0,0,12,0,3,0,5,0,0,0,11,0,8,9,0,6,5,0,0,0,4,4,0,0,0,0,0,0,4,0,0,8,7,5,6,1,9,10,0,0,0,7,9,6,0,0,0,2,0,0,3,5,6,4,0,0,7,3,0,7,4,0,0,0,0,0,12,0,0,9,0,8,0,3,3,15,6,4,0,2,10,0,0,0,6,10,7,0,12,0,2,4,9,13,0,0,3,0,12,0,5,0
Tardbp,0,6,0,0,2,3,14,8,17,15,16,14,1,3,6,8,3,9,10,12,14,6,6,9,9,0,6,12,12,0,17,4,2,6,8,6,0,8,11,14,1,8,3,5,6,0,19,7,7,9,25,7,13,14,8,3,3,8,9,4,18,6,2,10,17,11,9,7,4,11,7,2,14,15,4,8,8,14,7,6,9,7,3,1,20,0,8,10,14,11,13,4,6,1,3,0,3,15,0,14,8,17,10,6,2,1,12,8,16,14,3,0,6,9,6,0,4,6,2,9,14,6,12,17,9,8,12,11,8,6,0,6,0,14,6,1,25,7,7,0,3,13,3,5,9,19,8,8,7,14,3,8,4,9,11,6,7,18,2,10,9,11,8,2,17,4,14,7,15,7,8,4,6,3,14,0,1,9,20,7,11,4,13,10,14,8,6,1
Tbc1d13,14,0,2,0,0,0,0,0,0,0,0,0,0,14,0,0,0,0,0,0,6,0,0,0,0,0,7,7,0,10,0,0,0,0,14,0,0,16,11,0,8,10,11,0,0,0,0,0,0,0,0,0,3,12,0,0,6,0,0,0,20,0,0,10,0,0,0,0,0,0,0,0,0,6,0,0,7,0,0,9,12,0,0,3,0,4,3,0,9,0,0,17,0,0,0,14,14,0,0,0,0,0,0,0,0,0,0,0,0,0,0,2,0,0,7,0,0,0,0,0,6,0,7,0,0,14,0,11,16,0,0,0,10,0,0,8,0,0,0,0,0,3,11,0,0,0,0,10,0,12,6,0,0,0,0,0,0,20,0,10,0,0,0,0,0,0,0,0,6,0,7,0,9,0,0,4,3,12,0,0,0,17,0,0,9,3,0,0
Tbl3,0,0,3,4,0,3,6,7,7,3,3,6,2,8,2,1,4,4,4,7,4,4,4,2,8,0,1,5,8,2,3,2,0,10,1,0,3,3,2,4,0,1,6,1,2,0,10,6,0,11,14,3,1,1,3,1,0,5,4,0,4,5,0,2,12,9,2,4,2,3,1,1,5,7,3,2,0,7,3,3,3,0,0,2,2,0,7,3,6,5,9,1,0,3,4,0,8,3,4,6,7,7,4,0,0,2,7,1,3,6,3,3,2,4,1,0,2,4,0,2,4,4,5,3,8,1,8,2,3,0,3,10,2,4,2,0,14,3,6,0,1,1,6,1,11,10,3,1,0,1,0,5,0,4,3,5,1,4,1,2,2,9,2,0,12,2,5,4,7,3,0,3,3,0,7,0,2,3,2,0,5,1,9,3,6,7,0,3
Tbrg1,3,8,4,6,6,7,12,5,4,8,2,5,0,2,1,11,8,1,5,13,4,0,4,7,0,0,8,3,5,1,2,3,5,25,15,6,7,5,1,4,5,2,9,9,5,8,9,0,16,2,6,5,9,4,2,0,0,7,7,2,10,7,3,8,6,7,0,3,7,0,6,2,4,3,3,6,0,8,3,6,0,1,7,2,6,0,1,2,4,0,4,5,1,7,8,3,2,8,6,12,5,4,5,8,6,0,13,11,2,5,7,4,1,1,8,0,3,0,5,7,4,4,3,2,0,15,5,1,5,6,7,25,1,4,5,5,6,5,0,8,0,9,9,9,2,9,2,2,16,4,0,7,2,7,0,7,6,10,2,8,0,7,6,3,6,7,4,3,3,3,0,3,6,7,8,0,2,0,6,1,0,5,4,2,4,1,1,7
Tceal8,3,5,7,7,1,4,0,5,4,3,18,5,7,10,4,10,0,10,1,3,4,8,1,3,5,0,4,15,0,0,9,1,7,11,5,14,0,12,4,13,2,8,6,4,8,10,7,4,1,11,14,10,9,16,1,0,1,8,4,3,16,14,4,10,31,17,5,12,0,8,10,3,15,9,8,13,0,18,1,9,4,11,15,7,2,1,2,5,8,4,3,6,6,4,0,3,10,3,7,0,5,4,1,5,1,7,3,10,18,5,4,7,4,10,4,0,1,8,7,3,4,1,15,9,5,5,0,4,12,14,0,11,0,13,8,2,14,10,4,10,0,9,6,4,11,7,1,8,1,16,1,8,3,4,8,14,10,16,3,10,5,17,13,4,31,0,15,12,9,1,0,8,9,15,18,1,7,4,2,11,4,6,3,5,8,2,6,4
Tcof1,0,0,3,19,6,0,3,6,19,9,24,30,18,31,4,13,14,7,26,32,23,0,16,15,18,11,0,30,22,19,34,12,9,39,12,24,14,29,36,4,0,20,40,15,9,4,24,34,0,45,20,23,6,23,3,14,7,25,14,8,13,5,0,27,33,50,14,19,9,20,38,0,4,19,23,15,15,12,22,32,0,26,48,12,4,4,18,24,44,3,26,30,21,0,14,0,31,9,19,3,6,19,26,0,6,18,32,13,24,30,0,3,4,7,0,11,12,0,9,15,23,16,30,34,18,12,22,36,29,24,14,39,19,4,9,0,20,23,34,4,14,6,40,15,45,24,3,20,0,23,7,25,8,14,20,5,38,13,0,27,14,50,15,0,33,9,4,19,19,22,15,23,32,48,12,4,12,0,4,26,3,30,26,24,44,18,21,0
Tex10,0,0,0,5,0,1,7,0,0,12,0,0,1,0,0,7,5,7,5,1,1,0,3,0,0,0,2,6,0,0,0,7,3,11,6,4,3,3,0,5,6,0,4,1,0,5,4,0,0,7,3,0,1,1,0,0,0,0,0,5,3,11,10,7,11,7,1,5,0,4,0,0,5,4,0,0,0,10,10,3,0,7,0,5,1,0,17,0,0,3,0,15,3,0,5,0,0,12,5,7,0,0,5,0,0,1,1,7,0,0,1,0,0,7,2,0,7,0,3,0,1,3,6,0,0,6,0,0,3,4,3,11,0,5,0,6,3,0,0,5,0,1,4,1,7,4,0,0,0,1,0,0,5,0,4,11,0,3,0,7,1,7,0,10,11,0,5,5,4,10,0,0,3,0,10,0,5,0,1,7,3,15,0,0,0,17,3,0
Tex264,3,9,7,1,0,0,0,2,4,5,0,0,3,9,18,10,12,0,4,0,4,3,0,3,3,0,1,3,2,5,14,3,0,10,8,6,4,9,3,2,5,3,8,0,10,5,8,11,4,7,8,10,3,6,6,1,4,5,6,0,10,0,4,10,0,1,0,6,0,16,7,5,6,1,0,8,2,2,5,0,2,6,0,3,3,3,3,4,4,2,1,3,18,10,12,3,9,5,1,0,2,4,4,9,0,3,0,10,0,0,0,7,18,0,1,0,3,3,0,3,4,0,3,14,3,8,2,3,9,6,4,10,5,2,10,5,8,10,11,5,1,3,8,0,7,8,6,3,4,6,4,5,0,6,16,0,7,10,5,10,0,1,8,4,0,0,6,6,1,5,2,0,0,0,2,3,3,2,3,6,2,3,1,4,4,3,18,10
Tfam,2,0,0,0,1,2,3,3,2,6,0,1,3,5,0,0,0,0,0,2,0,2,5,0,0,0,0,7,2,1,3,2,2,3,0,0,5,1,0,0,4,1,1,3,0,2,7,4,0,2,3,6,1,1,2,0,2,2,3,7,2,1,1,6,0,3,3,1,0,0,4,0,7,0,0,0,0,7,1,0,0,0,0,3,2,4,2,2,5,0,2,0,0,1,0,2,5,6,0,3,3,2,0,0,1,3,2,0,0,1,2,0,0,0,0,0,2,2,2,0,0,5,7,3,0,0,2,0,1,0,5,3,1,0,0,4,3,6,4,2,0,1,1,3,2,7,2,1,0,1,2,2,7,3,0,1,4,2,0,6,3,3,0,1,0,0,7,1,0,1,0,0,0,0,7,4,3,0,2,0,0,0,2,2,5,2,0,1
Tfpi,0,4,0,0,4,0,0,4,1,4,6,4,6,0,0,6,3,0,0,0,0,1,0,7,4,0,0,0,0,0,0,0,0,2,0,3,4,0,2,0,4,2,2,2,0,2,2,0,2,13,0,6,7,0,0,0,0,2,0,0,1,5,0,0,2,0,0,3,0,0,0,4,0,7,0,3,1,4,0,0,2,0,1,0,1,0,4,6,0,2,0,0,0,0,3,0,0,4,0,0,4,1,0,4,4,6,0,6,6,4,0,0,0,0,0,0,0,1,0,7,0,0,0,0,4,0,0,2,0,3,4,2,0,0,0,4,0,6,0,2,0,7,2,2,13,2,0,2,2,0,0,2,0,0,0,5,0,1,4,0,0,0,3,0,2,0,0,3,7,0,1,0,0,1,4,0,0,2,1,0,2,0,0,6,0,4,0,0
Thoc3,10,13,8,3,0,1,8,15,19,5,8,11,16,7,22,10,0,5,6,0,11,14,12,0,7,0,7,10,6,0,18,6,2,3,13,2,1,8,12,2,1,8,7,15,2,11,9,13,4,10,8,7,4,28,11,17,6,8,20,11,7,15,1,1,7,5,5,21,0,3,12,0,11,7,0,13,13,19,11,15,16,6,15,14,11,0,3,0,5,6,3,10,20,2,0,10,7,5,3,8,15,19,6,13,0,16,0,10,8,11,1,8,22,5,7,0,6,14,2,0,11,12,10,18,7,13,6,12,8,2,1,3,0,2,2,1,8,7,13,11,17,4,7,15,10,9,11,8,4,28,6,8,11,20,3,15,12,7,0,1,5,5,13,1,7,0,11,21,7,11,13,0,15,15,19,0,14,16,11,6,6,10,3,0,5,3,20,2
Thrap3,0,0,8,0,0,0,0,0,2,7,3,0,0,5,0,1,8,9,0,5,3,7,0,4,0,0,0,0,0,0,5,5,0,10,0,0,0,0,0,3,0,0,3,0,0,0,0,2,2,0,5,0,0,3,5,0,0,1,0,0,17,7,0,1,0,0,0,0,0,3,5,1,7,0,0,2,4,1,1,4,0,4,0,0,0,2,0,0,0,1,0,0,0,2,8,0,5,7,0,0,0,2,0,0,0,0,5,1,3,0,0,8,0,9,0,0,5,7,0,4,3,0,0,5,0,0,0,0,0,0,0,10,0,3,0,0,5,0,2,0,0,0,3,0,0,0,5,0,2,3,0,1,0,0,3,7,5,17,1,1,0,0,2,0,0,0,7,0,0,1,4,0,4,0,1,2,0,0,0,4,1,0,0,0,0,0,0,2
Thumpd3,5,0,2,2,1,6,0,2,1,4,4,12,0,2,4,5,4,0,2,0,4,4,0,0,2,0,4,8,0,3,0,3,5,2,1,3,2,3,3,0,1,2,0,5,1,2,4,5,1,3,9,8,0,8,4,4,3,4,5,2,2,2,4,0,3,15,1,10,4,0,8,2,3,2,5,1,6,6,4,3,1,8,3,1,0,1,6,8,1,0,3,1,0,2,4,5,2,4,2,0,2,1,2,0,1,0,0,5,4,12,6,2,4,0,4,0,3,4,5,0,4,0,8,0,2,1,0,3,3,3,2,2,3,0,1,1,9,8,5,2,4,0,0,5,3,4,4,2,1,8,3,4,2,5,0,2,8,2,2,0,1,15,1,4,3,4,3,10,2,4,6,5,3,3,6,1,1,1,0,8,0,1,3,8,1,6,0,2
Timm44,14,8,1,8,5,2,8,7,5,8,7,5,10,10,0,5,0,11,4,5,9,0,0,3,0,0,1,11,7,5,5,1,3,4,5,0,5,16,2,0,0,3,4,3,4,0,9,7,1,21,3,12,3,14,3,0,10,13,10,0,10,14,4,3,6,8,6,17,2,0,4,7,2,10,0,4,7,10,0,8,8,0,4,0,28,1,13,1,2,0,5,7,1,1,0,14,10,8,8,8,7,5,4,8,5,10,5,5,7,5,2,1,0,11,1,0,1,0,3,3,9,0,11,5,0,5,7,2,16,0,5,4,5,0,4,0,3,12,7,0,0,3,4,3,21,9,3,3,1,14,10,13,0,10,0,14,4,10,7,3,6,8,4,4,6,2,2,17,10,0,7,0,8,4,10,1,0,8,28,0,0,7,5,1,2,13,1,1
Timm8b,0,10,0,0,0,0,20,0,0,0,0,6,0,17,11,0,0,0,0,23,0,13,0,11,8,0,0,0,0,0,22,0,0,0,11,0,0,0,0,0,0,0,12,0,0,22,0,15,1,1,0,0,0,21,7,0,23,0,0,7,0,0,0,1,0,22,4,0,0,8,0,0,11,7,0,0,0,0,0,0,0,14,0,0,0,0,0,19,0,0,0,0,0,0,0,0,17,0,0,20,0,0,0,10,0,0,23,0,0,6,0,0,11,0,0,0,0,13,0,11,0,0,0,22,8,11,0,0,0,0,0,0,0,0,0,0,0,0,15,22,0,0,12,0,1,0,7,0,1,21,23,0,7,0,8,0,0,0,0,1,4,22,0,0,0,0,11,0,7,0,0,0,0,0,0,0,0,0,0,14,0,0,0,19,0,0,0,0
Tle4,1,0,4,0,4,1,5,0,0,2,3,4,0,5,0,0,0,4,4,0,2,2,3,0,3,0,0,0,2,5,5,1,1,4,1,6,1,6,6,0,1,2,7,3,7,1,0,3,0,3,1,4,1,0,2,4,3,2,0,3,5,0,0,2,7,0,0,5,3,2,2,2,1,8,1,0,0,1,0,2,0,0,0,2,5,0,0,4,0,0,1,0,0,4,0,1,5,2,0,5,0,0,4,0,4,0,0,0,3,4,1,4,0,4,0,0,1,2,1,0,2,3,0,5,3,1,2,6,6,6,1,4,5,0,7,1,1,4,3,1,4,1,7,3,3,0,2,2,0,0,3,2,3,0,2,0,2,5,2,2,0,0,0,0,7,3,1,5,8,0,0,1,2,0,1,0,2,0,5,0,0,0,1,4,0,0,0,4
Tm2d2,2,4,0,0,0,0,2,0,0,2,0,0,0,2,3,1,0,0,0,1,6,4,1,0,0,0,0,0,1,0,0,2,2,3,0,1,0,3,2,3,0,0,2,0,2,2,2,2,4,0,0,1,4,0,3,0,0,0,3,0,0,1,0,2,1,7,1,1,0,4,1,4,2,0,0,0,0,0,0,0,0,5,0,1,4,2,1,1,0,0,1,0,0,1,0,2,2,2,0,2,0,0,0,4,0,0,1,1,0,0,0,0,3,0,0,0,2,4,2,0,6,1,0,0,0,0,1,2,3,1,0,3,0,3,2,0,0,1,2,2,0,4,2,0,0,2,3,0,4,0,0,0,0,3,4,1,1,0,4,2,1,7,0,0,1,0,2,1,0,0,0,0,0,0,0,2,1,0,4,5,0,0,1,1,0,1,0,1
Tm2d3,0,0,0,0,3,0,0,0,0,6,4,5,2,0,6,0,11,2,8,0,1,3,3,0,5,0,0,0,3,1,3,6,6,0,9,0,0,8,0,6,6,0,1,0,8,0,0,11,0,9,0,15,0,9,2,6,0,0,0,5,17,4,0,16,4,9,4,7,0,0,0,0,15,0,0,3,0,0,0,8,0,0,0,0,0,7,0,0,8,0,10,0,0,9,11,0,0,6,0,0,0,0,8,0,3,2,0,0,4,5,0,0,6,2,0,0,6,3,6,0,1,3,0,3,5,9,3,0,8,0,0,0,1,6,8,6,0,15,11,0,6,0,1,0,9,0,2,0,0,9,0,0,5,0,0,4,0,17,0,16,4,9,3,0,4,0,15,7,0,0,0,0,8,0,0,7,0,0,0,0,0,0,10,0,8,0,0,9
Tm7sf3,0,0,3,5,0,3,0,0,3,3,4,2,4,3,3,4,2,0,4,1,3,8,0,2,0,2,6,1,7,3,3,1,5,8,0,2,4,6,1,7,0,0,1,3,3,2,0,6,1,7,0,9,2,5,1,4,0,3,0,3,5,1,6,0,8,2,3,3,0,0,3,2,1,0,3,3,10,3,4,1,3,9,1,0,2,0,4,6,3,5,0,2,4,4,2,0,3,3,5,0,0,3,4,0,0,4,1,4,4,2,3,3,3,0,6,2,1,8,5,2,3,0,1,3,0,0,7,1,6,2,4,8,3,7,3,0,0,9,6,2,4,2,1,3,7,0,1,0,1,5,0,3,3,0,0,1,3,5,2,0,3,2,3,6,8,0,1,3,0,4,10,3,1,1,3,0,0,3,2,9,5,2,0,6,3,4,4,4
Tmed9,9,15,12,8,7,3,0,4,7,4,2,0,9,8,7,17,13,11,3,9,13,0,5,0,12,0,12,16,2,5,10,6,7,3,6,1,6,3,9,8,9,1,11,6,6,6,8,10,14,14,5,17,1,12,1,6,4,10,7,14,17,10,6,4,18,12,6,15,2,6,4,20,23,11,0,18,11,12,4,12,2,10,15,5,15,6,11,5,7,19,8,5,7,11,13,9,8,4,8,0,4,7,3,15,7,9,9,17,2,0,3,12,7,11,12,0,6,0,7,0,13,5,16,10,12,6,2,9,3,1,6,3,5,8,6,9,5,17,10,6,6,1,11,6,14,8,1,1,14,12,4,10,14,7,6,10,4,17,20,4,6,12,18,6,18,2,23,15,11,4,11,0,12,15,12,6,5,2,15,10,19,5,8,5,7,11,7,11
Tmem14c,0,0,1,5,3,2,9,0,10,7,16,2,0,12,11,1,3,0,9,3,6,2,3,6,7,0,1,3,7,3,3,1,3,10,5,6,12,2,4,7,0,0,4,0,1,4,3,7,0,7,2,11,2,7,6,2,5,13,9,3,16,0,0,2,9,13,5,4,1,5,10,0,5,8,2,3,5,3,1,6,11,3,2,6,3,0,27,7,7,1,3,6,1,0,3,0,12,7,5,9,0,10,9,0,3,0,3,1,16,2,2,1,11,0,1,0,1,2,3,6,6,3,3,3,7,5,7,4,2,6,12,10,3,7,1,0,2,11,7,4,2,2,4,0,7,3,6,0,0,7,5,13,3,9,5,0,10,16,0,2,5,13,3,0,9,1,5,4,8,1,5,2,6,2,3,0,6,11,3,3,1,6,3,7,7,27,1,0
Tmem223,0,0,4,0,4,0,4,4,5,6,0,4,0,7,0,1,1,1,7,2,6,2,5,0,4,0,7,2,5,4,0,1,3,6,0,3,1,7,6,3,2,0,5,0,2,3,3,0,10,1,4,3,6,11,4,0,9,0,2,4,7,9,3,3,0,5,1,3,2,0,2,6,8,0,4,2,0,5,4,4,0,4,1,2,10,0,0,6,4,5,2,2,2,0,1,0,7,6,0,4,4,5,7,0,4,0,2,1,0,4,0,4,0,1,7,0,1,2,3,0,6,5,2,0,4,0,5,6,7,3,1,6,4,3,2,2,4,3,0,3,0,6,5,0,1,3,4,0,10,11,9,0,4,2,0,9,2,7,6,3,1,5,2,3,0,2,8,3,0,4,0,4,4,1,5,0,2,0,10,4,5,2,2,6,4,0,2,0
Tmsb10,2,0,5,8,0,2,3,8,0,8,8,6,0,2,13,0,10,0,11,5,7,0,9,5,1,0,0,5,6,0,1,0,0,11,2,6,1,9,11,0,0,0,4,4,0,8,1,13,4,7,7,28,0,6,0,0,0,4,4,5,0,0,5,7,9,0,5,7,3,2,6,0,5,10,1,5,19,11,0,0,3,7,0,0,6,0,17,12,6,4,0,9,3,1,10,2,2,8,8,3,8,0,11,0,0,0,5,0,8,6,2,5,13,0,0,0,0,0,0,5,7,9,5,1,1,2,6,11,9,6,1,11,0,0,0,0,7,28,13,8,0,0,4,4,7,1,0,0,4,6,0,4,5,4,2,0,6,0,0,7,5,0,5,5,9,3,5,7,10,0,19,1,0,0,11,0,0,3,6,7,4,9,0,12,6,17,3,1
Tnks2,0,0,18,0,0,5,7,5,3,8,16,3,3,0,6,8,0,0,0,0,5,12,5,0,7,0,5,1,12,0,11,9,10,3,7,6,4,8,10,4,7,0,9,8,0,3,18,12,0,11,9,5,0,4,5,12,7,8,4,19,6,1,12,4,12,13,4,3,1,7,9,4,7,4,8,12,8,0,0,16,0,0,7,8,14,0,0,1,7,0,1,11,8,11,0,0,0,8,0,7,5,3,0,0,0,3,0,8,16,3,5,18,6,0,5,0,9,12,10,0,5,5,1,11,7,7,12,10,8,6,4,3,0,4,0,7,9,5,12,3,12,0,9,8,11,18,5,0,0,4,7,8,19,4,7,1,9,6,4,4,4,13,12,12,12,1,7,3,4,0,8,8,16,7,0,0,8,0,14,0,0,11,1,1,7,0,8,11
Tnrc6a,4,0,5,0,0,3,0,0,1,3,2,0,1,5,8,3,7,0,0,0,1,3,7,0,3,1,0,0,4,0,0,0,0,4,0,4,0,0,0,0,0,0,0,0,0,0,6,0,9,0,0,2,7,0,3,0,3,2,0,0,3,0,0,0,5,10,5,0,0,0,2,0,1,2,2,0,1,0,0,0,2,0,0,0,8,3,0,5,0,0,2,5,2,2,7,4,5,3,0,0,0,1,0,0,0,1,0,3,2,0,3,5,8,0,0,1,0,3,0,0,1,7,0,0,3,0,4,0,0,4,0,4,0,0,0,0,0,2,0,0,0,7,0,0,0,6,3,0,9,0,3,2,0,0,0,0,2,3,0,0,5,10,0,0,5,0,1,0,2,0,1,2,0,0,0,3,0,2,8,0,0,5,2,5,0,0,2,2
Tnrc6c,3,2,0,0,0,1,0,0,0,3,0,7,2,2,0,2,1,3,3,0,5,0,0,0,5,0,0,0,0,0,0,0,0,2,0,0,0,5,5,0,9,0,6,0,4,0,1,0,1,3,5,5,0,2,8,1,0,0,2,2,0,0,1,1,0,3,1,0,3,3,0,0,4,4,0,2,0,5,0,2,0,0,0,0,0,0,4,0,3,5,0,3,0,0,1,3,2,3,0,0,0,0,3,2,0,2,0,2,0,7,1,0,0,3,0,0,0,0,0,0,5,0,0,0,5,0,0,5,5,0,0,2,0,0,4,9,5,5,0,0,1,0,6,0,3,1,8,0,1,2,0,0,2,2,3,0,0,0,0,1,1,3,2,1,0,3,4,0,4,0,0,0,2,0,5,0,0,0,0,0,5,3,0,0,3,4,0,0
Tomm70a,8,7,0,11,2,9,1,16,10,7,13,13,7,8,0,8,10,3,13,0,10,7,6,3,7,0,8,9,11,3,0,5,7,6,10,8,19,15,5,1,3,0,0,5,9,7,14,8,9,16,9,12,5,25,12,4,0,2,12,3,3,0,6,2,23,2,8,2,0,10,2,2,11,16,0,10,11,10,5,3,10,2,5,8,14,0,6,0,7,4,11,4,8,0,10,8,8,7,11,1,16,10,13,7,2,7,0,8,13,13,9,0,0,3,8,0,5,7,7,3,10,6,9,0,7,10,11,5,15,8,19,6,3,1,9,3,9,12,8,7,4,5,0,5,16,14,12,0,9,25,0,2,3,12,10,0,2,3,2,2,8,2,10,6,23,0,11,2,16,5,11,0,3,5,10,0,8,10,14,2,4,4,11,0,7,6,8,0
Tor1aip2,9,6,6,1,0,3,1,0,8,9,11,2,3,6,15,14,12,10,11,5,5,7,1,5,0,0,3,6,8,5,5,2,4,14,7,7,9,2,0,4,0,0,0,9,2,0,2,8,10,9,6,6,5,1,3,8,0,0,11,2,15,4,7,9,8,18,9,0,4,5,4,7,5,10,0,13,2,1,0,0,8,4,0,2,9,0,11,2,0,16,2,0,1,0,12,9,6,9,1,1,0,8,11,6,0,3,5,14,11,2,3,6,15,10,3,0,2,7,4,5,5,1,6,5,0,7,8,0,2,7,9,14,5,4,2,0,6,6,8,0,8,5,0,9,9,2,3,0,10,1,0,0,2,11,5,4,4,15,7,9,9,18,13,7,8,4,5,0,10,0,2,0,0,0,1,0,2,8,9,4,16,0,2,2,0,11,1,0
Tra2b,0,17,11,5,0,4,8,8,15,12,9,16,10,20,0,23,12,12,17,8,10,18,5,4,13,6,20,2,12,17,9,14,8,20,18,27,10,28,6,15,3,11,11,9,4,3,18,15,9,20,18,14,8,33,13,20,6,10,4,2,8,8,3,18,20,20,10,16,2,17,14,5,23,5,16,18,23,9,10,10,5,15,12,7,21,0,8,13,14,16,5,23,6,7,12,0,20,12,5,8,8,15,17,17,0,10,8,23,9,16,4,11,0,12,20,6,14,18,8,4,10,5,2,9,13,18,12,6,28,27,10,20,17,15,4,3,18,14,15,3,20,8,11,9,20,18,13,11,9,33,6,10,2,4,17,8,14,8,5,18,10,20,18,3,20,2,23,16,5,10,23,16,10,12,9,0,7,5,21,15,16,23,5,13,14,8,6,7
Traf7,0,5,9,0,0,0,0,13,0,14,0,6,3,0,5,0,1,15,10,0,0,0,10,5,14,0,9,3,0,9,0,6,13,7,10,9,11,1,0,0,0,21,16,3,0,0,15,4,3,0,0,0,0,15,0,0,10,0,0,0,0,0,3,3,17,14,5,0,0,0,0,0,0,10,8,9,2,3,0,0,0,17,0,7,0,0,0,11,0,0,0,0,0,3,1,0,0,14,0,0,13,0,10,5,0,3,0,0,0,6,0,9,5,15,9,0,6,0,13,5,0,10,3,0,14,10,0,0,1,9,11,7,9,0,0,0,0,0,4,0,0,0,16,3,0,15,0,21,3,15,10,0,0,0,0,0,0,0,0,3,5,14,9,3,17,0,0,0,10,0,2,8,0,0,3,0,7,0,0,17,0,0,0,11,0,0,0,3
Trim27,0,0,16,5,0,6,8,13,14,17,0,9,0,14,10,10,0,6,0,9,2,11,0,14,7,0,3,19,0,14,7,7,18,5,12,0,21,13,0,0,0,5,18,2,6,0,3,10,0,11,8,10,0,16,0,0,9,6,0,7,0,0,0,1,19,11,0,5,6,0,3,5,20,16,0,11,0,14,0,0,3,15,0,2,0,0,0,0,10,0,0,10,0,6,0,0,14,17,5,8,13,14,0,0,0,0,9,10,0,9,6,16,10,6,3,0,7,11,18,14,2,0,19,7,7,12,0,0,13,0,21,5,14,0,6,0,8,10,10,0,0,0,18,2,11,3,0,5,0,16,9,6,7,0,0,0,3,0,5,1,0,11,11,0,19,6,20,5,16,0,0,0,0,0,14,0,2,3,0,15,0,10,0,0,10,0,0,6
Trmt2a,2,0,3,0,4,0,1,4,0,1,0,2,1,3,0,4,0,0,0,2,5,0,0,0,5,0,4,2,0,0,0,1,0,4,1,4,0,3,1,3,0,2,0,0,5,1,4,5,0,3,3,3,1,3,1,0,5,0,1,0,1,2,0,1,8,2,2,0,0,2,1,0,3,2,0,0,4,0,0,0,0,4,0,0,3,0,1,0,0,0,8,0,0,2,0,2,3,1,0,1,4,0,0,0,4,1,2,4,0,2,0,3,0,0,4,0,1,0,0,0,5,0,2,0,5,1,0,1,3,4,0,4,0,3,5,0,3,3,5,1,0,1,0,0,3,4,1,2,0,3,5,0,0,1,2,2,1,1,0,1,2,2,0,0,8,0,3,0,2,0,4,0,0,0,0,0,0,0,3,4,0,0,8,0,0,1,0,2
Trmt6,4,6,8,0,1,7,1,7,1,10,7,4,3,5,6,1,5,6,6,3,6,13,0,2,13,2,3,8,4,5,0,4,6,10,2,1,9,1,2,10,2,2,4,0,2,5,10,3,0,0,2,7,5,11,8,0,2,6,0,8,7,21,0,4,2,2,3,12,0,0,2,4,7,0,0,7,2,5,0,2,3,0,3,1,0,0,13,0,1,4,7,0,10,0,5,4,5,10,0,1,7,1,6,6,1,3,3,1,7,4,7,8,6,6,3,2,4,13,6,2,6,0,8,0,13,2,4,2,1,1,9,10,5,10,2,2,2,7,3,5,0,5,4,0,0,10,8,2,0,11,2,6,8,0,0,21,2,7,4,4,3,2,7,0,2,0,7,12,0,0,2,0,2,3,5,0,1,3,0,0,4,0,7,0,1,13,10,0
Trpm7,0,4,0,2,1,5,0,8,0,1,4,1,0,2,4,1,2,3,0,0,10,4,7,0,1,1,0,6,2,4,0,0,2,9,2,5,0,1,3,4,9,0,3,0,3,2,7,0,5,1,4,0,7,2,0,2,2,5,2,0,5,5,4,7,4,4,0,1,0,0,0,5,7,3,0,0,3,0,0,4,0,0,0,0,3,1,0,1,0,2,0,4,0,0,2,0,2,1,2,0,8,0,0,4,1,0,0,1,4,1,5,0,4,3,0,1,0,4,2,0,10,7,6,0,1,2,2,3,1,5,0,9,4,4,3,9,4,0,0,2,2,7,3,0,1,7,0,0,5,2,2,5,0,2,0,5,0,5,5,7,0,4,0,4,4,0,7,1,3,0,3,0,4,0,0,1,0,0,3,0,2,4,0,1,0,0,0,0
Tsta3,0,0,2,1,2,2,0,6,3,5,0,0,3,6,4,8,4,0,7,0,2,3,0,0,2,1,1,8,0,0,5,4,8,2,3,3,3,3,5,0,2,0,5,3,5,0,6,4,1,0,2,3,4,3,0,0,5,2,1,6,4,3,6,3,5,4,0,2,1,3,2,5,6,3,5,4,2,5,1,7,3,10,7,3,2,0,1,0,1,4,3,0,3,4,4,0,6,5,1,0,6,3,7,0,2,3,0,8,0,0,2,2,4,0,1,1,4,3,8,0,2,0,8,5,2,3,0,5,3,3,3,2,0,0,5,2,2,3,4,0,0,4,5,3,0,6,0,0,1,3,5,2,6,1,3,3,2,4,5,3,0,4,4,6,5,1,6,2,3,1,2,5,7,7,5,0,3,3,2,10,4,0,3,0,1,1,3,4
Ttc3,1,8,10,3,1,3,6,14,0,4,8,13,5,5,0,3,0,3,8,5,6,2,6,0,3,0,8,4,0,1,1,5,1,2,3,0,5,3,0,0,4,3,2,1,6,6,0,4,0,8,3,11,5,3,0,5,5,3,0,5,14,6,5,2,9,9,0,7,3,6,7,9,13,9,8,8,8,4,5,5,2,2,2,0,6,1,0,4,7,5,2,4,0,4,0,1,5,4,3,6,14,0,8,8,1,5,5,3,8,13,3,10,0,3,8,0,5,2,1,0,6,6,4,1,3,3,0,0,3,0,5,2,1,0,6,4,3,11,4,6,5,5,2,1,8,0,0,3,0,3,5,3,5,0,6,6,7,14,9,2,0,9,8,5,9,3,13,7,9,5,8,8,5,2,4,1,0,2,6,2,5,4,2,4,7,0,0,4
Tubb2b,11,3,6,9,0,6,0,0,3,2,11,6,0,16,0,0,0,0,15,8,2,0,0,7,11,0,0,10,0,6,8,8,0,7,8,4,0,11,0,2,0,4,7,2,0,0,8,6,0,0,13,18,3,16,6,2,0,3,10,0,4,0,0,9,5,17,1,9,0,0,23,0,17,8,0,0,11,14,0,6,13,0,7,0,2,0,0,0,5,0,8,0,0,0,0,11,16,2,9,0,0,3,15,3,0,0,8,0,11,6,6,6,0,0,0,0,8,0,0,7,2,0,10,8,11,8,0,0,11,4,0,7,6,2,0,0,13,18,6,0,2,3,7,2,0,8,6,4,0,16,0,3,0,10,0,0,23,4,0,9,1,17,0,0,5,0,17,9,8,0,11,0,6,7,14,0,0,13,2,0,0,0,8,0,5,0,0,0
Tubb5,0,0,35,25,0,35,31,42,0,18,23,16,0,106,10,27,0,0,67,82,28,47,0,44,5,0,0,31,44,11,16,19,0,36,0,34,41,54,0,0,17,0,25,20,0,38,61,65,0,43,0,0,46,74,0,14,71,66,36,0,104,0,0,0,0,25,58,63,35,33,51,0,78,89,17,27,27,92,38,77,59,25,53,18,0,0,0,27,92,0,0,39,0,0,0,0,106,18,25,31,42,0,67,0,0,0,82,27,23,16,35,35,10,0,0,0,19,47,0,44,28,0,31,16,5,0,44,0,54,34,41,36,11,0,0,17,0,0,65,38,14,46,25,20,43,61,0,0,0,74,71,66,0,36,33,0,51,104,0,0,58,25,27,0,0,35,78,63,89,38,27,17,77,53,92,0,18,59,0,25,0,39,0,27,92,0,0,0
Txnl1,0,5,4,1,1,4,5,4,3,2,1,2,5,3,4,2,6,5,7,1,10,5,0,3,0,2,2,7,10,3,0,6,0,12,3,6,0,3,2,2,1,0,5,5,0,1,8,3,8,1,8,10,6,12,4,0,1,0,3,2,4,7,5,7,6,5,3,3,1,8,3,0,9,6,6,7,6,2,5,1,1,0,0,2,4,0,1,0,0,5,1,5,1,4,6,0,3,2,1,5,4,3,7,5,1,5,1,2,1,2,4,4,4,5,2,2,6,5,0,3,10,0,7,0,0,3,10,2,3,6,0,12,3,2,0,1,8,10,3,1,0,6,5,5,1,8,4,0,8,12,1,0,2,3,8,7,3,4,0,7,3,5,7,5,6,1,9,3,6,5,6,6,1,0,2,0,2,1,4,0,5,5,1,0,0,1,1,4
Ubac2,3,2,3,2,0,1,0,3,0,4,7,3,0,1,2,6,1,3,11,5,1,3,3,0,3,0,0,3,2,1,5,2,3,1,2,2,4,1,2,3,1,0,4,0,4,0,4,0,1,0,2,4,0,5,2,6,0,0,4,4,3,3,0,0,0,5,2,3,0,4,6,8,5,4,0,2,0,4,3,0,9,1,1,1,3,2,2,3,2,2,0,3,4,2,1,3,1,4,2,0,3,0,11,2,0,0,5,6,7,3,1,3,2,3,0,0,2,3,3,0,1,3,3,5,3,2,2,2,1,2,4,1,1,3,4,1,2,4,0,0,6,0,4,0,0,4,2,0,1,5,0,0,4,4,4,3,6,3,8,0,2,5,2,0,0,0,5,3,4,3,0,0,0,1,4,2,1,9,3,1,2,3,0,3,2,2,4,2
Ubap2l,0,0,6,4,8,4,3,6,2,0,0,24,2,5,6,4,6,6,0,1,21,0,1,0,0,0,1,5,3,0,8,4,6,7,0,5,7,4,0,3,13,0,0,6,3,0,1,0,0,16,1,14,5,2,2,0,5,2,6,6,11,9,7,3,1,9,5,19,0,1,6,7,8,3,0,8,3,14,4,18,8,0,0,2,5,0,7,10,2,0,4,0,7,0,6,0,5,0,4,3,6,2,0,0,8,2,1,4,0,24,4,6,6,6,1,0,4,0,6,0,21,1,5,8,0,0,3,0,4,5,7,7,0,3,3,13,1,14,0,0,0,5,0,6,16,1,2,0,0,2,5,2,6,6,1,9,6,11,7,3,5,9,8,7,1,0,8,19,3,4,3,0,18,0,14,0,2,8,5,0,0,0,4,10,2,7,7,0
Ube2k,1,11,1,0,3,3,0,8,10,5,3,6,1,3,3,7,3,17,6,3,4,0,1,1,6,0,4,6,5,8,2,3,3,6,4,4,4,7,2,3,0,7,4,6,8,7,8,10,6,15,0,18,2,7,2,2,5,1,8,4,6,2,3,3,4,5,3,5,0,7,9,3,8,10,9,3,3,1,7,11,9,10,0,0,1,3,13,0,12,0,10,4,5,0,3,1,3,5,0,0,8,10,6,11,3,1,3,7,3,6,3,1,3,17,4,0,3,0,3,1,4,1,6,2,6,4,5,2,7,4,4,6,8,3,8,0,0,18,10,7,2,2,4,6,15,8,2,7,6,7,5,1,4,8,7,2,9,6,3,3,3,5,3,3,4,0,8,5,10,7,3,9,11,0,1,3,0,9,1,10,0,4,10,0,12,13,5,0
Ube2q1,0,0,0,1,0,0,0,0,0,0,0,0,0,0,0,0,0,7,0,0,5,0,0,0,0,0,0,6,6,0,1,0,0,0,0,0,0,12,0,0,0,0,0,4,0,5,0,2,0,13,0,5,0,0,4,0,0,0,0,0,0,0,0,5,5,6,0,0,0,5,0,0,0,0,0,0,0,0,2,0,0,0,4,0,0,0,0,0,0,4,0,0,0,0,0,0,0,0,1,0,0,0,0,0,0,0,0,0,0,0,0,0,0,7,0,0,0,0,0,0,5,0,6,1,0,0,6,0,12,0,0,0,0,0,0,0,0,5,2,5,0,0,0,4,13,0,4,0,0,0,0,0,0,0,5,0,0,0,0,5,0,6,0,0,5,0,0,0,0,2,0,0,0,4,0,0,0,0,0,0,4,0,0,0,0,0,0,0
Ube3a,0,0,0,0,0,0,0,3,0,0,7,0,0,0,7,0,0,0,7,8,0,0,0,0,4,0,0,0,0,3,0,0,0,5,0,0,0,8,4,0,0,0,0,0,0,0,0,0,0,6,0,0,0,0,2,0,0,0,4,0,0,0,0,2,0,20,0,0,1,0,0,0,4,8,1,0,0,10,0,0,0,0,0,0,0,0,9,0,0,0,0,0,0,0,0,0,0,0,0,0,3,0,7,0,0,0,8,0,7,0,0,0,7,0,0,0,0,0,0,0,0,0,0,0,4,0,0,4,8,0,0,5,3,0,0,0,0,0,0,0,0,0,0,0,6,0,2,0,0,0,0,0,0,4,0,0,0,0,0,2,0,20,0,0,0,1,4,0,8,0,0,1,0,0,10,0,0,0,0,0,0,0,0,0,0,9,0,0
Ube3c,0,0,3,0,0,0,0,0,0,3,0,1,2,0,0,0,0,1,2,0,0,0,0,0,0,0,2,3,0,1,2,3,6,2,0,1,0,1,0,0,0,6,0,0,2,0,2,1,0,2,0,0,6,3,0,1,4,2,1,2,0,4,0,0,0,4,2,0,1,0,6,5,3,0,3,1,0,4,4,2,0,2,2,0,4,0,0,0,6,0,1,2,1,2,0,0,0,3,0,0,0,0,2,0,0,2,0,0,0,1,0,3,0,1,2,0,3,0,6,0,0,0,3,2,0,0,0,0,1,1,0,2,1,0,2,0,0,0,1,0,1,6,0,0,2,2,0,6,0,3,4,2,2,1,0,4,6,0,5,0,2,4,1,0,0,1,3,0,0,4,0,3,2,2,4,0,0,0,4,2,0,2,1,0,6,0,1,2
Umps,10,12,7,3,4,4,2,9,23,15,14,7,10,7,0,13,1,14,16,10,11,4,11,25,5,0,3,19,11,5,8,3,5,22,15,10,4,32,10,12,3,5,21,4,15,5,10,7,3,21,16,27,6,20,18,19,12,20,9,0,17,9,10,15,14,15,6,16,1,7,17,10,33,18,10,8,1,23,1,21,11,0,10,6,23,0,15,0,21,14,4,22,14,0,1,10,7,15,3,2,9,23,16,12,4,10,10,13,14,7,4,7,0,14,3,0,3,4,5,25,11,11,19,8,5,15,11,10,32,10,4,22,5,12,15,3,16,27,7,5,19,6,21,4,21,10,18,5,3,20,12,20,0,9,7,9,17,17,10,15,6,15,8,10,14,1,33,16,18,1,1,10,21,10,23,0,6,11,23,0,14,22,4,0,21,15,14,0
Upf2,0,0,0,0,0,2,0,0,0,0,2,8,0,0,0,0,6,0,0,0,0,3,0,0,0,0,4,0,0,3,0,7,6,12,2,1,0,6,2,4,0,0,0,5,5,0,0,4,4,0,11,6,0,0,1,6,0,4,0,1,2,5,4,0,4,8,4,3,0,2,0,1,7,2,0,2,5,12,5,0,14,3,0,2,4,2,0,0,3,5,0,0,1,5,6,0,0,0,0,0,0,0,0,0,0,0,0,0,2,8,2,0,0,0,4,0,7,3,6,0,0,0,0,0,0,2,0,2,6,1,0,12,3,4,5,0,11,6,4,0,6,0,0,5,0,0,1,0,4,0,0,4,1,0,2,5,0,2,1,0,4,8,2,4,4,0,7,3,2,5,5,0,0,0,12,2,2,14,4,3,5,0,0,0,3,0,1,5
Upp1,3,2,19,21,0,12,6,24,23,29,18,10,7,21,0,11,1,36,36,35,19,32,2,6,7,1,22,21,25,22,10,18,28,15,14,20,22,37,6,14,6,14,26,19,16,12,14,8,24,34,35,14,13,23,7,0,13,21,14,31,14,6,13,4,0,37,20,55,4,9,17,8,14,40,2,13,12,14,2,10,1,11,10,9,5,13,14,11,18,10,15,11,16,0,1,3,21,29,21,6,24,23,36,2,0,7,35,11,18,10,12,19,0,36,22,1,18,32,28,6,19,2,21,10,7,14,25,6,37,20,22,15,22,14,16,6,35,14,8,12,0,13,26,19,34,14,7,14,24,23,13,21,31,14,9,6,17,14,8,4,20,37,13,13,0,4,14,55,40,2,12,2,10,10,14,13,9,1,5,11,10,11,15,11,18,14,16,0
Uqcrc1,8,6,20,6,2,8,15,6,20,24,27,23,4,27,6,15,11,14,33,23,18,11,16,12,11,0,27,26,12,5,26,7,19,28,10,26,10,28,15,20,12,19,11,12,14,21,15,13,13,44,34,26,21,27,3,7,22,15,9,25,26,17,13,9,33,27,10,20,10,13,32,24,59,28,11,17,10,26,7,20,7,22,3,9,17,4,22,9,23,23,14,17,17,8,11,8,27,24,6,15,6,20,33,6,2,4,23,15,27,23,8,20,6,14,27,0,7,11,19,12,18,16,26,26,11,10,12,15,28,26,10,28,5,20,14,12,34,26,13,21,7,21,11,12,44,15,3,19,13,27,22,15,25,9,13,17,32,26,24,9,10,27,17,13,33,10,59,20,28,7,10,11,20,3,26,4,9,7,17,22,23,17,14,9,23,22,17,8
Usmg5,13,10,6,9,0,15,17,61,40,28,34,37,11,40,36,28,13,32,35,13,30,25,22,22,19,0,20,31,24,24,30,12,25,37,30,34,19,48,21,30,23,8,26,26,19,10,39,31,13,33,31,40,35,39,25,9,23,45,12,22,58,45,5,10,43,44,17,50,25,34,21,20,59,13,2,28,17,37,24,34,22,33,19,14,35,11,29,4,23,16,22,40,29,5,13,13,40,28,9,17,61,40,35,10,0,11,13,28,34,37,15,6,36,32,20,0,12,25,25,22,30,22,31,30,19,30,24,21,48,34,19,37,24,30,19,23,31,40,31,10,9,35,26,26,33,39,25,8,13,39,23,45,22,12,34,45,21,58,20,10,17,44,28,5,43,25,59,50,13,24,17,2,34,19,37,11,14,22,35,33,16,40,22,4,23,29,29,5
Usp34,0,10,0,1,1,2,4,8,7,2,0,5,0,0,8,0,0,4,9,3,6,0,0,0,0,0,8,6,0,6,3,0,0,3,3,2,0,0,17,0,0,0,1,10,8,0,3,0,1,5,0,17,8,13,0,0,0,0,1,6,0,2,2,0,0,5,4,7,0,18,3,6,25,0,1,10,5,13,0,0,0,4,4,0,0,0,14,0,7,0,3,0,0,1,0,0,0,2,1,4,8,7,9,10,1,0,3,0,0,5,2,0,8,4,8,0,0,0,0,0,6,0,6,3,0,3,0,17,0,2,0,3,6,0,8,0,0,17,0,0,0,8,1,10,5,3,0,0,1,13,0,0,6,1,18,2,3,0,6,0,4,5,10,2,0,0,25,7,0,0,5,1,0,4,13,0,0,0,0,4,0,0,3,0,7,14,0,1
Usp48,0,9,5,4,0,13,2,0,5,4,6,0,0,10,12,0,4,9,0,0,14,8,12,0,11,0,0,8,8,0,0,2,9,0,0,10,3,3,0,8,3,0,5,6,4,0,4,14,0,23,8,0,2,0,2,0,6,12,16,0,0,3,0,0,12,10,0,0,0,6,0,0,13,12,1,5,0,15,6,9,10,12,0,0,16,2,11,0,7,0,0,10,11,0,4,0,10,4,4,2,0,5,0,9,0,0,0,0,6,0,13,5,12,9,0,0,2,8,9,0,14,12,8,0,11,0,8,0,3,10,3,0,0,8,4,3,8,0,14,0,0,2,5,6,23,4,2,0,0,0,6,12,0,16,6,3,0,0,0,0,0,10,5,0,12,0,13,0,12,6,0,1,9,0,15,2,0,10,16,12,0,10,0,0,7,11,11,0
Utp11l,5,2,19,0,0,5,4,1,6,6,6,8,4,9,7,5,6,1,13,5,0,8,3,0,10,0,0,12,13,3,10,3,0,6,10,11,6,3,4,11,6,6,12,18,5,10,5,0,4,10,6,2,5,19,12,4,3,10,1,3,4,6,0,2,4,12,1,9,0,11,10,6,10,11,0,9,0,10,6,3,13,9,7,2,9,0,0,0,14,1,3,7,8,0,6,5,9,6,0,4,1,6,13,2,0,4,5,5,6,8,5,19,7,1,0,0,3,8,0,0,0,3,12,10,10,10,13,4,3,11,6,6,3,11,5,6,6,2,0,10,4,5,12,18,10,5,12,6,4,19,3,10,3,1,11,6,10,4,6,2,1,12,9,0,4,0,10,9,11,6,0,0,3,7,10,0,2,13,9,9,1,7,3,0,14,0,8,0
Utp3,5,7,0,8,20,12,2,2,12,0,12,8,10,8,0,18,6,7,27,4,16,12,6,0,0,0,4,0,6,0,10,2,6,8,11,15,5,9,0,6,0,0,11,8,4,12,7,10,5,11,22,3,19,26,4,6,4,9,7,0,4,10,0,16,10,14,1,7,0,6,8,10,14,9,0,12,9,12,5,5,9,0,0,9,21,0,8,0,4,0,10,7,11,4,6,5,8,0,8,2,2,12,27,7,20,10,4,18,12,8,12,0,0,7,4,0,2,12,6,0,16,6,0,10,0,11,6,0,9,15,5,8,0,6,4,0,22,3,10,12,6,19,11,8,11,7,4,0,5,26,4,9,0,7,6,10,8,4,10,16,1,14,12,0,10,0,14,7,9,5,9,0,5,0,12,0,9,9,21,0,0,7,10,0,4,8,11,4
Vmp1,0,7,0,1,0,2,0,2,8,3,0,0,0,8,5,1,3,3,1,0,4,6,0,0,4,0,6,11,3,2,10,0,0,13,0,5,0,4,6,3,2,0,9,0,0,0,2,5,0,5,4,5,8,12,0,4,7,4,8,1,8,2,0,1,0,8,7,7,3,5,5,0,12,2,4,8,10,8,6,0,6,0,0,0,0,0,10,0,12,9,0,0,0,0,3,0,8,3,1,0,2,8,1,7,0,0,0,1,0,0,2,0,5,3,6,0,0,6,0,0,4,0,11,10,4,0,3,6,4,5,0,13,2,3,0,2,4,5,5,0,4,8,9,0,5,2,0,0,0,12,7,4,1,8,5,2,5,8,0,1,7,8,8,0,0,3,12,7,2,6,10,4,0,0,8,0,0,6,0,0,9,0,0,0,12,10,0,0
Vps25,1,8,1,3,0,0,1,3,1,6,1,6,1,4,5,9,5,6,3,1,4,1,3,2,0,0,1,2,6,5,6,2,0,6,6,3,7,6,5,2,3,0,13,0,0,0,6,4,0,8,8,12,2,5,1,5,3,7,3,0,10,4,8,0,1,2,3,3,0,1,7,6,7,3,3,4,7,12,4,5,0,4,5,3,7,2,0,4,8,4,1,4,0,2,5,1,4,6,3,1,3,1,3,8,0,1,1,9,1,6,0,1,5,6,1,0,2,1,0,2,4,3,2,6,0,6,6,5,6,3,7,6,5,2,0,3,8,12,4,0,5,2,13,0,8,6,1,0,0,5,3,7,0,3,1,4,7,10,6,0,3,2,4,8,1,0,7,3,3,4,7,3,5,5,12,2,3,0,7,4,4,4,1,4,8,0,0,2
Wbp2,3,5,9,2,0,2,0,8,8,7,1,0,0,1,9,7,2,1,3,7,0,0,2,2,3,0,1,5,3,0,0,2,1,3,2,5,5,9,3,0,3,3,0,4,0,6,4,4,13,4,0,17,1,5,4,0,1,3,3,2,13,10,0,0,4,0,1,6,2,5,5,3,15,3,0,0,3,0,7,1,6,1,4,5,9,4,6,1,4,3,1,1,2,4,2,3,1,7,2,0,8,8,3,5,0,0,7,7,1,0,2,9,9,1,1,0,2,0,1,2,0,2,5,0,3,2,3,3,9,5,5,3,0,0,0,3,0,17,4,6,0,1,0,4,4,4,4,3,13,5,1,3,2,3,5,10,5,13,3,0,1,0,0,0,4,2,15,6,3,7,3,0,1,4,0,4,5,6,9,1,3,1,1,1,4,6,2,4
Wdr26,0,6,6,6,0,8,4,0,17,0,0,8,0,7,0,4,6,8,20,12,2,0,0,0,9,0,14,0,17,9,0,6,0,11,11,8,6,0,13,6,4,0,3,6,0,11,4,2,10,9,13,0,4,1,11,0,10,10,0,0,4,0,10,0,16,6,8,0,0,7,28,12,18,4,2,18,0,0,0,14,0,0,13,10,2,0,0,1,4,0,7,0,0,0,6,0,7,0,6,4,0,17,20,6,0,0,12,4,0,8,8,6,0,8,14,0,6,0,0,0,2,0,0,0,9,11,17,13,0,8,6,11,9,6,0,4,13,0,2,11,0,4,3,6,9,4,11,0,10,1,10,10,0,0,7,0,28,4,12,0,8,6,18,10,16,0,18,0,4,0,0,2,14,13,0,0,10,0,2,0,0,0,7,1,4,0,0,0
Wdr33,2,3,0,5,0,2,0,9,11,6,2,0,0,6,0,6,6,6,6,10,6,6,0,0,10,0,2,7,4,5,0,2,0,0,0,0,1,7,7,10,0,0,11,0,0,0,7,11,0,17,15,10,0,4,3,1,0,3,2,0,0,8,2,1,7,10,3,9,12,10,5,0,8,0,0,1,8,0,2,2,5,1,0,0,8,1,7,0,7,0,1,2,3,0,6,2,6,6,5,0,9,11,6,3,0,0,10,6,2,0,2,0,0,6,2,0,2,6,0,0,6,0,7,0,10,0,4,7,7,0,1,0,5,10,0,0,15,10,11,0,1,0,11,0,17,7,3,0,0,4,0,3,0,2,10,8,5,0,0,1,3,10,1,2,7,12,8,9,0,2,8,0,2,0,0,1,0,5,8,1,0,2,1,0,7,7,3,0
Wdr43,13,18,10,16,0,15,5,22,14,11,24,20,11,16,0,12,13,11,9,21,12,13,7,0,8,0,6,12,0,21,15,8,8,31,4,11,11,40,6,16,5,11,14,0,18,7,26,9,8,16,20,18,16,23,8,4,5,3,15,4,19,13,2,13,13,29,8,12,3,9,24,0,25,10,8,23,5,11,0,12,3,14,2,5,6,1,15,1,13,0,14,11,6,8,13,13,16,11,16,5,22,14,9,18,0,11,21,12,24,20,15,10,0,11,6,0,8,13,8,0,12,7,12,15,8,4,0,6,40,11,11,31,21,16,18,5,20,18,9,7,4,16,14,0,16,26,8,11,8,23,5,3,4,15,9,13,24,19,0,13,8,29,23,2,13,3,25,12,10,0,5,8,12,2,11,1,5,3,6,14,0,11,14,1,13,15,6,8
Wdr55,2,0,0,0,0,0,0,8,6,2,10,0,0,4,0,0,0,8,0,4,0,6,0,10,0,0,7,9,5,3,9,4,6,5,1,3,4,8,0,5,1,0,7,0,0,0,7,7,14,2,0,6,0,18,0,0,0,6,4,5,4,0,3,1,0,5,6,0,1,0,10,3,12,11,1,4,6,5,6,9,10,0,1,5,7,0,0,5,8,5,5,0,0,0,0,2,4,2,0,0,8,6,0,0,0,0,4,0,10,0,0,0,0,8,7,0,4,6,6,10,0,0,9,9,0,1,5,0,8,3,4,5,3,5,0,1,0,6,7,0,0,0,7,0,2,7,0,0,14,18,0,6,5,4,0,0,10,4,3,1,6,5,4,3,0,1,12,0,11,6,6,1,9,1,5,0,5,10,7,0,5,0,5,5,8,0,0,0
Xpo1,2,0,2,0,0,0,9,9,15,6,8,0,4,16,0,11,6,4,12,7,11,10,0,0,9,0,0,17,4,7,9,0,7,15,7,0,20,11,14,6,0,0,6,3,9,7,0,1,0,9,6,11,10,9,4,6,1,4,7,7,8,2,9,5,15,12,17,14,6,5,7,2,24,13,4,8,4,13,0,11,17,4,0,7,5,3,18,4,1,4,8,13,0,0,6,2,16,6,0,9,9,15,12,0,0,4,7,11,8,0,0,2,0,4,0,0,0,10,7,0,11,0,17,9,9,7,4,14,11,0,20,15,7,6,9,0,6,11,1,7,6,10,6,3,9,0,4,0,0,9,1,4,7,7,5,2,7,8,2,5,17,12,8,9,15,6,24,14,13,0,4,4,11,0,13,3,7,17,5,4,4,13,8,4,1,18,0,0
Ybx1,0,0,25,40,0,4,0,0,0,0,0,22,0,0,53,0,0,45,0,0,0,0,0,0,0,0,0,26,0,0,0,0,0,0,0,0,0,0,0,0,0,0,0,0,31,0,0,0,0,0,0,0,0,0,0,20,0,0,0,0,0,0,0,28,0,0,0,0,0,0,44,0,0,0,0,0,0,0,0,0,0,0,0,0,0,0,37,0,0,0,20,0,0,0,0,0,0,0,40,0,0,0,0,0,0,0,0,0,0,22,4,25,53,45,0,0,0,0,0,0,0,0,26,0,0,0,0,0,0,0,0,0,0,0,31,0,0,0,0,0,20,0,0,0,0,0,0,0,0,0,0,0,0,0,0,0,44,0,0,28,0,0,0,0,0,0,0,0,0,0,0,0,0,0,0,0,0,0,0,0,0,0,20,0,0,37,0,0
Yy1,0,0,0,0,1,7,0,1,1,2,8,3,0,4,0,0,4,2,5,1,7,0,0,0,0,0,0,0,0,0,4,1,0,2,0,8,0,6,0,0,0,0,0,1,0,0,5,2,0,7,0,2,1,0,0,2,0,0,0,4,6,0,0,5,11,4,0,0,0,5,0,0,0,2,0,0,0,0,0,0,3,2,0,0,4,0,0,2,0,0,0,5,0,1,4,0,4,2,0,0,1,1,5,0,1,0,1,0,8,3,7,0,0,2,0,0,1,0,0,0,7,0,0,4,0,0,0,0,6,8,0,2,0,0,0,0,0,2,2,0,2,1,0,1,7,5,0,0,0,0,0,0,4,0,5,0,0,6,0,5,0,4,0,0,11,0,0,0,2,0,0,0,0,0,0,0,0,3,4,2,0,5,0,2,0,0,0,1
Zc3h15,0,4,4,0,1,0,3,13,6,9,0,0,8,12,7,3,0,9,5,11,5,6,6,6,1,0,2,0,5,0,4,3,0,4,4,10,10,13,6,0,5,0,9,6,9,5,2,8,0,9,5,7,0,10,2,0,10,7,1,5,11,13,0,2,0,11,0,10,0,0,2,5,11,15,2,4,4,15,3,13,0,8,0,0,6,0,5,0,6,3,7,0,6,18,0,0,12,9,0,3,13,6,5,4,1,8,11,3,0,0,0,4,7,9,2,0,3,6,0,6,5,6,0,4,1,4,5,6,13,10,10,4,0,0,9,5,5,7,8,5,0,0,9,6,9,2,2,0,0,10,10,7,5,1,0,13,2,11,5,2,0,11,4,0,0,0,11,10,15,3,4,2,13,0,15,0,0,0,6,8,3,0,7,0,6,5,6,18
Zc3h18,10,0,0,0,9,0,0,1,1,10,1,9,1,10,0,6,5,10,11,16,8,9,0,8,15,1,0,0,0,0,0,7,0,12,8,12,0,17,0,10,2,2,2,2,2,5,9,15,0,7,3,0,11,17,7,10,13,8,0,0,0,1,5,6,3,13,5,5,6,3,20,0,17,10,1,6,9,10,0,0,0,3,3,0,12,0,11,9,5,5,0,5,3,0,5,10,10,10,0,0,1,1,11,0,9,1,16,6,1,9,0,0,0,10,0,1,7,9,0,8,8,0,0,0,15,8,0,0,17,12,0,12,0,10,2,2,3,0,15,5,10,11,2,2,7,9,7,2,0,17,13,8,0,0,3,1,20,0,0,6,5,13,6,5,3,6,17,5,10,0,9,1,0,3,10,0,0,0,12,3,5,5,0,9,5,11,3,0
Zcchc8,5,0,9,6,7,0,1,5,12,3,0,6,0,5,6,13,5,5,5,0,11,6,4,5,0,0,0,5,0,9,10,3,0,11,6,4,2,4,9,7,4,0,8,4,7,0,0,14,0,16,6,4,0,12,0,4,0,7,9,0,0,2,3,6,6,13,1,6,0,3,0,0,3,1,3,6,7,4,1,0,6,4,10,2,0,1,10,4,2,0,4,3,4,0,5,5,5,3,6,1,5,12,5,0,7,0,0,13,0,6,0,9,6,5,0,0,3,6,0,5,11,4,5,10,0,6,0,9,4,4,2,11,9,7,7,4,6,4,14,0,4,0,8,4,16,0,0,0,0,12,0,7,0,9,3,2,0,0,0,6,1,13,6,3,6,0,3,6,1,1,7,3,0,10,4,1,2,6,0,4,0,3,4,4,2,10,4,0
Zfand5,1,0,2,6,0,0,4,0,3,0,0,0,2,4,1,0,2,0,1,0,0,5,0,0,0,0,4,5,3,6,0,0,0,11,0,9,0,0,0,4,4,0,1,0,0,3,1,0,1,6,1,2,0,4,0,3,0,0,6,0,3,0,0,0,2,0,0,1,0,0,4,0,4,0,6,2,0,5,0,0,8,0,6,0,2,0,0,0,0,0,0,0,3,6,2,1,4,0,6,4,0,3,1,0,0,2,0,0,0,0,0,2,1,0,4,0,0,5,0,0,0,0,5,0,0,0,3,0,0,9,0,11,6,4,0,4,1,2,0,3,3,0,1,0,6,1,0,0,1,4,0,0,0,6,0,0,4,3,0,0,0,0,2,0,2,0,4,1,0,0,0,6,0,6,5,0,0,8,2,0,0,0,0,0,0,0,3,6
Zfc3h1,10,0,3,0,0,0,3,0,0,0,0,0,0,0,3,2,0,6,3,0,0,0,0,6,2,2,1,7,8,4,7,0,6,3,3,0,0,6,0,0,5,1,6,0,2,0,0,0,1,0,0,1,11,6,0,4,4,0,0,0,3,6,3,1,8,2,0,0,0,1,0,5,7,0,5,0,0,12,5,6,16,0,0,5,0,0,9,0,0,0,0,0,3,1,0,10,0,0,0,3,0,0,3,0,0,0,0,2,0,0,0,3,3,6,1,2,0,0,6,6,0,0,7,7,2,3,8,0,6,0,0,3,4,0,2,5,0,1,0,0,4,11,6,0,0,0,0,1,1,6,4,0,0,0,1,6,0,3,5,1,0,2,0,3,8,0,7,0,0,5,0,5,6,0,12,0,5,16,0,0,0,0,0,0,0,9,3,1
Zfp292,23,10,8,10,11,0,0,27,0,0,16,0,0,19,13,12,0,13,0,11,28,14,0,16,0,0,0,10,10,0,0,0,0,0,0,0,0,22,0,0,0,0,14,0,12,0,7,44,12,24,0,0,17,0,26,0,0,0,0,33,25,0,0,17,8,27,12,7,18,0,0,0,0,24,15,0,33,0,15,1,0,25,0,0,20,9,34,10,0,0,0,0,11,1,0,23,19,0,10,0,27,0,0,10,11,0,11,12,16,0,0,8,13,13,0,0,0,14,0,16,28,0,10,0,0,0,10,0,22,0,0,0,0,0,12,0,0,0,44,0,0,17,14,0,24,7,26,0,12,0,0,0,33,0,0,0,0,25,0,17,12,27,0,0,8,18,0,7,24,15,33,15,1,0,0,9,0,0,20,25,0,0,0,10,0,34,11,1
Zfp330,0,0,2,4,2,4,0,4,0,0,3,3,0,2,0,1,1,8,0,0,6,0,0,1,0,0,0,4,0,4,0,0,6,8,0,5,0,1,0,0,0,0,0,3,0,1,2,10,2,0,5,5,0,8,2,0,0,4,0,0,0,0,0,2,8,4,0,0,0,4,5,0,5,0,0,0,6,0,0,0,0,0,0,0,0,0,0,0,2,6,1,0,0,0,1,0,2,0,4,0,4,0,0,0,2,0,0,1,3,3,4,2,0,8,0,0,0,0,6,1,6,0,4,0,0,0,0,0,1,5,0,8,4,0,0,0,5,5,10,1,0,0,0,3,0,2,2,0,2,8,0,4,0,0,4,0,5,0,0,2,0,4,0,0,8,0,5,0,0,0,6,0,0,0,0,0,0,0,0,0,6,0,1,0,2,0,0,0
Zfp598,2,1,2,0,2,0,7,10,8,1,0,1,0,8,2,3,1,2,5,1,2,1,3,3,4,7,0,9,0,0,3,3,5,3,1,6,0,3,5,5,2,5,4,3,3,0,2,0,9,3,5,4,2,9,0,6,3,4,3,2,11,4,4,4,5,4,1,0,3,0,0,2,5,0,4,6,7,1,2,4,2,0,4,0,5,2,0,0,1,0,0,0,0,0,1,2,8,1,0,7,10,8,5,1,2,0,1,3,0,1,0,2,2,2,0,7,3,1,5,3,2,3,9,3,4,1,0,5,3,6,0,3,0,5,3,2,5,4,0,0,6,2,4,3,3,2,0,5,9,9,3,4,2,3,0,4,0,11,2,4,1,4,6,4,5,3,5,0,0,2,7,4,4,4,1,2,0,2,5,0,0,0,0,0,1,0,0,0
Zfr,0,4,6,2,0,0,4,4,5,4,3,0,1,3,1,1,4,0,2,9,2,4,0,3,0,0,0,2,5,7,0,2,2,0,0,0,0,8,0,0,0,0,8,2,0,0,10,0,0,0,7,1,0,0,0,1,0,2,0,0,8,0,0,4,0,6,0,3,0,0,8,0,9,0,0,3,4,0,0,0,0,6,0,0,6,0,0,0,0,3,0,0,0,0,4,0,3,4,2,4,4,5,2,4,0,1,9,1,3,0,0,6,1,0,0,0,2,4,2,3,2,0,2,0,0,0,5,0,8,0,0,0,7,0,0,0,7,1,0,0,1,0,8,2,0,10,0,0,0,0,0,2,0,0,0,0,8,8,0,4,0,6,3,0,0,0,9,3,0,0,4,0,0,0,0,0,0,0,6,6,3,0,0,0,0,0,0,0
Zmat2,0,0,0,0,0,0,0,10,9,21,0,0,0,0,0,0,0,0,0,0,0,0,0,0,0,0,0,0,11,0,0,0,0,0,0,0,0,29,0,0,0,0,0,8,0,0,0,0,0,0,0,0,0,24,0,0,0,0,0,0,0,0,0,0,0,15,0,0,0,0,0,0,0,0,0,0,0,0,0,0,0,0,0,0,0,0,0,0,0,0,0,0,0,0,0,0,0,21,0,0,10,9,0,0,0,0,0,0,0,0,0,0,0,0,0,0,0,0,0,0,0,0,0,0,0,0,11,0,29,0,0,0,0,0,0,0,0,0,0,0,0,0,0,8,0,0,0,0,0,24,0,0,0,0,0,0,0,0,0,0,0,15,0,0,0,0,0,0,0,0,0,0,0,0,0,0,0,0,0,0,0,0,0,0,0,0,0,0
Zranb2,4,0,3,0,0,7,9,4,0,4,6,0,0,0,18,7,5,16,7,0,5,14,0,8,4,0,14,5,0,0,0,4,0,4,3,14,0,16,28,3,0,0,0,3,0,7,20,1,8,5,3,10,10,14,9,0,3,29,0,2,18,0,7,4,0,17,0,0,0,8,18,3,13,0,2,3,4,11,9,11,6,0,0,0,0,0,5,0,10,0,0,0,15,0,5,4,0,4,0,9,4,0,7,0,0,0,0,7,6,0,7,3,18,16,14,0,4,14,0,8,5,0,5,0,4,3,0,28,16,14,0,4,0,3,0,0,3,10,1,7,0,10,0,3,5,20,9,0,8,14,3,29,2,0,8,0,18,18,3,4,0,17,3,7,0,0,13,0,0,9,4,2,11,0,11,0,0,6,0,0,0,0,0,0,10,5,15,0
Zswim1,1,2,0,4,0,3,0,0,0,3,2,7,0,3,0,3,3,0,0,3,1,1,4,2,1,0,5,2,4,0,4,1,0,3,0,1,0,3,2,2,0,0,5,1,2,0,6,0,0,2,8,0,3,0,0,0,2,4,3,5,1,4,2,0,5,3,2,3,0,1,0,4,3,0,1,2,2,3,0,1,1,1,0,0,3,0,0,0,4,2,0,1,0,0,3,1,3,3,4,0,0,0,0,2,0,0,3,3,2,7,3,0,0,0,5,0,1,1,0,2,1,4,2,4,1,0,4,2,3,1,0,3,0,2,2,0,8,0,0,0,0,3,5,1,2,6,0,0,0,0,2,4,5,3,1,4,0,1,4,0,2,3,2,2,5,0,3,3,0,0,2,1,1,0,3,0,0,1,3,1,2,1,0,0,4,0,0,0
l7Rn6,0,5,1,2,0,3,2,4,9,6,7,2,0,3,7,16,7,6,14,8,5,2,0,0,8,0,5,6,9,1,10,6,2,7,5,12,7,14,7,5,4,0,3,1,2,2,3,7,4,16,6,2,0,4,2,0,4,4,2,0,3,3,6,4,0,18,4,0,0,6,1,2,0,15,0,6,7,5,1,4,6,2,4,0,2,3,1,3,17,3,4,6,0,0,7,0,3,6,2,2,4,9,14,5,0,0,8,16,7,2,3,1,7,6,5,0,6,2,2,0,5,0,6,10,8,5,9,7,14,12,7,7,1,5,2,4,6,2,7,2,0,0,3,1,16,3,2,0,4,4,4,4,0,2,6,3,1,3,2,4,4,18,6,6,0,0,0,0,15,1,7,0,4,4,5,3,0,6,2,2,3,6,4,3,17,1,0,0
