Row,cell1,cell2,cell3,cell4,cell5,cell6,cell7,cell8,cell9,cell10,cell11,cell12,cell13,cell14,cell15,cell16,cell17,cell18,cell19,cell20,cell21,cell22,cell23,cell24,cell25,cell26,cell27,cell28,cell29,cell30,cell31,cell32,cell33,cell34,cell35,cell36,cell37,cell38,cell39,cell40,cell41,cell42,cell43,cell44,cell45,cell46,cell47,cell48,cell49,cell50,cell51,cell52,cell53,cell54,cell55,cell56,cell57,cell58,cell59,cell60,cell61,cell62,cell63,cell64,cell65,cell66,cell67,cell68,cell69,cell70,cell71,cell72,cell73,cell74,cell75,cell76,cell77,cell78,cell79,cell80,cell81,cell82,cell83,cell84,cell85,cell86,cell87,cell88,cell89,cell90,cell91,cell92,cell93,cell94,cell95,cell96,cell97,cell98,cell99,cell100,cell101,cell102,cell103,cell104,cell105,cell106,cell107,cell108,cell109,cell110,cell111,cell112,cell113,cell114,cell115,cell116,cell117,cell118,cell119,cell120,cell121,cell122,cell123,cell124,cell125,cell126,cell127,cell128,cell129,cell130,cell131,cell132,cell133,cell134,cell135,cell136,cell137,cell138,cell139,cell140,cell141,cell142,cell143,cell144,cell145,cell146,cell147,cell148,cell149,cell150,cell151,cell152,cell153,cell154,cell155,cell156,cell157,cell158,cell159,cell160,cell161,cell162,cell163,cell164,cell165,cell166,cell167,cell168,cell169,cell170,cell171,cell172,cell173,cell174,cell175,cell176,cell177,cell178,cell179,cell180,cell181,cell182,cell183,cell184,cell185,cell186,cell187,cell188
0610009B22Rik,2,2,1,3,4,3,1,2,0,6,1,5,1,6,6,0,4,3,1,6,1,17,7,1,0,2,7,0,3,3,0,2,2,2,1,4,3,6,8,1,8,3,3,6,1,0,6,1,4,0,4,0,4,1,1,0,0,0,2,4,2,8,6,5,3,6,0,0,2,1,6,4,13,3,4,0,3,0,8,0,0,10,9,5,2,0,0,0,1,1,0,11,0,2,4,4,1,1,5,0,0,1,0,0,3,5,0,0,10,6,2,1,9,4,0,0,11,0,1,0,0,1,0,5,6,3,8,0,0,1,2,0,6,1,5,0,0,2,1,0,0,0,7,3,0,0,5,2,2,4,5,2,0,5,4,0,0,4,6,0,2,0,0,9,1,4,12,0,2,7,13,2,2,0,3,6,2,0,0,10,5,2,5,0,2,1,0,5
2410006H16Rik,10,9,5,5,8,19,0,16,9,0,3,3,23,3,0,7,16,2,7,7,2,7,8,5,6,5,6,7,4,1,7,2,4,5,3,3,3,4,7,16,8,9,2,1,11,4,2,5,2,3,4,5,1,2,16,5,6,11,11,8,9,5,9,5,1,13,1,5,7,6,14,0,4,4,12,13,12,10,17,6,3,2,5,2,1,7,18,5,17,8,4,12,16,8,7,6,5,2,2,15,1,9,5,8,2,4,0,4,4,3,8,5,0,7,6,4,19,4,3,2,8,2,6,12,0,14,7,3,3,17,9,13,26,6,8,8,3,8,11,10,12,12,12,8,17,9,9,7,17,1,9,3,0,3,8,6,19,9,1,9,6,8,13,16,6,0,2,8,2,13,3,11,11,3,2,0,6,7,15,6,8,11,11,12,0,0,10,10
2410015M20Rik,15,10,7,1,1,7,5,3,6,6,0,16,15,5,4,9,6,6,3,9,4,8,1,13,24,4,11,3,10,6,2,0,14,28,8,17,5,3,0,9,6,1,15,4,7,4,5,2,2,13,4,0,4,9,10,7,9,11,9,3,7,12,8,5,4,2,14,7,3,3,7,6,3,5,4,6,6,12,13,3,3,17,4,9,9,0,5,6,9,20,10,18,13,16,12,3,4,5,1,2,7,2,15,15,4,5,1,16,4,4,17,14,4,3,17,6,6,6,1,8,6,3,9,2,5,13,1,1,2,4,4,10,6,1,3,4,3,0,5,2,4,17,12,1,6,10,4,1,4,7,3,14,2,6,4,9,15,12,2,13,9,20,0,7,16,1,7,10,21,1,11,9,21,7,2,6,5,10,18,8,12,11,17,8,14,8,9,2
2700081O15Rik,0,0,2,5,0,4,0,0,0,0,0,0,5,0,1,6,0,0,0,0,0,4,5,4,0,11,0,0,0,0,7,4,0,0,1,0,0,0,0,0,5,0,3,0,1,5,0,8,0,3,4,5,3,0,0,4,0,0,1,0,5,0,6,0,2,0,0,0,0,0,0,2,2,4,0,0,1,0,0,0,0,0,0,0,0,0,0,0,1,0,2,0,0,0,4,0,0,0,0,0,0,6,1,0,0,4,0,0,0,5,0,7,0,4,5,5,0,0,5,0,3,3,4,7,0,0,1,1,0,4,0,0,0,0,5,5,0,3,0,0,0,7,0,0,0,5,3,0,0,3,0,0,0,0,0,3,0,4,6,1,5,4,4,0,0,0,0,0,1,0,0,0,6,0,5,0,0,3,3,3,6,4,0,0,0,2,0,2
2700097O09Rik,11,7,5,1,7,14,0,7,0,14,8,3,5,0,1,0,12,2,6,9,1,10,3,0,12,10,1,0,8,1,3,4,1,6,2,0,11,0,13,0,8,1,2,11,4,8,7,13,2,5,8,8,4,4,19,11,9,6,0,6,2,1,0,9,0,9,3,14,4,8,3,0,1,0,0,9,5,4,7,0,0,1,2,12,8,9,10,0,9,14,0,0,5,1,1,6,0,1,0,4,7,1,0,6,4,11,0,4,3,3,1,0,0,8,7,0,13,0,3,4,7,8,5,6,11,12,5,7,3,3,1,3,2,10,2,8,7,3,2,11,9,0,2,2,1,3,3,7,0,3,1,1,7,1,12,1,1,1,0,6,2,1,6,11,4,7,7,0,9,14,2,7,5,0,2,2,1,3,0,1,4,2,1,3,4,9,2,5
9130401M01Rik,6,3,8,5,4,3,8,9,6,7,12,4,3,3,14,5,20,7,3,12,4,1,5,4,9,5,9,3,1,3,2,3,2,15,0,7,3,2,6,10,14,11,10,13,4,11,23,15,12,11,2,0,7,1,0,10,8,13,7,7,3,1,8,3,14,6,4,2,2,6,1,1,8,3,20,13,9,2,8,1,0,2,14,10,0,12,11,11,6,0,12,7,5,5,2,11,4,8,4,9,4,1,13,2,6,0,2,15,0,8,0,0,10,7,8,1,1,14,2,18,5,4,6,3,4,6,3,14,10,5,3,13,12,1,0,17,17,3,9,1,18,3,9,7,6,1,4,0,1,8,25,7,6,7,4,8,10,11,2,12,16,12,3,2,8,5,3,5,6,2,5,3,7,2,5,15,13,5,11,6,3,8,13,8,5,9,16,15
A230046K03Rik,0,1,3,0,0,0,4,0,1,11,4,4,0,4,0,8,7,0,8,3,0,0,4,1,0,1,0,4,5,3,0,0,0,3,1,0,0,7,8,5,4,3,3,0,6,0,3,0,0,5,0,6,1,4,0,5,1,0,6,5,0,1,0,9,2,5,2,0,8,4,0,0,1,0,0,0,0,5,6,0,1,3,0,10,1,2,0,1,7,5,1,0,10,0,0,1,1,1,3,3,1,0,0,5,7,0,4,0,0,5,0,0,6,6,0,5,3,6,0,0,5,10,4,1,8,0,0,0,0,0,5,0,0,3,0,2,0,7,1,8,1,1,7,1,1,0,2,8,2,0,3,0,4,0,0,0,7,0,1,6,1,2,8,5,0,0,0,0,0,1,0,2,7,0,0,0,7,8,0,0,0,6,0,9,0,3,0,3
Aamp,4,9,6,12,11,12,3,8,18,21,18,9,13,20,10,11,25,25,1,14,13,6,38,6,17,10,12,4,14,18,12,21,9,7,6,25,13,3,17,19,11,20,14,13,4,18,12,10,13,8,4,1,3,4,13,6,17,2,11,14,23,19,16,44,13,10,4,25,8,18,4,9,12,7,6,13,7,17,20,23,5,13,9,12,3,6,21,4,8,6,13,24,6,9,8,20,9,14,1,15,11,7,17,4,10,31,9,11,10,2,13,8,6,8,1,15,6,10,19,16,8,20,9,15,5,13,14,18,13,3,22,5,12,14,9,14,14,14,7,7,26,29,13,11,13,23,7,17,6,6,1,1,13,11,5,8,5,23,21,7,5,18,8,20,10,11,15,10,9,22,4,8,17,15,8,9,14,15,7,7,6,9,7,23,11,14,4,14
Aard,0,0,4,1,1,2,0,0,4,3,0,0,0,1,6,0,1,0,2,0,0,2,0,5,1,0,0,3,0,0,6,3,0,0,1,0,1,0,0,0,1,1,0,2,0,0,2,0,0,4,0,0,3,0,0,0,2,1,0,0,4,0,0,3,0,0,0,2,0,0,2,0,0,0,3,4,2,0,0,0,4,7,5,2,3,0,0,0,0,0,4,0,0,1,1,0,0,0,5,1,2,1,0,1,2,0,4,4,0,3,0,0,4,0,0,0,1,3,2,5,0,1,2,0,0,3,0,0,0,2,7,0,4,2,2,0,0,1,1,0,0,1,1,0,0,1,0,0,2,0,0,0,0,3,1,2,4,7,2,0,0,0,0,0,0,0,3,3,0,3,3,0,0,1,0,0,0,0,0,0,0,0,3,0,3,2,0,3
Aasdhppt,0,1,2,4,0,0,4,2,14,5,1,1,0,2,3,0,2,6,4,0,2,9,1,1,8,0,9,0,11,2,4,1,0,0,7,8,1,1,2,0,0,2,11,6,8,4,9,0,4,0,3,6,2,6,2,9,5,4,1,3,6,4,1,4,11,0,1,1,11,5,0,0,5,11,11,1,9,8,3,1,3,7,6,9,7,6,3,0,0,3,0,6,0,11,5,6,6,0,3,0,12,6,1,1,0,4,0,9,1,7,2,4,1,6,7,7,4,2,9,1,4,0,5,2,3,5,0,9,1,2,1,1,1,11,13,5,3,3,6,2,2,4,0,0,10,8,1,5,8,5,8,0,6,0,3,5,5,0,3,10,9,1,9,7,0,6,4,2,3,3,3,10,5,1,0,0,3,1,0,11,1,2,5,4,6,0,1,4
Abr,4,4,1,3,1,7,2,0,5,1,0,3,1,0,4,2,2,3,2,3,2,0,3,2,1,1,0,7,7,2,1,5,1,12,0,0,2,1,4,6,0,0,0,0,4,5,6,7,0,0,11,2,0,2,4,5,1,7,0,0,9,1,1,3,0,1,0,1,0,3,1,5,4,0,0,0,1,1,10,7,3,0,2,2,2,0,0,8,1,0,0,3,0,1,0,1,0,9,4,1,4,0,3,11,5,0,4,1,1,0,0,0,1,9,0,0,0,0,4,5,1,3,3,1,0,5,0,8,3,6,0,2,6,0,9,9,2,0,5,0,1,0,2,6,1,7,8,1,8,6,9,8,1,2,2,14,1,0,3,2,0,1,8,0,13,6,10,0,0,2,2,0,4,0,0,0,0,5,0,11,0,0,12,0,0,8,5,1
Acp6,3,5,3,7,0,2,1,2,0,6,0,1,3,8,0,4,4,5,4,0,11,2,7,0,9,0,1,8,1,7,9,5,4,5,2,2,5,0,0,2,6,2,9,2,7,0,7,10,5,7,0,1,0,0,6,6,1,1,2,1,1,1,4,1,1,6,1,3,3,0,2,3,2,5,4,7,4,2,0,4,2,6,1,4,5,0,3,6,4,0,1,7,7,5,0,8,0,1,10,0,0,4,1,1,3,1,4,0,0,4,8,3,2,3,2,2,1,3,11,2,6,0,1,0,1,5,9,2,4,5,0,0,1,3,0,0,1,3,4,10,5,0,5,5,2,1,0,0,0,5,0,6,0,1,2,3,6,1,2,6,2,0,4,11,4,5,0,7,3,7,2,3,0,7,5,2,3,2,5,10,2,7,3,4,6,7,2,2
Actr10,0,1,14,19,8,0,0,8,1,11,6,2,0,5,1,1,3,10,0,7,8,7,1,9,8,0,1,6,4,13,17,0,3,15,4,1,13,2,1,2,1,4,7,3,8,14,9,3,3,7,4,5,0,0,5,6,6,4,1,3,3,2,3,9,0,0,13,2,0,2,1,16,1,12,0,7,9,4,3,4,0,8,5,0,0,0,2,21,6,1,4,1,4,16,3,2,3,2,13,5,5,12,5,6,6,0,15,1,4,2,2,2,12,1,2,0,2,0,0,1,1,5,0,4,10,10,1,4,3,0,2,0,0,1,2,0,4,5,1,7,10,10,2,7,1,8,3,5,9,12,3,1,0,1,19,13,10,1,1,4,3,9,14,2,11,1,8,4,4,5,0,4,0,3,25,0,0,0,6,9,13,6,7,6,10,6,0,1
Adck5,0,0,0,0,0,0,0,0,0,0,0,0,0,0,0,2,0,0,0,3,0,0,0,0,0,0,3,6,0,0,5,0,0,0,7,0,0,0,0,0,0,0,0,0,0,0,0,0,0,0,0,6,7,0,0,0,0,0,0,6,5,6,0,0,0,0,0,0,3,0,0,0,0,0,0,0,0,0,0,0,0,0,4,0,0,2,0,0,0,8,0,0,0,0,0,0,0,0,0,0,7,0,0,0,0,4,0,0,0,7,0,0,0,0,10,0,0,0,0,0,0,0,0,0,0,0,0,0,0,9,0,0,9,0,0,7,0,0,0,0,0,0,0,6,1,0,0,0,8,7,0,0,0,0,0,0,0,7,2,0,0,0,10,3,0,0,3,4,0,0,0,0,0,0,0,0,0,0,2,0,6,0,0,0,0,0,0,6
Aff1,8,0,5,0,9,5,1,0,15,4,12,12,4,7,9,0,10,0,0,4,9,11,0,0,10,8,11,5,0,6,11,0,3,2,0,0,9,2,5,10,9,0,0,0,5,0,0,0,1,6,0,10,11,3,0,0,0,16,1,6,0,8,4,4,7,0,2,8,6,10,4,9,0,0,5,7,0,0,8,7,12,5,0,17,16,16,2,2,9,0,0,0,0,0,0,8,1,0,8,9,8,0,10,12,0,0,0,7,0,0,0,1,0,0,0,0,0,8,6,0,1,11,0,6,10,10,0,11,1,0,1,0,5,13,0,0,3,4,0,7,0,1,10,2,8,12,0,0,0,0,0,10,5,0,0,0,0,2,0,0,9,0,5,7,12,8,0,13,0,1,15,2,10,0,0,0,0,0,9,0,4,0,0,0,1,0,0,7
Ak2,8,17,31,13,23,9,15,4,19,8,9,28,22,12,15,9,17,8,12,15,12,14,9,19,31,6,13,19,9,16,12,21,9,1,5,16,8,9,13,17,18,20,8,10,6,8,26,21,16,20,13,18,8,6,17,12,8,9,7,23,16,4,22,9,18,5,20,15,11,13,18,7,8,20,19,10,8,18,9,19,24,13,22,7,7,9,11,16,18,4,15,13,9,23,11,10,14,13,3,2,4,18,7,9,18,15,8,9,15,22,20,9,8,10,16,14,12,9,20,5,12,3,8,22,17,16,17,6,10,6,22,15,8,12,22,16,6,7,16,10,27,1,12,25,19,19,10,3,11,4,5,6,24,17,11,8,3,9,6,12,11,22,20,11,5,7,5,21,5,12,16,18,9,2,8,11,4,15,11,22,17,9,19,14,14,18,13,21
Ak4,2,0,0,1,1,6,0,0,1,0,2,1,0,2,8,4,0,0,0,4,3,0,0,1,0,0,0,3,2,1,0,0,2,0,0,2,6,4,0,3,0,5,1,3,3,1,1,0,1,0,5,0,1,2,6,5,3,2,3,5,4,4,0,2,2,3,4,5,3,0,0,3,7,0,2,0,0,4,2,3,0,2,0,0,1,5,0,3,5,3,4,4,1,1,2,3,0,5,0,1,2,0,1,2,3,0,3,2,4,7,2,4,1,4,4,4,0,4,0,0,5,3,2,0,1,7,0,4,5,0,0,9,3,0,7,4,0,0,0,5,3,5,0,0,2,0,1,2,2,5,3,3,0,0,3,0,3,5,5,0,3,2,3,0,5,5,1,2,0,0,1,0,0,2,3,0,0,2,3,3,3,8,7,1,0,7,0,0
Akirin1,6,6,0,0,6,0,0,0,0,0,0,7,0,0,0,0,0,0,0,5,0,0,0,0,0,0,0,0,0,5,2,4,8,0,0,5,0,0,0,0,0,0,0,0,1,7,0,2,0,9,0,1,0,0,8,0,0,4,8,5,2,0,2,0,3,0,0,1,0,0,0,0,0,8,0,4,1,0,0,0,7,0,0,0,3,0,0,0,11,12,0,6,0,0,0,0,0,0,0,0,0,0,1,0,0,0,0,2,0,0,0,5,0,0,11,0,0,0,0,0,0,0,6,0,0,4,0,6,0,8,0,0,3,0,0,1,0,6,0,0,0,0,0,0,0,4,5,0,1,8,0,0,0,0,0,0,6,0,1,0,0,0,0,0,0,0,1,0,0,0,0,1,0,7,0,6,0,0,5,0,0,4,4,1,0,3,6,0
Aldh18a1,3,7,2,9,4,2,13,8,1,12,17,3,9,6,8,5,9,6,14,11,8,14,2,6,5,0,1,3,5,12,2,2,4,4,4,1,7,8,3,8,9,11,4,0,14,5,2,10,8,3,4,6,9,0,20,12,13,10,8,7,11,4,9,2,1,8,9,10,4,1,20,13,8,15,6,16,10,2,1,10,5,12,5,2,8,7,9,8,4,0,2,2,0,5,3,0,3,1,1,9,14,3,9,7,7,1,11,1,13,3,3,2,5,2,9,1,3,9,2,3,1,4,9,4,13,1,2,3,5,6,0,13,2,4,6,9,12,10,1,8,0,4,0,8,16,1,10,14,5,12,5,12,7,4,5,6,3,10,8,4,9,4,2,13,11,11,7,6,9,7,14,13,5,8,6,13,6,2,12,0,6,3,5,8,11,15,3,7
Aldh7a1,8,8,2,3,0,4,8,2,6,5,2,2,1,3,7,7,4,1,7,2,1,3,10,2,2,3,4,9,4,1,7,0,2,2,5,6,8,6,5,3,4,2,4,0,4,3,4,0,0,1,0,2,3,7,0,4,3,2,8,0,4,3,4,7,11,0,6,4,3,0,4,7,6,4,0,12,1,4,7,1,0,1,7,0,12,3,3,2,2,4,14,0,5,2,5,10,0,5,3,1,7,0,4,6,4,9,0,3,7,0,4,2,2,0,0,0,3,0,0,6,4,1,1,4,7,1,1,0,2,1,3,4,2,4,4,0,9,3,2,2,1,2,0,4,1,0,2,3,1,2,8,3,5,14,6,1,7,2,5,2,4,0,0,9,5,2,3,0,4,6,7,3,5,1,8,2,4,1,4,1,4,3,1,2,6,2,3,2
Alpl,4,4,4,1,3,6,4,7,11,3,5,7,9,6,8,3,6,8,5,8,0,5,3,12,4,5,6,3,2,2,5,10,10,5,3,4,6,4,2,4,5,8,6,0,4,0,0,0,5,0,1,5,7,1,0,2,7,2,4,0,8,0,3,2,7,11,6,3,7,2,2,4,5,2,2,2,6,4,5,5,2,7,2,5,5,5,2,6,8,7,8,2,7,13,9,2,4,8,2,1,2,4,6,5,6,0,5,5,3,0,11,6,1,8,8,10,4,0,3,5,9,2,9,3,5,5,3,4,6,7,8,2,6,0,4,7,4,3,7,2,0,6,5,4,0,5,9,9,6,4,3,3,4,8,6,4,10,3,6,3,11,5,4,5,4,1,6,3,6,5,7,4,4,6,5,0,3,2,3,7,3,9,4,7,2,5,1,4
Anapc7,1,0,0,2,5,0,2,4,0,0,0,1,11,0,10,0,0,8,3,0,1,0,0,9,0,0,0,0,0,0,7,0,5,1,2,0,10,1,0,0,0,8,0,0,0,0,0,0,9,0,0,3,0,5,0,0,13,1,0,3,3,0,0,9,0,0,0,0,0,1,2,1,9,0,0,6,1,0,8,9,0,1,0,1,0,0,1,0,0,0,0,1,0,0,0,10,1,0,0,2,0,0,3,0,4,0,17,6,0,0,0,12,2,0,0,0,0,7,4,0,13,0,7,2,0,0,2,4,11,7,0,0,4,1,3,0,2,9,1,0,0,0,0,2,1,0,3,0,0,0,4,0,3,0,0,0,1,0,0,13,0,0,11,2,0,15,15,0,0,0,0,0,8,0,0,6,2,0,9,16,13,1,0,0,0,0,15,12
Ankhd1,5,1,11,1,10,8,0,5,8,4,11,16,9,0,23,15,0,4,14,1,7,3,5,4,1,8,7,7,0,20,1,3,14,5,4,6,0,4,6,14,7,0,13,16,2,15,1,8,6,6,0,13,0,0,0,4,0,2,7,10,6,0,2,2,2,4,1,2,0,14,3,9,2,3,1,9,10,10,17,3,21,5,1,10,13,5,16,12,6,1,12,20,6,1,0,14,0,2,8,7,6,4,3,10,9,26,0,11,18,8,0,9,0,2,9,4,11,0,2,0,7,0,6,1,11,13,13,0,10,2,1,10,0,13,12,0,3,11,1,4,13,2,13,19,18,0,14,0,3,4,0,7,9,12,7,1,0,0,5,0,3,7,2,0,11,0,11,7,8,12,4,4,1,12,10,19,13,1,6,0,2,14,14,3,8,1,1,3
Ankrd10,3,2,11,0,1,8,13,0,3,8,9,6,8,4,10,8,17,0,12,18,2,5,7,4,4,8,11,2,2,2,7,3,3,5,2,0,23,11,22,5,5,7,14,9,6,5,18,4,10,2,4,2,6,8,3,2,8,1,14,4,7,3,0,22,1,6,10,5,15,3,11,0,0,0,4,4,3,12,9,4,3,1,11,1,3,5,3,11,3,0,2,2,4,9,15,1,2,0,11,8,8,9,0,5,0,18,2,6,10,9,15,5,10,1,6,0,8,7,9,1,0,1,7,20,1,7,6,4,17,8,6,7,10,3,7,8,0,0,2,2,3,0,2,8,11,12,2,6,4,13,12,7,6,4,14,8,9,3,2,7,1,0,7,17,16,5,6,4,15,0,6,9,10,2,15,1,0,3,0,1,5,3,3,1,18,15,6,6
Ankrd11,5,0,7,5,12,14,11,2,15,7,7,12,4,14,1,19,2,5,25,4,15,2,0,14,8,15,8,10,18,13,9,13,12,6,5,7,9,5,13,16,11,11,5,11,19,11,3,3,12,2,4,3,12,12,8,6,3,12,5,0,18,7,14,1,4,14,4,6,15,6,8,12,7,10,14,8,21,6,12,6,4,1,0,9,2,20,9,19,9,12,2,9,23,13,0,2,1,16,2,1,16,6,14,2,5,16,6,6,19,17,4,1,21,1,16,20,17,8,2,13,10,0,11,5,5,5,6,8,9,4,7,19,0,16,5,17,4,6,15,1,15,17,4,12,5,9,5,2,17,14,0,5,7,19,5,2,3,9,6,8,15,13,1,5,6,13,5,9,4,4,0,2,16,3,5,23,0,1,17,11,8,8,6,0,3,9,18,19
Anp32a,30,23,18,18,41,16,27,51,39,22,35,9,48,49,6,36,48,1,47,43,34,14,33,26,25,14,39,21,13,19,20,9,16,46,2,31,25,16,1,40,46,25,28,3,25,13,50,17,57,45,20,14,6,21,11,16,22,23,9,47,24,15,38,35,18,12,16,12,1,29,7,5,7,12,2,9,35,32,24,8,37,23,5,23,3,11,19,7,9,18,20,16,28,7,16,24,26,13,32,22,2,19,23,13,20,25,24,20,20,27,39,6,19,1,23,29,13,2,6,37,19,10,42,12,22,29,12,27,19,15,8,14,24,21,8,31,32,22,23,10,15,1,32,24,29,14,33,39,11,7,14,46,12,23,47,14,45,29,16,9,33,31,21,27,44,69,30,15,7,26,50,5,27,15,18,4,10,30,14,61,0,5,18,4,23,37,3,38
Ap2m1,0,0,5,4,4,1,0,7,0,0,0,5,5,1,9,0,0,0,2,0,0,0,4,7,0,0,1,0,2,0,0,6,6,3,2,8,1,3,12,5,7,0,1,2,0,0,1,0,4,0,0,8,0,0,8,2,1,0,1,1,11,0,0,0,0,5,3,0,0,0,8,6,0,0,10,0,3,1,0,0,4,0,1,5,0,0,0,0,0,0,0,0,5,0,5,0,8,1,0,0,1,6,0,1,0,0,0,7,1,2,0,1,0,0,2,0,0,0,0,3,3,0,0,2,0,0,2,2,1,7,0,0,0,0,7,6,2,1,1,0,4,7,5,5,0,6,0,0,0,0,7,0,4,1,0,0,0,0,4,0,1,11,8,0,0,7,0,6,4,0,11,0,0,0,1,2,5,0,0,0,0,0,0,10,7,1,11,2
Apoa1bp,5,0,6,7,0,0,5,1,0,0,8,0,0,3,7,6,0,2,3,4,0,7,5,6,0,3,11,0,0,9,10,0,4,5,2,0,4,1,0,0,0,8,0,0,0,5,4,0,4,3,0,9,7,8,7,0,11,4,0,0,3,0,0,0,3,0,6,6,9,6,3,5,0,9,10,0,6,9,6,0,0,0,2,7,4,7,0,9,7,0,6,5,0,3,0,3,5,0,2,2,3,8,4,0,9,7,9,0,5,9,0,5,11,4,5,6,0,0,2,0,8,5,8,2,0,6,0,2,6,4,0,0,0,6,4,3,3,4,9,2,0,7,0,0,0,2,8,0,5,7,0,0,0,3,0,0,6,4,1,12,0,0,6,2,4,1,0,0,0,0,9,0,7,0,6,3,6,0,0,7,0,11,5,5,0,0,5,5
Aqr,2,0,1,0,0,0,4,0,4,0,3,0,0,3,0,0,5,3,1,0,0,0,9,0,0,2,0,0,2,1,6,0,0,0,0,1,2,2,2,0,0,1,0,0,1,2,3,3,0,1,2,5,2,1,2,4,0,3,2,0,0,7,1,2,1,0,0,3,7,0,4,0,4,0,0,0,0,0,5,4,4,0,2,5,4,2,3,2,5,0,1,1,1,0,4,2,0,3,0,6,5,3,0,1,2,1,1,1,5,3,0,1,0,3,0,0,3,1,0,0,1,2,0,1,0,2,4,1,0,0,0,0,2,7,3,1,0,0,0,0,0,4,1,8,0,2,0,2,3,1,0,4,1,0,8,1,0,0,0,0,0,0,1,0,0,0,2,0,3,6,0,7,0,0,3,0,0,1,0,6,0,0,0,6,4,8,0,0
Arhgap12,4,0,13,1,8,2,0,1,4,2,7,0,5,1,15,7,3,0,2,6,6,3,0,11,6,7,2,8,1,4,1,9,4,6,3,11,1,7,3,5,4,4,4,2,10,2,9,0,7,6,0,0,0,0,0,5,0,6,1,4,1,9,0,6,6,0,5,2,7,6,2,7,0,3,1,4,2,0,6,0,3,5,2,0,1,5,0,2,6,11,0,8,0,5,6,1,3,3,11,4,3,0,3,13,2,9,1,5,4,0,4,11,0,8,14,5,8,3,0,3,3,0,8,12,6,1,0,9,5,0,7,0,0,0,0,2,6,1,6,0,14,0,2,7,14,4,6,8,2,4,5,7,0,6,7,7,4,1,2,0,7,0,7,2,0,14,3,14,7,0,0,5,16,2,2,10,3,3,1,0,0,4,5,2,5,13,0,9
Arid2,1,0,2,9,0,7,7,0,0,0,3,0,0,5,1,7,1,7,4,3,0,6,3,10,11,2,1,2,6,9,6,1,4,8,5,0,4,4,3,2,3,6,2,0,7,5,1,5,0,3,0,0,0,1,4,0,2,2,5,1,2,7,0,2,6,3,7,2,0,1,0,5,10,0,1,12,0,4,0,0,4,10,9,7,1,0,8,1,3,12,8,0,3,0,2,5,1,1,3,3,5,1,2,4,5,10,0,1,1,5,6,2,1,2,1,3,9,7,13,3,0,3,0,4,9,7,7,2,3,4,0,3,3,3,0,0,0,4,0,2,4,0,9,0,9,0,3,3,3,8,0,0,13,4,0,1,1,4,0,0,7,9,0,7,0,1,3,9,0,1,3,7,7,1,0,0,2,11,0,6,4,16,1,0,0,0,0,0
Arl6ip4,15,10,6,8,0,13,7,1,0,1,12,0,0,4,0,6,2,0,0,11,0,16,0,3,24,1,11,0,10,2,0,18,9,1,3,4,4,0,13,4,0,11,0,0,4,13,0,15,0,3,0,1,8,4,14,0,4,12,9,21,0,16,5,5,0,0,17,2,0,14,0,6,0,4,13,12,3,7,18,5,0,6,0,5,12,0,13,0,4,4,9,0,14,7,0,0,0,3,0,1,0,18,0,0,0,0,18,8,14,14,5,9,12,4,4,22,19,1,0,0,0,18,13,5,0,11,5,13,16,4,15,1,13,2,17,0,21,2,0,3,0,15,9,4,0,0,0,12,5,1,0,10,0,17,6,18,19,0,0,14,0,15,2,2,7,0,6,5,10,0,0,19,0,5,5,1,13,7,8,5,0,12,0,2,0,0,0,0
Arpp19,29,0,37,0,0,6,6,0,0,0,0,0,2,21,67,0,0,2,2,23,0,4,24,2,3,0,5,0,25,0,6,5,0,34,0,7,9,0,30,24,0,5,6,8,0,2,2,4,14,24,0,49,0,0,0,7,20,0,27,0,0,1,2,0,0,0,0,0,0,12,1,4,58,2,11,1,0,36,1,38,8,35,0,10,28,2,0,29,5,34,0,0,1,2,7,65,0,1,0,4,0,0,0,44,18,0,13,5,0,79,1,0,3,0,4,53,0,6,0,0,0,44,1,0,8,23,4,1,49,1,9,9,0,39,4,0,0,24,0,0,13,1,0,24,0,10,37,26,0,29,48,0,0,21,25,4,15,13,3,2,10,87,0,0,25,0,3,17,0,0,0,20,0,22,3,45,41,4,0,2,19,1,5,0,0,0,35,23
Asap1,0,8,0,0,9,0,0,4,0,0,0,1,10,0,0,6,0,0,0,1,7,4,0,0,0,1,7,1,6,8,0,0,1,0,10,7,7,3,5,0,1,0,4,1,1,0,7,0,6,5,0,10,8,1,0,0,1,7,1,0,0,1,7,0,0,0,0,4,6,0,0,0,0,2,2,0,0,0,7,0,0,9,0,7,10,0,6,0,3,1,0,0,0,0,0,0,8,0,0,7,0,9,1,4,1,5,0,0,9,0,0,0,0,0,0,0,0,12,0,6,0,2,0,0,0,0,0,0,0,14,0,0,0,0,0,3,3,0,1,0,0,0,6,0,0,0,9,0,0,0,7,0,9,10,11,10,0,0,3,1,0,0,8,3,0,0,13,0,0,0,8,0,0,0,0,4,3,0,0,0,0,3,1,0,0,0,0,0
Ash2l,5,3,8,15,25,6,13,20,4,23,8,27,7,33,4,6,3,24,16,6,17,3,1,26,10,5,16,2,12,26,27,17,21,4,26,0,20,2,4,6,30,11,42,18,7,5,20,16,22,12,40,20,3,4,5,7,8,16,13,19,8,10,18,11,19,1,39,2,8,6,1,50,7,18,5,14,13,14,13,6,12,13,19,7,9,33,18,12,25,22,14,3,15,12,3,36,38,14,12,7,13,21,5,3,13,22,8,26,16,18,16,12,13,19,0,2,3,13,4,6,8,10,4,15,3,10,3,1,5,10,17,10,34,11,32,17,3,30,33,17,34,21,24,9,24,0,18,22,23,7,7,14,3,27,15,5,13,14,13,23,14,23,44,36,12,31,32,21,23,9,3,1,14,13,3,18,17,38,14,3,6,13,3,2,20,34,16,5
Atmin,1,3,0,1,5,1,3,0,0,0,0,3,3,0,0,0,1,2,0,0,1,2,6,0,4,0,0,2,0,1,0,3,0,0,2,1,0,0,0,0,2,0,0,0,4,1,0,1,0,1,3,0,0,0,2,2,0,0,0,0,3,0,4,1,0,0,1,0,3,0,2,0,4,0,6,0,5,0,0,2,0,0,1,1,4,0,1,0,0,0,0,3,4,1,0,0,0,0,0,0,1,0,0,1,1,0,0,0,4,0,0,2,2,1,0,0,0,2,2,1,0,0,2,0,0,0,3,0,2,0,0,3,0,0,0,0,2,0,0,1,0,0,0,0,0,0,1,0,0,0,2,2,0,4,1,2,0,2,5,0,2,3,2,0,2,2,2,2,0,0,3,0,0,0,3,5,3,0,2,4,1,0,3,0,0,0,0,0
Atpif1,21,40,61,52,33,42,36,21,22,8,47,28,32,11,26,33,33,45,9,28,46,10,25,22,45,8,44,42,18,8,50,33,38,50,11,21,30,32,18,41,19,36,22,22,30,49,40,42,15,36,35,34,27,40,51,8,51,1,19,18,22,38,31,39,43,49,52,46,40,40,29,42,41,21,37,50,19,24,32,42,36,13,33,14,18,39,53,22,18,46,51,32,26,38,19,33,29,48,47,52,42,7,14,30,39,36,35,1,13,32,3,35,30,46,36,28,17,34,40,21,37,15,12,8,48,33,8,39,7,36,37,43,50,47,44,32,26,41,44,31,42,37,14,21,31,30,17,36,17,35,29,23,11,50,32,18,43,43,18,15,20,36,8,50,23,29,37,31,41,13,11,30,40,42,44,51,18,41,8,22,42,41,22,17,23,61,24,16
Bod1l,9,8,7,7,6,4,6,0,3,6,1,0,0,0,7,2,3,9,3,2,3,10,0,10,2,6,7,4,9,1,5,0,0,7,2,0,1,0,5,2,4,4,11,6,2,7,0,4,6,13,5,6,0,9,7,1,5,12,0,7,8,4,10,11,1,10,1,10,0,7,9,9,0,1,0,3,2,9,2,6,2,0,4,12,1,8,4,4,9,10,2,8,0,0,5,2,11,2,6,1,0,2,3,4,6,1,2,1,6,0,0,6,8,0,7,0,9,3,0,0,17,13,4,8,3,2,4,3,0,0,5,2,6,1,7,4,6,5,6,4,6,8,5,8,9,7,1,9,4,6,9,12,7,4,8,0,0,6,4,11,10,0,2,7,10,4,6,0,3,0,2,5,3,6,0,3,2,0,1,10,3,0,5,1,7,11,0,2
Brd2,17,2,6,1,3,5,4,14,10,5,3,4,5,0,3,9,13,2,9,7,5,16,5,3,8,11,2,0,13,13,1,7,9,6,5,9,4,0,11,16,7,13,7,4,4,3,12,8,0,5,9,5,16,2,2,5,13,15,1,4,0,4,0,8,11,8,0,9,12,4,2,8,9,4,12,15,1,1,0,14,2,8,21,7,2,1,7,3,2,2,7,14,8,4,10,0,0,1,10,11,1,7,11,11,1,4,0,7,5,7,13,8,13,0,0,9,1,3,9,10,0,2,8,2,3,4,10,12,2,6,1,3,20,17,4,3,1,4,10,0,7,5,8,13,6,14,6,12,1,8,23,2,3,6,7,3,5,0,9,2,2,4,0,4,14,20,0,8,0,13,0,9,4,2,9,2,14,0,2,9,11,8,8,0,6,1,14,1
Brd4,4,1,6,8,3,4,1,0,3,1,4,0,7,14,0,0,16,2,0,0,0,0,4,4,1,4,3,9,2,1,2,0,1,5,5,2,2,0,7,5,12,1,12,7,4,1,0,8,6,3,5,2,3,3,19,1,12,0,4,0,0,10,26,2,10,0,0,4,3,3,0,2,0,4,18,0,6,0,4,0,0,3,1,20,7,7,1,5,4,1,16,3,0,17,0,5,3,1,10,4,6,0,2,6,0,24,4,38,8,4,2,2,4,11,3,0,4,0,0,3,7,4,9,4,0,2,4,0,0,4,3,14,18,0,3,4,10,6,3,0,0,9,7,4,9,8,0,14,0,9,2,0,15,12,4,13,0,0,3,2,6,14,20,8,1,0,7,8,11,6,0,17,5,0,2,2,2,0,10,0,3,2,1,10,13,10,0,5
Brd7,2,3,0,3,0,0,0,0,20,0,10,3,2,5,0,11,0,32,0,9,0,25,0,11,0,13,33,0,0,0,2,0,0,0,0,2,2,25,0,0,9,0,36,8,0,0,22,0,0,25,20,1,0,0,2,0,0,0,0,6,2,27,1,0,0,0,0,0,0,0,0,0,0,0,0,0,0,0,0,0,0,0,0,0,0,0,17,0,21,0,0,0,0,0,27,0,7,0,15,0,0,0,0,7,0,0,0,0,0,6,0,0,0,0,23,0,0,22,27,21,0,20,0,0,0,0,1,14,0,0,0,0,1,1,0,2,0,3,12,2,1,1,0,17,1,0,2,0,29,12,0,0,0,0,0,9,0,3,0,5,0,0,0,0,19,0,10,0,0,0,0,8,0,9,0,1,9,4,2,12,0,3,0,0,0,4,0,19
Btf3,0,2,0,0,22,26,2,2,0,0,26,2,0,0,4,0,34,20,3,25,20,0,0,21,1,2,3,32,0,9,0,3,3,15,0,21,32,0,0,0,0,7,3,16,6,2,0,0,18,1,0,0,16,30,0,0,0,1,13,0,19,32,0,0,0,0,0,0,0,18,0,24,27,0,1,3,0,8,0,0,0,0,22,1,0,13,0,0,0,2,0,0,0,0,6,0,0,16,0,0,0,0,1,13,4,0,0,22,0,0,0,0,0,9,0,0,14,0,5,2,0,9,10,1,0,0,0,0,0,5,0,4,0,0,0,16,0,0,0,31,0,0,27,0,0,0,0,32,29,0,5,11,7,0,6,42,0,7,1,40,0,0,9,0,31,16,5,0,0,8,0,0,0,0,12,19,1,30,0,0,4,6,0,1,3,2,0,28
Bud13,3,0,2,0,0,1,4,7,3,1,0,0,1,3,0,0,2,4,0,0,0,0,0,1,0,0,5,0,2,1,0,0,2,0,0,0,1,2,1,4,0,3,1,0,0,1,0,1,0,0,0,4,1,1,1,0,7,3,0,4,2,1,0,4,0,1,2,1,1,5,0,0,0,1,0,1,4,2,0,4,1,4,0,0,3,3,4,2,4,0,0,0,0,0,1,4,2,0,0,0,0,0,2,4,2,1,6,1,0,3,4,0,1,0,1,3,0,2,6,0,1,0,0,0,3,0,4,0,2,3,0,4,0,3,0,0,0,4,2,0,5,3,3,2,0,2,3,3,1,0,3,0,0,5,2,1,2,0,1,2,0,0,3,0,0,0,1,0,0,0,0,0,0,6,0,0,2,2,0,0,0,4,0,0,0,0,4,1
Calm1,20,22,13,9,9,6,6,6,13,21,24,20,9,42,5,8,21,9,6,11,4,2,27,11,7,5,16,27,13,24,12,24,17,14,10,19,8,7,21,21,11,42,11,0,26,5,15,8,27,18,3,17,10,15,13,8,9,16,28,9,8,11,7,20,11,24,31,5,23,18,13,13,22,12,13,5,11,11,11,18,45,17,7,10,35,6,33,9,5,19,17,2,5,16,18,11,15,14,16,12,11,12,21,23,11,38,15,9,0,24,3,29,17,25,30,15,23,0,3,18,8,21,10,18,4,14,30,27,35,24,7,2,12,37,14,9,7,3,19,20,44,10,10,25,23,21,32,21,6,34,10,5,19,24,18,27,6,19,14,16,13,13,29,25,11,7,11,26,26,15,20,9,23,5,16,6,7,15,1,7,18,14,19,12,21,11,38,15
Cand1,0,0,0,0,0,0,0,0,16,0,0,0,0,0,0,20,0,4,0,0,0,0,0,27,13,0,21,24,0,0,0,0,0,0,0,0,0,0,22,0,0,0,0,0,0,0,0,0,0,0,0,0,2,1,0,23,0,0,23,0,10,0,0,0,0,0,0,0,19,0,0,0,5,21,0,23,0,0,0,17,0,0,0,0,0,0,0,2,0,0,0,0,0,0,0,0,22,0,0,0,0,14,0,0,20,0,0,0,0,0,0,0,0,0,25,13,0,0,0,1,0,0,17,0,0,0,0,15,0,1,0,14,0,0,0,0,0,0,0,0,0,0,0,0,0,0,16,0,25,1,0,0,0,0,0,1,0,0,0,0,0,32,15,0,0,0,0,0,20,0,20,0,0,0,0,0,0,0,0,0,1,0,15,0,0,0,0,0
Carm1,0,0,0,7,0,3,0,1,3,0,0,0,0,7,1,1,2,0,5,5,0,1,0,0,0,0,1,3,0,0,0,1,6,0,0,0,4,0,1,0,0,0,3,0,0,0,0,0,8,0,1,0,0,0,10,1,0,2,5,0,3,0,5,0,1,2,0,0,7,4,0,0,5,0,0,2,1,1,0,1,0,2,0,0,0,0,5,2,0,0,0,1,0,1,1,0,0,0,0,5,4,7,0,1,2,4,0,1,0,3,0,0,9,0,5,2,0,0,0,0,0,0,5,0,0,0,3,0,2,0,0,0,0,0,0,0,3,0,0,0,1,0,0,5,0,0,0,5,0,6,0,7,1,0,0,0,0,0,0,5,0,2,3,5,8,0,2,1,3,0,0,3,0,2,1,0,4,1,0,1,0,0,0,6,0,5,4,0
Casc3,2,0,3,1,0,0,7,3,5,8,0,3,0,5,0,2,2,4,6,0,0,7,0,4,0,3,6,7,0,0,4,0,5,0,5,0,6,8,9,0,8,2,5,5,4,2,0,5,4,6,0,0,3,1,2,0,3,3,0,0,1,5,5,4,0,4,4,4,6,1,0,0,9,2,0,0,3,8,3,1,2,0,6,4,3,6,2,4,8,0,0,9,0,0,0,0,0,0,3,0,0,3,6,0,1,0,1,2,9,0,0,0,1,3,5,10,3,0,3,5,2,3,3,4,4,3,4,0,5,0,7,0,8,0,0,0,0,5,6,4,0,4,0,4,5,6,3,3,0,7,8,4,2,2,0,0,7,0,3,0,1,8,0,2,0,2,2,4,3,0,3,0,0,0,5,2,5,5,6,0,0,3,5,4,2,2,4,0
Cbfb,10,0,0,1,2,5,1,2,0,0,2,0,1,4,6,3,0,8,0,0,2,1,0,0,3,4,3,5,2,0,5,1,0,5,3,4,0,6,3,6,0,0,5,1,6,5,1,1,4,4,3,7,2,1,0,3,2,0,0,0,3,0,3,0,0,0,0,8,2,1,0,8,0,0,4,0,7,4,0,1,4,4,0,5,3,0,3,1,7,0,0,1,2,0,2,2,2,1,1,0,0,0,2,3,0,3,1,1,0,2,2,0,1,0,0,1,0,0,0,0,5,1,1,1,0,1,3,10,0,0,0,7,2,0,0,7,3,2,4,2,3,1,7,1,4,4,0,0,0,0,4,0,0,0,7,3,0,1,4,4,3,0,0,0,0,2,1,3,0,0,7,1,1,3,0,3,1,2,0,7,0,0,5,3,4,0,0,0
Cbx1,0,0,0,0,0,0,0,0,0,35,0,0,0,0,0,0,32,37,48,0,0,0,0,0,0,0,0,0,0,0,20,41,0,0,0,0,0,0,0,0,0,0,0,0,0,0,0,0,0,0,0,0,0,0,0,29,32,0,0,0,0,0,9,0,0,0,0,0,0,0,0,0,0,0,0,0,0,0,0,44,0,0,0,0,0,0,0,40,0,0,9,0,0,0,0,0,0,0,0,0,0,0,0,0,0,0,0,0,0,0,0,0,0,0,39,0,0,0,0,0,1,0,0,0,0,49,0,0,0,0,0,0,0,0,0,0,0,0,0,0,45,0,0,0,0,18,0,0,0,0,9,0,51,0,36,37,0,0,0,0,0,0,0,0,0,0,0,0,0,0,0,0,0,43,0,0,0,0,0,0,0,0,0,0,0,0,0,41
Ccdc115,2,0,7,0,0,0,1,2,1,5,4,0,4,0,4,0,2,2,0,0,7,1,2,4,4,0,0,0,0,5,0,0,6,0,0,0,0,0,4,7,0,0,3,0,0,3,3,0,6,2,0,2,0,3,0,0,1,0,1,3,2,3,3,4,5,0,0,2,0,3,0,3,0,0,0,4,5,1,0,3,0,0,5,0,0,0,0,1,0,3,0,0,2,5,0,4,6,2,0,2,0,0,0,3,4,2,1,1,0,0,0,0,0,0,0,3,0,0,0,0,1,3,0,0,0,0,0,0,0,0,3,1,0,3,0,3,0,0,4,2,0,2,0,0,1,2,0,3,0,0,0,0,0,0,0,1,0,0,0,0,0,3,2,4,0,0,1,5,3,3,0,0,3,8,0,5,0,5,0,0,0,3,4,3,0,2,1,0
Ccdc71,3,4,2,2,0,1,4,0,4,0,1,3,0,0,0,2,4,0,1,0,0,0,0,2,1,0,0,0,4,0,0,1,5,2,0,4,0,4,0,0,0,0,0,0,0,1,1,3,0,1,0,0,0,6,1,2,0,1,0,4,0,0,4,1,1,0,0,5,1,0,0,0,0,0,0,0,0,2,2,4,0,0,1,3,0,0,4,0,3,2,0,2,0,0,2,1,0,0,1,0,0,0,0,2,1,3,1,1,2,1,2,2,2,2,2,0,1,3,0,4,2,6,1,0,2,0,2,1,0,0,0,4,6,3,0,0,0,0,1,4,3,2,1,1,0,0,0,0,3,3,0,2,3,0,2,0,1,1,0,0,0,3,0,0,0,0,5,1,2,4,0,0,0,1,0,0,1,1,1,0,0,1,1,0,3,0,0,0
Ccna2,2,0,5,4,2,14,12,2,18,11,9,12,11,8,10,0,1,0,4,2,3,14,9,0,1,0,13,7,8,0,4,3,4,2,7,10,12,3,0,10,10,5,5,1,5,7,10,13,1,6,5,3,0,1,6,14,1,16,0,1,9,0,10,13,10,0,11,10,1,8,0,9,5,17,6,4,1,9,0,1,11,13,0,0,3,3,1,0,16,3,10,12,3,5,0,13,9,1,11,4,2,5,1,13,9,6,14,6,9,4,6,0,3,0,5,6,11,0,0,5,9,0,5,5,5,11,6,11,9,6,0,1,11,15,2,8,0,0,10,7,0,4,4,6,0,9,3,1,0,1,9,5,1,1,8,7,7,10,8,11,12,7,4,6,11,0,12,9,6,5,1,1,4,5,12,19,5,7,10,0,7,0,0,8,4,12,0,8
Cdc23,5,6,1,3,0,2,1,0,6,1,4,0,1,0,0,5,9,1,6,1,3,1,0,0,1,1,0,4,0,2,1,4,3,1,2,4,2,0,10,1,2,3,1,2,0,0,1,2,5,2,0,0,8,1,0,0,2,5,11,1,1,2,2,3,5,5,0,3,8,0,0,1,1,2,0,4,2,5,5,0,1,5,0,3,3,0,0,8,0,0,0,6,5,10,0,3,2,1,0,1,0,1,0,0,2,1,0,1,3,4,1,0,6,1,0,5,2,3,3,3,0,0,1,7,2,4,0,0,2,1,2,0,3,0,2,1,0,1,2,1,0,10,1,0,13,1,3,4,3,6,0,3,6,1,1,1,7,0,4,3,3,2,3,6,6,0,7,1,2,1,1,1,1,3,0,4,4,0,0,1,1,0,0,4,2,2,1,0
Cdc25a,2,1,2,2,3,7,0,0,9,0,4,6,2,4,0,2,4,15,1,0,0,13,1,1,7,9,3,3,11,1,4,11,2,21,0,3,2,1,3,9,3,0,4,5,1,1,1,15,8,2,0,0,6,0,10,1,1,4,1,0,0,3,0,0,1,2,5,6,8,1,4,5,9,8,5,3,3,1,7,3,3,6,22,6,1,4,5,1,5,0,5,1,3,5,1,3,6,8,0,3,5,1,1,4,0,4,5,1,0,1,4,8,3,10,1,15,8,7,3,3,3,1,3,2,3,0,2,3,3,1,4,1,13,0,3,2,8,8,0,1,9,9,0,11,4,3,12,8,14,1,4,7,3,4,4,12,4,1,5,3,10,5,0,13,2,8,11,1,3,1,2,1,0,4,11,1,3,3,2,10,0,3,17,3,0,0,1,0
Cdc42se2,4,0,0,1,0,6,0,0,0,0,0,0,0,6,1,0,7,0,0,5,3,5,0,8,1,0,6,1,0,8,6,5,0,9,5,3,8,0,6,0,0,7,0,0,4,1,1,0,0,1,10,7,0,0,0,0,7,7,0,2,0,5,0,5,0,7,1,0,3,0,0,7,5,4,0,0,0,6,0,0,0,0,0,0,0,1,7,4,0,4,7,0,0,0,6,8,0,0,1,11,0,3,11,5,9,0,0,0,4,13,0,0,4,0,0,1,0,0,8,2,0,0,0,7,0,0,8,3,0,0,8,0,4,1,0,2,0,3,8,0,0,8,4,1,1,0,5,2,0,11,0,11,9,11,1,0,6,5,0,12,0,0,2,3,1,4,6,0,3,3,9,0,0,1,9,0,0,0,1,0,0,1,3,4,1,6,0,0
Cdca4,4,0,2,2,2,0,6,6,3,4,4,1,0,4,3,1,0,3,1,0,6,0,1,3,6,5,0,1,1,5,0,4,2,7,5,1,3,4,3,8,3,6,3,1,5,5,4,0,1,1,0,0,3,4,4,5,3,1,0,4,2,0,1,3,0,3,3,1,1,0,0,4,0,5,1,2,0,1,2,3,3,3,0,0,1,3,3,4,1,0,0,5,0,2,6,0,0,1,3,2,2,1,4,1,1,0,4,0,2,6,1,0,0,0,0,2,1,0,0,5,3,3,5,0,2,2,0,5,1,6,3,0,7,0,2,4,0,4,1,7,2,3,1,3,7,0,3,4,4,3,5,7,1,5,3,0,4,1,0,1,0,3,3,2,4,0,0,6,3,2,4,2,3,0,2,5,2,3,0,3,0,0,2,1,5,0,0,5
Cdk1,8,8,16,1,0,2,20,2,20,0,4,5,13,5,2,0,0,14,8,19,17,6,4,27,4,2,11,30,1,1,6,5,4,45,0,27,16,9,7,19,7,11,9,15,12,3,5,9,26,1,18,17,36,4,17,6,22,6,0,20,6,2,21,5,7,13,1,11,0,2,0,0,5,18,29,6,33,23,1,4,17,2,6,2,2,4,15,10,13,5,8,17,0,7,10,0,13,9,1,1,4,7,22,5,4,15,0,10,10,5,11,0,0,15,0,2,12,5,4,4,16,6,3,0,24,0,25,4,11,3,11,10,1,15,10,0,0,1,8,23,7,14,8,0,1,0,20,15,14,7,29,9,8,0,0,22,0,5,6,12,3,5,4,18,19,8,0,5,0,0,6,10,0,3,5,13,16,17,3,3,23,3,18,1,36,3,2,7
Cdk11b,4,2,9,0,2,7,3,5,3,0,8,3,8,1,1,4,4,4,3,0,6,11,6,13,7,12,1,1,5,7,2,8,0,10,5,12,0,3,2,0,9,1,7,9,8,2,2,5,0,2,8,7,11,6,6,5,4,4,10,7,8,6,3,3,3,1,9,1,0,10,12,3,7,4,0,5,2,6,3,0,12,7,0,10,10,0,0,3,10,3,12,2,0,0,10,0,3,4,0,9,0,2,0,8,6,6,9,8,0,7,12,5,0,0,2,0,2,12,11,7,2,1,12,0,12,3,8,10,2,9,0,4,0,3,0,5,3,0,0,5,0,1,8,5,6,8,8,0,4,12,7,0,4,13,1,4,0,1,13,7,6,10,8,3,9,4,1,5,4,19,4,1,5,5,7,7,1,16,10,15,2,14,1,0,0,2,0,0
Cdk4,15,35,31,29,16,30,29,25,30,9,20,19,26,25,29,17,21,21,26,19,43,20,26,21,22,19,23,15,24,29,37,30,19,6,20,13,16,16,37,24,5,22,4,31,26,17,29,32,32,1,20,17,8,28,12,15,1,20,31,28,26,3,33,25,34,26,10,24,22,23,44,35,3,32,25,35,38,23,9,19,34,7,36,17,15,40,9,29,16,29,32,17,36,8,24,30,5,23,26,27,30,25,31,36,26,19,31,40,3,27,5,39,18,14,13,6,16,30,7,11,16,23,37,4,11,21,23,31,34,17,24,29,17,8,23,17,28,14,28,27,20,18,15,15,17,15,22,29,11,31,3,14,21,22,14,28,11,1,13,11,25,42,28,21,23,41,24,40,13,23,24,13,9,27,17,16,11,31,21,22,24,44,13,29,9,21,6,35
Chd4,8,18,3,6,1,6,3,12,6,19,10,7,9,0,2,1,8,10,6,2,1,3,3,3,5,5,4,7,8,1,4,2,7,17,8,10,8,5,10,3,10,3,4,6,7,13,4,2,10,11,1,14,3,0,12,7,2,0,7,9,7,8,11,9,4,4,2,16,9,6,0,1,18,7,2,7,5,13,10,4,2,14,8,6,3,10,10,18,22,6,13,16,4,8,9,20,7,8,7,0,9,9,6,4,4,1,2,0,4,3,13,5,25,5,4,0,7,2,5,1,4,2,2,5,12,8,2,3,5,4,3,11,7,3,2,11,6,12,3,9,15,13,18,6,16,10,6,9,9,6,12,11,5,11,9,2,6,7,6,0,1,0,4,4,14,5,7,1,3,6,1,10,11,14,11,5,3,4,15,13,4,3,10,4,2,4,2,16
Ciapin1,10,5,7,13,0,30,37,1,16,10,0,10,1,10,3,13,19,1,14,10,6,15,7,1,1,12,4,3,0,3,0,3,11,1,6,4,1,1,1,2,1,0,3,17,0,2,1,0,20,3,4,3,1,6,8,12,0,1,1,0,6,6,26,2,10,15,8,1,0,4,9,17,12,5,8,11,1,21,0,2,11,0,8,6,3,15,10,29,3,0,2,16,6,4,13,9,3,26,4,21,5,7,7,4,18,2,6,2,12,3,9,1,0,1,0,1,0,33,1,2,20,12,4,13,2,22,1,8,2,12,0,13,15,0,2,4,5,1,0,5,7,2,9,29,0,4,10,6,0,19,0,7,6,0,10,0,0,13,0,21,3,18,9,9,5,5,13,7,6,0,5,19,5,8,1,2,13,7,1,8,0,0,2,0,15,5,23,24
Cib1,0,3,20,15,7,0,20,0,7,9,4,1,0,13,20,15,8,21,0,17,18,1,0,1,19,13,20,17,6,13,16,0,3,0,9,13,0,17,1,8,7,13,22,0,12,8,22,15,0,1,0,20,0,0,2,1,20,0,0,8,6,12,6,12,20,0,6,17,25,13,0,11,2,21,20,0,10,4,6,20,0,2,0,0,0,2,11,1,8,11,2,7,10,1,8,10,3,0,27,15,0,5,0,8,9,8,13,1,0,0,16,0,0,20,1,0,5,0,1,0,2,6,8,0,8,4,0,3,19,0,17,0,0,0,10,0,3,13,2,0,0,0,0,0,0,4,0,0,15,17,1,0,3,18,14,22,0,0,17,0,0,12,9,19,9,15,1,3,4,9,0,0,7,17,13,13,0,1,7,0,0,4,23,14,1,2,0,21
Clk2,4,0,1,0,3,3,4,1,7,0,4,6,1,5,1,3,5,2,0,0,0,0,1,3,2,2,0,3,0,3,0,0,0,1,5,1,4,0,5,0,0,1,3,3,3,0,0,1,0,0,0,6,3,0,7,2,2,6,0,1,2,2,5,3,4,0,2,1,2,0,1,2,1,2,1,3,5,3,1,3,0,2,1,3,0,9,0,5,0,4,4,2,2,1,6,3,0,1,0,4,2,4,0,2,0,3,1,0,2,0,1,2,4,1,0,2,2,3,3,2,9,1,0,1,2,4,3,4,0,6,0,1,2,6,4,1,2,5,1,2,0,5,3,1,0,0,3,1,1,4,1,3,0,4,0,0,2,4,0,1,1,3,3,0,0,0,0,1,3,0,1,0,3,0,5,0,1,0,1,2,1,6,0,1,2,0,1,0
Clta,20,15,12,14,4,10,3,7,16,3,4,4,7,2,15,13,7,19,2,16,11,6,10,5,2,1,8,14,7,3,6,10,15,27,17,12,6,2,0,8,6,4,11,6,16,11,4,16,10,7,10,9,4,10,13,7,12,12,14,6,11,13,5,4,12,13,3,2,0,17,1,2,6,7,15,2,18,13,11,10,11,11,20,20,16,7,15,0,6,3,2,0,5,4,11,9,15,0,3,0,20,2,2,1,3,3,4,12,7,2,19,20,6,2,10,10,13,21,16,2,11,10,16,11,2,12,3,21,0,2,0,2,17,11,11,13,2,10,9,8,4,4,17,17,8,10,13,9,13,8,13,11,10,16,0,5,14,19,10,11,2,4,7,4,20,4,8,22,5,1,4,7,20,14,5,2,20,9,4,15,20,9,12,3,6,8,1,2
Clybl,3,0,0,0,4,0,0,0,0,0,0,0,0,0,8,0,0,0,0,1,0,0,3,4,0,0,4,0,0,4,0,0,5,0,0,4,5,0,0,0,1,0,0,0,0,0,0,6,0,0,0,0,3,0,0,0,0,0,0,0,0,0,3,0,0,0,0,2,0,0,4,0,0,0,0,0,0,8,0,0,0,6,0,0,4,1,4,0,2,0,0,0,0,0,4,0,1,0,6,0,2,0,3,0,0,1,0,3,0,2,0,0,0,0,0,9,8,0,2,2,0,3,0,0,0,0,5,0,0,0,0,0,0,1,2,0,0,0,0,0,1,0,0,0,0,5,5,0,0,0,1,0,0,0,0,0,0,0,3,2,3,0,2,7,1,7,0,0,0,2,0,0,0,1,2,0,0,0,0,1,0,0,4,0,3,1,1,0
Cnih4,0,0,1,0,0,0,0,0,0,0,0,14,25,0,4,0,0,0,0,6,0,0,0,0,0,0,0,0,0,0,0,0,0,6,0,0,17,0,17,22,0,18,0,0,0,0,0,22,0,0,0,0,20,0,0,0,17,3,13,24,0,21,15,0,0,0,0,0,0,0,21,0,0,0,0,0,0,0,0,0,0,0,0,0,0,0,0,24,0,0,0,0,0,0,0,0,0,14,0,6,0,0,0,0,0,0,0,0,0,0,0,0,0,0,0,0,0,0,16,0,0,0,0,0,0,20,0,0,0,0,0,0,1,22,0,0,0,0,0,0,0,0,0,0,0,0,0,0,7,0,23,0,0,0,26,0,0,0,1,0,0,0,0,20,18,0,0,6,0,0,0,0,0,16,15,0,0,0,0,0,0,0,0,0,0,0,0,4
Commd1,0,11,10,12,0,1,5,0,6,12,5,10,0,0,3,0,0,0,0,9,0,3,0,14,1,1,4,6,0,0,0,0,0,0,2,3,1,0,9,13,0,10,9,9,0,12,9,10,12,11,0,6,0,1,5,1,2,3,4,9,0,0,0,0,3,0,9,0,9,1,15,11,13,6,8,0,0,0,5,0,0,0,10,0,4,13,10,0,9,10,0,14,11,12,3,0,0,11,6,0,8,0,7,0,0,1,13,0,1,0,1,2,12,0,0,7,11,0,2,18,5,5,6,7,1,5,0,13,2,0,0,14,4,5,0,6,4,0,0,0,0,0,0,3,8,0,0,12,10,8,0,0,7,11,2,8,9,9,0,0,0,3,0,14,16,8,0,11,3,8,18,12,0,0,9,0,8,9,7,5,0,1,14,0,3,0,13,4
Cops4,5,8,8,1,10,1,0,2,5,7,3,2,13,11,4,7,7,2,5,0,6,5,4,2,9,8,4,3,5,1,5,7,1,4,1,5,3,3,3,8,7,3,2,2,7,7,7,3,8,10,2,9,0,1,3,1,0,5,4,16,4,2,4,1,12,10,0,1,2,7,8,7,3,2,14,1,7,3,7,7,0,5,13,0,4,2,7,5,3,8,7,1,5,11,7,2,4,18,1,6,1,1,3,4,3,0,3,2,7,4,1,8,9,9,7,2,2,5,2,5,1,3,7,2,5,12,1,7,2,0,4,3,3,19,7,1,2,11,7,3,4,0,14,3,5,0,1,1,1,8,1,13,4,3,20,5,8,2,6,0,5,8,8,0,4,0,8,8,12,3,6,2,1,3,7,15,9,8,5,3,4,1,12,6,10,4,11,11
Crnkl1,0,0,0,0,0,2,1,0,0,2,4,5,1,0,2,1,0,0,2,2,0,0,0,2,0,0,0,2,0,0,0,0,0,4,0,1,4,1,0,0,1,0,0,3,4,3,4,3,1,0,0,0,0,3,0,0,0,0,0,1,1,0,0,0,1,0,3,0,0,1,3,0,0,4,2,2,0,2,0,0,5,5,0,1,0,0,4,0,0,0,0,0,3,3,0,1,0,1,4,0,5,0,0,0,3,5,0,2,2,0,1,0,0,2,0,6,3,0,6,5,0,4,0,1,1,1,0,2,0,0,0,0,1,0,0,4,5,2,1,2,4,0,0,0,3,3,0,0,0,0,4,4,6,0,4,4,4,5,0,2,1,4,0,1,0,1,1,2,4,1,1,1,1,2,3,4,5,0,2,1,2,3,1,0,3,0,5,0
Crtap,4,0,0,1,0,3,0,0,1,6,1,8,5,4,0,0,0,0,11,0,11,0,0,0,7,0,1,9,6,0,2,1,0,0,6,7,5,3,8,2,6,0,5,2,0,5,2,1,1,7,0,0,0,1,0,0,8,0,6,2,3,7,0,3,0,4,4,0,3,0,2,1,0,0,6,7,1,1,0,4,4,3,0,5,0,0,11,0,9,5,0,3,1,1,0,6,0,5,2,1,6,2,0,5,2,1,0,0,0,8,1,0,5,1,2,7,0,5,0,0,0,0,0,4,0,9,4,7,0,1,0,0,6,1,0,4,0,0,0,8,0,0,1,0,4,1,0,2,5,3,2,11,0,0,2,0,7,0,7,6,8,0,0,7,3,0,0,0,0,0,8,8,3,4,6,0,2,7,7,0,7,5,6,3,0,0,0,7
Csnk1d,0,0,1,0,2,3,3,0,2,4,0,3,2,7,0,4,5,1,0,6,0,1,1,4,0,2,3,2,1,2,3,0,6,3,5,0,3,5,3,2,5,4,0,2,2,1,2,2,0,4,0,4,6,6,3,0,1,0,3,7,9,0,6,0,2,6,2,1,0,2,0,0,1,0,0,2,0,0,2,0,2,0,0,2,0,3,1,0,0,6,4,5,0,2,7,2,1,3,0,0,0,0,1,1,1,5,0,6,1,6,5,3,0,0,1,2,0,4,2,3,0,0,7,1,0,0,3,2,0,0,0,0,7,5,0,0,3,2,0,0,0,4,0,0,1,6,0,0,4,1,0,0,2,1,4,2,4,3,0,6,6,4,4,0,5,0,2,0,5,0,4,5,2,0,0,0,4,2,1,3,3,3,4,1,0,0,2,5
Ctbp2,14,4,2,1,0,9,0,0,12,13,0,0,0,6,0,9,5,0,0,4,0,0,6,5,1,0,0,7,5,0,6,0,0,3,9,5,0,0,0,4,0,0,5,1,1,9,0,2,13,7,2,6,7,0,6,7,11,0,2,3,0,0,1,0,6,1,2,0,11,6,5,14,0,0,11,0,9,0,0,0,1,0,3,6,17,14,0,2,11,8,3,15,10,8,1,2,10,3,4,1,9,0,3,0,0,3,5,0,2,5,3,8,9,3,19,7,6,1,22,5,0,2,2,4,7,0,0,3,7,6,0,0,5,1,3,3,0,2,11,0,0,7,2,2,8,6,6,0,0,1,6,10,1,0,0,16,13,0,7,0,2,0,0,0,0,10,0,0,1,2,5,7,3,6,6,12,12,6,0,7,4,0,0,0,0,0,3,0
Ctcf,10,1,1,0,1,2,0,4,0,10,0,0,0,6,5,0,1,1,4,14,8,2,8,0,7,0,4,8,5,6,7,9,8,1,2,6,4,0,10,9,0,0,10,6,6,10,0,5,0,0,12,0,1,1,0,7,1,0,2,6,3,0,1,0,2,11,7,0,0,3,9,6,8,4,11,6,3,1,5,0,7,5,1,9,4,4,5,4,5,4,4,2,8,3,0,6,4,0,4,6,0,6,6,2,6,6,15,2,0,0,1,0,7,6,1,10,11,2,0,4,2,0,1,0,2,3,5,5,12,7,1,1,0,2,6,1,2,7,4,8,8,3,7,0,5,8,1,0,5,0,0,6,7,2,9,4,3,4,0,3,0,0,15,0,3,7,8,0,7,5,2,0,13,0,2,2,5,4,0,3,8,2,0,6,3,2,9,9
Ctdsp2,11,7,9,6,10,5,12,12,5,13,5,10,3,5,9,3,11,11,16,2,10,8,7,11,3,8,10,7,7,12,6,12,2,7,5,10,6,11,4,9,5,4,3,3,4,0,0,5,11,9,13,8,4,3,6,2,11,0,5,12,0,4,9,7,5,7,5,6,7,12,7,17,2,5,2,13,5,4,1,0,15,6,7,1,12,9,7,3,14,10,5,9,11,7,7,0,8,7,0,2,12,7,8,0,11,14,5,1,6,9,14,12,16,3,4,2,10,5,9,4,7,10,9,7,6,6,3,3,6,12,1,6,4,11,2,6,14,2,5,10,7,5,3,1,7,6,4,8,3,7,11,0,7,10,8,6,9,9,5,0,10,6,5,6,11,6,2,8,8,11,13,2,7,6,1,6,5,9,6,6,6,7,2,11,13,11,8,12
Ctsl,0,0,0,2,12,0,0,0,2,0,2,10,9,2,0,0,1,4,11,16,1,12,4,0,2,0,8,7,0,11,15,0,7,0,12,0,1,3,0,2,0,7,11,4,0,2,8,5,19,6,1,2,0,4,15,18,1,11,0,1,1,17,11,2,0,6,7,12,0,11,8,0,0,11,11,1,0,0,1,10,9,0,16,3,10,0,11,2,14,0,10,0,3,10,0,16,0,11,0,9,0,0,11,4,2,8,0,7,1,6,0,4,16,3,11,3,14,12,1,11,0,9,13,2,5,12,17,15,1,15,2,0,1,15,1,15,0,0,0,2,3,0,16,1,11,2,10,14,9,14,1,14,0,13,0,1,9,15,9,0,0,0,0,3,3,7,14,0,9,1,4,14,0,18,1,13,9,1,0,7,1,0,0,0,5,0,3,12
Cyp51,0,8,6,1,7,4,2,2,1,8,0,3,1,9,3,1,0,6,7,2,2,4,2,13,4,7,9,1,0,7,2,10,0,1,0,7,9,5,7,5,1,0,2,9,1,7,1,5,0,1,0,0,1,7,8,1,10,16,0,8,9,15,4,2,0,7,6,1,0,3,7,4,4,21,1,2,1,10,3,2,0,2,5,10,1,2,1,4,13,8,0,4,12,3,6,0,4,0,7,3,5,11,1,17,0,5,1,1,6,0,0,7,5,2,5,6,4,4,3,1,3,3,3,1,12,9,1,4,10,7,0,8,2,3,3,2,2,12,15,1,1,2,1,13,1,3,0,1,0,1,3,2,4,0,8,5,5,5,0,2,5,2,6,3,3,3,8,4,0,7,1,5,0,12,5,6,6,5,1,0,4,0,1,0,7,0,3,4
D19Bwg1357e,3,9,12,14,4,9,8,1,5,0,1,18,11,5,14,0,7,4,11,3,22,11,4,8,5,1,10,9,0,4,15,2,4,3,1,9,12,4,4,11,9,8,7,7,4,5,11,5,12,1,7,5,11,3,5,0,4,1,10,2,10,6,3,10,6,6,3,2,13,9,22,12,2,3,3,6,15,3,0,4,4,18,0,7,2,16,6,11,12,4,7,1,9,2,18,7,0,18,7,8,0,6,9,9,3,6,17,0,7,15,1,3,7,2,0,0,0,16,8,6,13,14,7,10,6,5,9,6,11,5,16,9,0,5,5,8,1,0,5,10,8,7,3,5,13,7,6,12,2,11,1,17,0,3,15,5,0,5,3,8,5,10,6,3,5,10,9,0,7,12,8,1,3,8,7,3,2,9,9,4,7,1,1,6,0,6,0,8
Dbi,6,2,0,3,6,8,5,7,0,1,1,6,8,7,6,5,13,2,1,8,0,3,0,3,4,2,1,11,9,4,0,4,8,7,13,11,4,4,1,13,4,8,11,0,0,4,8,5,4,9,0,4,7,0,1,1,11,8,3,9,8,0,8,3,5,9,4,3,7,1,0,9,6,6,3,12,7,1,5,7,0,0,7,0,11,8,10,9,4,2,9,12,11,9,4,10,11,5,0,9,7,5,5,11,3,0,11,1,4,4,9,0,7,8,10,0,1,5,0,9,16,6,8,4,4,0,2,5,5,6,0,10,9,0,0,6,11,4,0,9,0,8,12,13,8,7,3,4,0,4,0,10,8,6,0,7,8,7,7,2,11,9,6,1,11,0,0,0,12,6,0,2,9,17,9,3,2,0,0,8,3,7,1,3,13,1,8,0
Dbnl,4,0,3,3,2,2,3,0,1,2,3,0,3,1,1,0,0,3,0,0,4,2,3,0,0,4,6,2,0,3,2,3,5,6,5,5,2,1,0,4,3,0,5,3,0,0,2,3,2,1,0,4,2,5,1,2,2,0,6,6,6,2,1,6,7,2,4,3,1,0,0,0,0,2,4,5,0,1,0,0,0,0,5,0,0,0,1,5,0,4,2,1,3,2,2,2,2,0,0,0,5,0,4,5,3,1,2,2,3,2,1,0,3,1,3,2,3,3,0,0,1,2,1,1,0,1,0,0,3,5,0,3,1,3,3,0,0,0,1,2,1,1,2,0,0,2,6,2,3,3,3,6,0,2,0,4,2,4,4,0,1,2,4,3,3,0,4,2,0,5,0,1,0,6,6,6,2,0,0,0,3,0,3,1,1,0,4,0
Ddx41,10,1,7,10,4,13,0,2,5,8,5,6,9,3,3,8,1,3,7,0,0,0,0,4,2,0,0,3,2,0,4,3,0,1,3,7,4,6,6,2,7,6,1,7,7,1,0,1,1,0,8,0,1,12,0,6,0,7,2,0,5,0,2,2,5,7,12,1,2,8,3,3,7,1,4,2,6,2,5,0,0,2,2,1,2,6,3,12,4,3,4,1,8,4,3,9,0,0,5,5,1,5,6,7,7,3,0,4,9,3,10,0,1,0,1,2,0,7,4,1,1,4,2,0,9,18,4,2,0,1,5,2,8,0,0,5,0,1,0,10,8,4,7,2,0,6,0,4,7,3,0,6,1,10,5,3,9,2,3,1,3,2,2,2,0,0,0,0,4,1,6,7,2,2,1,8,6,2,0,5,5,2,0,0,6,4,0,2
Denr,0,0,0,0,0,0,23,0,0,0,0,0,10,0,0,28,0,0,0,0,0,0,1,0,28,0,0,0,0,0,1,0,24,17,9,0,0,7,0,0,19,0,0,0,0,0,0,0,0,0,0,0,0,0,0,0,0,0,0,0,0,9,0,0,0,0,0,0,0,0,0,0,0,16,0,0,1,0,0,15,1,0,0,0,12,0,0,0,0,0,0,0,18,0,2,0,0,4,0,24,0,0,0,0,0,0,0,2,0,5,0,0,0,16,0,0,0,0,0,0,0,0,0,8,0,0,0,0,0,0,0,0,0,0,0,0,0,0,0,0,0,16,0,0,2,1,0,0,0,0,0,0,0,0,22,0,0,28,0,2,0,0,0,0,17,14,0,0,0,0,0,0,0,0,0,0,0,0,0,0,14,0,0,0,0,0,0,0
Derl2,0,4,6,8,6,3,0,6,0,2,3,1,10,2,6,5,3,5,1,1,5,0,5,1,0,2,1,0,2,5,0,8,0,2,4,0,1,0,0,6,4,0,5,2,5,10,2,3,4,4,0,4,0,5,1,3,1,5,0,0,2,6,12,3,1,5,6,1,5,3,6,1,3,4,8,0,8,7,3,2,3,1,8,0,1,3,2,0,2,4,1,3,5,3,1,5,3,2,0,5,3,6,1,5,1,3,4,4,7,1,8,6,1,3,0,4,0,1,4,2,0,4,1,1,0,4,0,0,10,2,2,4,3,2,4,3,0,1,2,0,2,7,1,3,0,0,8,4,3,5,0,5,8,2,6,0,0,3,3,0,1,8,4,3,6,5,0,5,3,2,3,0,0,3,2,5,4,3,2,2,3,2,4,2,6,3,8,10
Dhx16,4,14,5,1,3,3,11,3,13,6,1,12,24,7,4,3,2,8,8,2,6,21,7,1,1,6,5,11,16,12,5,8,0,16,8,3,9,4,5,14,4,12,2,1,5,10,19,1,4,1,9,16,6,2,8,1,1,5,3,19,15,7,4,11,29,16,7,13,6,3,2,12,7,1,12,15,1,11,4,11,2,12,19,0,4,0,0,19,4,5,4,7,8,7,9,5,4,9,13,18,4,2,6,14,11,5,12,1,14,2,10,15,10,2,17,12,1,5,13,10,0,13,11,12,1,5,9,23,4,8,8,19,8,1,6,12,18,6,5,2,2,16,4,10,7,7,0,17,7,0,14,17,6,2,1,1,11,5,3,3,19,20,8,1,16,22,13,11,0,2,4,7,2,8,5,11,6,1,4,26,7,10,4,4,26,9,1,34
Dhx30,7,7,3,5,4,6,1,9,6,8,2,8,12,2,4,10,6,1,5,5,8,2,3,7,0,8,8,7,3,7,7,3,7,0,0,8,1,11,4,3,14,11,0,9,6,3,0,5,1,6,6,8,6,2,7,6,1,6,4,9,2,3,12,3,4,3,4,5,2,3,0,0,5,5,3,2,0,0,0,4,2,2,8,8,5,0,0,7,7,5,1,1,1,4,10,5,3,0,5,3,5,6,0,1,0,5,9,8,0,7,2,7,1,8,3,10,6,3,7,3,9,2,0,4,1,3,7,0,3,2,11,4,1,4,12,8,11,10,11,5,1,1,5,6,13,3,4,4,3,2,5,2,11,5,6,9,3,8,1,9,8,9,6,5,1,6,5,5,7,7,4,3,2,1,4,1,2,6,3,3,0,8,2,0,12,8,1,0
Diap1,0,0,0,1,3,0,1,0,0,8,0,1,0,1,0,1,0,3,0,0,2,0,0,0,5,0,0,0,0,0,2,0,6,3,7,0,0,0,0,0,2,0,4,0,0,5,0,1,2,0,0,0,0,3,0,0,1,0,0,0,0,4,1,0,0,0,0,0,2,0,0,0,9,0,4,0,1,0,0,1,0,0,0,2,3,0,3,1,0,4,0,0,3,0,0,0,3,0,0,0,5,5,1,0,3,1,0,0,2,4,0,0,0,1,0,5,0,1,1,0,0,0,0,0,0,0,4,0,0,4,3,0,0,4,4,0,0,2,6,0,0,0,0,0,1,0,6,0,0,0,7,4,0,0,0,2,8,4,2,0,0,0,0,0,1,6,1,0,0,0,0,7,0,0,4,0,0,0,0,0,0,0,1,5,0,0,0,2
Dlg5,7,3,5,5,4,3,1,2,4,1,0,9,6,6,0,1,5,0,3,4,4,3,4,6,5,2,5,2,0,2,4,6,5,3,5,7,0,10,5,7,5,6,0,6,3,5,6,7,1,1,7,5,0,3,5,4,6,2,8,2,4,5,4,3,5,7,5,4,3,3,6,3,3,2,6,7,5,1,2,5,4,7,5,12,0,3,2,6,7,3,3,0,5,4,6,6,1,1,1,6,4,4,3,2,5,5,4,3,2,8,3,3,2,9,3,0,2,2,4,0,2,1,5,2,9,3,2,0,6,8,4,8,5,4,2,2,5,2,2,7,2,7,7,7,5,4,3,3,2,5,4,0,8,8,5,4,0,6,2,6,7,3,4,3,4,4,1,8,1,2,7,6,3,1,0,4,6,6,6,4,3,2,7,3,4,3,5,1
Dnaja1,1,0,0,0,0,0,0,0,0,0,0,0,0,0,0,0,0,0,0,0,0,0,3,0,0,0,0,0,0,0,0,0,0,0,0,0,0,0,30,0,0,0,0,0,0,0,0,0,0,0,0,0,0,0,0,0,0,0,0,0,0,0,0,0,0,0,0,0,0,0,0,0,0,0,0,0,0,0,0,0,0,0,0,0,0,0,0,0,0,0,0,0,0,0,0,0,0,0,0,0,0,0,0,0,0,0,0,15,0,0,0,0,0,0,0,0,0,0,0,0,0,0,0,0,0,0,0,0,0,0,28,0,0,0,0,0,4,0,0,0,0,0,0,0,0,28,0,0,0,0,0,0,0,0,0,0,0,0,0,0,0,0,0,0,0,0,0,0,0,0,0,22,0,0,0,0,0,0,0,0,0,0,0,0,0,0,0,35
Dnajc14,4,1,0,0,0,0,0,0,0,0,6,2,0,0,0,1,0,0,1,0,0,0,0,0,0,0,0,0,3,1,0,2,0,0,4,0,0,0,6,0,2,0,2,0,0,0,7,0,3,0,0,0,0,7,0,0,0,0,0,5,0,0,2,3,0,3,1,1,1,0,0,0,0,0,0,0,0,5,0,0,3,1,4,0,0,0,0,5,6,0,0,4,0,0,0,0,0,0,0,0,0,4,0,0,0,0,1,0,0,4,0,2,0,0,3,0,0,0,0,2,0,0,0,0,0,0,0,6,0,0,2,6,2,0,7,0,0,0,0,2,2,0,0,0,1,0,2,0,0,6,4,0,0,0,0,3,4,1,0,2,5,0,7,0,1,0,2,0,0,0,0,3,3,6,0,0,0,0,0,5,4,0,0,0,0,0,0,0
Dnajc19,7,13,11,8,1,9,10,13,6,19,11,0,12,14,18,19,10,11,7,16,7,0,14,11,3,18,3,9,17,10,10,23,8,7,2,12,0,0,3,19,8,1,5,15,10,13,3,3,17,8,10,0,21,7,4,1,12,7,19,7,5,3,11,5,10,4,5,15,16,16,19,14,14,5,2,17,21,3,0,2,11,10,14,26,9,12,1,13,3,15,12,9,8,14,0,13,0,0,5,2,11,2,14,21,10,13,10,13,0,14,4,6,6,9,6,13,5,2,9,9,2,8,12,0,13,2,0,11,0,1,16,14,16,14,12,0,6,4,8,8,3,17,8,4,5,1,3,14,1,1,10,2,16,7,8,0,3,9,8,2,14,2,0,15,16,4,6,16,4,8,15,7,13,7,12,14,16,2,16,17,14,9,17,9,1,0,17,6
Dnajc7,4,14,0,5,9,0,20,28,17,3,9,10,4,10,14,13,23,10,0,11,7,14,8,15,5,19,6,27,0,9,10,17,2,2,8,10,4,19,16,6,14,14,12,1,10,7,3,14,14,3,1,12,1,10,26,9,9,4,14,17,18,11,10,15,0,15,16,1,7,22,4,14,2,11,6,13,4,12,6,13,9,4,12,16,19,4,6,5,10,14,10,5,3,19,12,9,14,5,20,3,0,4,12,6,11,14,17,0,20,3,6,14,4,18,12,3,19,14,6,5,12,2,3,5,7,15,22,10,2,8,26,8,13,0,4,9,14,13,9,9,4,9,2,4,12,6,21,11,4,8,11,5,1,14,6,5,10,15,6,14,13,13,6,16,9,22,3,12,4,6,18,11,9,1,3,15,19,10,7,2,5,21,0,5,15,7,24,8
Dnlz,0,2,0,0,5,0,4,2,3,0,4,0,1,0,2,0,0,0,1,0,0,0,6,0,1,3,7,0,0,0,2,0,0,0,6,6,0,0,0,0,0,0,7,0,3,0,3,0,0,0,0,0,0,0,1,0,0,6,0,0,5,0,8,6,3,10,2,0,6,0,2,3,0,0,0,0,0,4,1,0,0,5,0,0,1,1,3,0,4,0,0,1,0,0,2,3,0,1,3,0,0,0,1,0,3,3,6,5,0,5,0,6,4,0,9,4,4,3,0,1,0,5,1,0,0,3,0,0,0,0,0,0,0,4,5,0,3,5,3,0,7,2,0,0,4,0,4,0,0,6,6,0,1,3,0,4,0,0,3,6,0,0,1,0,4,0,2,0,7,5,2,1,5,0,0,5,0,0,4,0,0,0,2,7,0,5,5,0
Dut,17,12,15,10,36,0,14,26,4,5,15,6,41,14,14,10,14,1,22,36,23,24,26,29,9,20,4,3,4,10,24,12,2,14,6,2,12,7,12,14,3,19,17,6,5,16,28,3,15,14,4,8,15,4,11,9,15,6,13,12,15,0,24,26,37,21,23,10,0,14,5,5,17,14,16,16,9,13,25,4,27,22,21,7,19,12,7,7,12,45,8,7,6,15,24,8,24,16,1,18,18,3,14,18,20,3,25,18,6,17,14,11,20,2,16,5,24,6,24,18,20,11,0,10,4,6,19,14,10,2,5,13,8,24,28,2,18,21,2,18,12,7,7,21,11,13,11,34,36,12,36,2,11,6,2,11,29,17,22,2,13,3,4,15,23,5,11,3,18,6,3,3,15,8,4,4,23,22,10,9,18,24,3,2,18,3,6,29
Dync1i2,0,11,11,0,0,10,7,8,14,14,8,2,0,12,10,0,0,0,0,9,0,0,0,0,0,5,0,6,6,11,0,0,0,1,2,0,0,0,0,13,12,0,0,0,0,5,6,0,0,4,0,12,9,4,1,1,0,0,0,7,6,1,0,0,6,3,0,0,5,9,0,0,0,12,1,0,7,9,6,2,1,0,0,0,0,0,1,5,3,6,8,1,8,3,3,0,2,0,0,5,10,8,0,1,0,0,0,0,8,11,0,0,13,3,0,4,12,0,0,1,13,2,7,1,0,0,5,0,7,0,10,0,8,9,0,0,0,1,0,0,0,2,1,0,0,0,6,0,0,3,4,0,6,1,0,5,0,10,7,0,0,0,0,15,9,0,11,4,0,8,0,0,2,2,0,0,9,0,5,8,0,6,0,13,0,6,7,5
Dynlrb1,4,6,3,5,3,0,1,9,13,1,13,5,4,1,9,1,0,1,4,2,15,2,3,4,16,12,3,0,7,9,7,3,8,4,3,1,11,4,0,3,0,0,1,3,4,2,6,2,15,2,3,6,4,6,2,0,2,2,1,0,2,2,1,8,4,1,4,4,1,12,7,16,2,2,19,0,12,7,8,1,5,1,5,4,6,8,0,10,8,8,3,9,10,6,0,4,6,1,9,7,1,0,6,9,0,5,2,2,3,14,2,3,11,15,6,2,6,1,8,2,5,0,4,7,0,12,3,2,3,2,13,6,10,1,4,11,4,7,1,4,0,2,7,3,7,11,0,10,3,1,1,0,1,8,4,0,3,0,4,4,20,7,2,13,8,13,3,1,10,7,5,5,5,7,14,6,2,17,1,6,0,1,7,2,7,5,10,1
Eaf1,0,0,0,1,0,0,0,0,0,4,0,0,0,0,0,0,0,0,0,12,9,0,4,9,13,0,12,1,9,0,0,19,0,0,0,0,0,6,0,11,9,0,0,0,4,0,8,0,0,0,3,6,0,2,0,0,0,12,9,8,9,0,0,0,0,0,0,5,0,0,0,1,0,8,5,0,12,0,0,2,15,0,18,0,10,0,0,10,12,0,8,0,0,0,0,5,0,1,0,5,0,0,7,6,0,1,10,0,7,0,15,0,0,7,0,0,2,11,0,0,0,0,0,0,14,0,7,0,0,10,5,0,0,2,0,0,7,3,0,0,0,0,0,0,0,7,0,1,5,0,4,4,6,0,0,0,3,0,0,13,10,3,0,0,0,0,0,0,7,0,0,0,0,8,6,10,9,0,8,0,6,9,4,15,3,0,0,8
Eapp,0,0,0,0,1,0,5,3,11,7,3,0,0,1,6,1,1,0,0,8,5,3,10,8,0,4,0,0,9,11,1,0,0,0,0,5,20,12,8,0,0,0,0,1,3,0,6,10,0,2,2,0,13,8,4,5,5,15,4,8,1,9,1,0,5,7,3,1,0,7,6,6,11,2,0,0,0,0,6,0,1,11,2,1,0,7,7,0,0,10,0,2,0,16,0,1,1,0,0,3,3,0,1,0,10,0,9,16,6,0,0,0,7,8,2,5,8,0,0,0,0,0,0,0,0,0,4,5,0,0,6,4,0,7,2,0,4,3,7,0,9,7,3,0,0,9,9,4,17,7,0,0,0,4,2,0,0,0,4,12,4,1,0,8,9,0,4,0,0,0,6,0,5,4,8,0,9,13,6,0,0,12,3,0,8,0,1,0
Eef1b2,0,0,0,0,0,0,0,0,0,0,0,0,0,0,0,33,0,0,0,23,0,0,0,19,0,0,0,0,0,0,0,0,0,0,16,24,0,0,0,0,0,0,0,0,29,0,10,0,0,0,0,0,0,0,0,0,0,0,0,0,0,0,0,0,0,0,0,0,0,0,0,0,0,0,0,0,0,0,0,35,0,0,0,0,0,0,0,0,0,0,0,0,0,26,0,0,0,40,0,0,0,0,0,0,0,31,0,0,0,0,0,0,36,0,38,0,0,0,0,0,0,0,0,0,0,0,0,0,0,0,0,0,0,0,0,0,0,0,39,0,0,29,0,0,0,34,0,0,0,0,0,0,0,0,0,0,24,0,0,0,0,0,0,0,0,0,0,0,0,42,0,0,0,0,0,34,0,0,0,0,0,0,0,0,0,0,0,0
Eef1e1,4,3,6,4,8,3,2,8,0,0,1,4,6,2,0,0,4,4,0,5,13,2,2,4,0,0,4,21,19,7,5,1,3,1,1,1,8,6,3,3,9,6,2,2,8,2,4,2,8,8,4,6,4,0,12,0,14,0,1,5,10,4,2,5,3,5,14,2,11,1,10,1,1,1,5,3,2,2,12,5,1,9,1,3,3,10,0,13,6,4,3,3,3,4,3,1,2,0,11,0,0,7,3,1,0,1,0,5,11,1,9,3,12,9,6,8,2,10,1,7,4,3,4,2,1,10,6,7,0,3,23,8,3,4,0,6,1,7,3,2,2,1,1,9,7,3,3,12,8,6,5,6,17,4,0,1,5,4,1,3,6,1,8,13,3,7,1,3,9,5,4,4,1,0,0,5,2,22,9,15,0,10,0,2,2,15,2,3
Eef1g,0,41,0,0,1,0,0,9,0,30,34,27,0,31,7,8,1,11,0,37,0,0,31,30,26,0,0,0,0,0,0,0,0,0,20,0,32,31,2,13,0,0,5,0,24,2,0,34,1,19,4,0,31,0,0,26,0,22,38,0,35,0,26,0,36,0,30,2,0,0,0,26,1,1,0,29,36,0,0,0,2,0,18,0,0,26,3,0,0,0,0,21,39,0,0,32,0,1,0,31,0,0,33,0,8,33,40,0,0,0,0,19,0,0,38,0,0,0,0,31,0,28,0,0,1,0,0,35,22,0,34,0,26,14,0,16,1,2,32,0,3,31,27,0,0,0,0,0,0,0,6,0,20,34,0,0,28,44,22,30,23,0,0,0,24,9,22,25,30,0,0,35,26,0,34,31,24,2,0,0,0,27,0,38,0,0,22,0
Eif2s1,13,0,0,0,0,16,0,0,0,0,0,0,0,0,0,0,0,10,0,0,0,6,0,0,0,2,0,0,0,0,1,1,0,9,5,0,0,0,0,12,0,3,0,0,0,0,1,0,0,0,13,0,10,0,0,0,0,0,11,0,0,5,12,0,0,0,0,2,0,0,0,0,0,0,0,0,0,0,0,0,3,0,0,0,0,0,0,7,0,0,0,0,0,0,0,14,0,0,2,0,14,0,0,0,0,0,0,0,0,0,0,0,0,0,0,0,14,0,0,0,0,0,0,0,7,0,0,0,0,0,13,0,0,0,0,0,0,0,0,0,0,0,0,0,14,0,0,0,0,0,0,0,0,0,0,0,0,0,0,10,0,0,0,8,0,0,14,0,0,0,10,0,11,0,0,14,0,0,4,0,0,13,0,0,13,10,0,0
Eif2s2,0,0,0,0,16,25,3,0,0,3,0,0,3,3,2,0,0,25,0,0,0,0,0,0,0,35,4,0,6,0,0,0,1,0,0,0,0,0,0,0,0,0,0,0,23,33,0,0,0,8,0,33,16,5,28,0,0,2,3,0,35,0,37,0,0,0,16,36,3,34,0,0,1,6,0,4,0,39,3,2,0,25,6,1,16,0,0,0,0,1,0,1,0,0,0,12,24,0,0,0,19,34,0,26,0,0,0,32,0,3,13,1,21,22,0,0,0,2,0,6,0,0,0,2,42,0,0,0,0,14,0,40,0,1,1,2,0,0,17,0,0,0,31,0,0,11,16,3,1,2,0,32,35,15,12,0,12,0,0,28,0,0,5,0,22,0,0,0,0,4,0,10,0,1,0,0,0,13,4,1,17,0,4,0,1,0,0,0
Eif3c,25,16,11,43,13,26,19,13,9,14,10,29,6,12,18,19,20,14,29,17,7,17,35,5,16,33,33,31,5,15,22,25,10,31,37,26,19,22,16,36,10,17,14,22,31,6,25,7,31,22,5,28,28,20,1,23,8,11,18,4,27,10,23,12,23,6,11,40,28,15,25,17,13,26,10,15,17,18,20,20,6,7,28,31,13,3,25,25,6,12,9,15,27,21,11,13,2,28,18,9,9,20,4,14,6,22,11,15,31,11,16,30,24,6,13,11,14,26,13,10,31,15,8,20,15,23,10,10,16,8,9,11,16,20,23,14,22,9,20,17,3,6,11,16,30,8,13,11,12,5,17,24,10,18,26,11,32,24,20,16,28,16,28,12,19,12,17,7,30,19,19,4,31,29,18,32,25,13,20,29,29,13,9,18,16,24,18,14
Eif3e,4,14,4,12,0,3,11,1,12,15,0,0,0,10,3,21,4,12,0,1,3,3,11,4,12,0,4,7,18,5,0,17,8,15,14,13,11,4,16,6,2,8,12,10,0,13,6,6,1,6,0,29,19,5,3,26,0,0,11,0,0,0,0,13,10,1,4,13,0,0,2,13,25,7,17,19,0,6,1,7,10,2,8,1,0,10,0,2,7,8,14,0,3,21,15,0,4,19,0,1,2,7,1,8,0,15,0,5,3,0,4,11,20,7,7,1,14,1,5,5,0,0,3,0,5,4,16,21,18,17,1,1,5,0,4,28,19,3,7,0,0,12,3,12,2,0,19,0,1,32,6,18,0,4,10,1,1,3,28,12,9,1,6,1,0,31,17,6,2,16,15,0,0,14,1,21,0,6,0,0,19,9,8,2,18,20,13,6
Eif3i,4,14,9,8,10,18,10,7,10,7,8,4,0,4,12,3,6,2,7,9,6,11,5,2,9,16,6,5,14,11,4,6,5,16,1,12,0,4,14,3,16,0,3,5,13,5,9,0,14,10,12,2,1,1,11,1,3,3,12,11,3,1,2,19,3,2,11,14,5,1,9,2,3,5,7,11,2,5,7,3,3,3,3,10,1,0,2,4,0,22,5,3,2,4,2,0,5,0,1,12,7,9,4,13,4,8,6,1,13,6,8,1,1,12,2,1,8,2,4,3,7,2,2,0,5,2,6,2,7,1,5,2,1,12,0,2,8,0,0,0,0,1,3,4,2,7,3,6,3,1,0,10,26,13,9,0,0,0,7,6,8,4,2,11,8,6,6,1,4,13,2,0,4,14,7,5,3,2,3,3,7,12,8,1,2,0,2,6
Eif3m,8,1,4,4,3,0,12,11,0,8,2,0,14,0,4,0,3,0,1,0,3,16,1,3,0,0,14,2,3,0,2,2,6,3,0,2,5,6,13,0,8,0,12,6,7,5,7,0,10,0,11,8,5,0,0,2,0,1,16,14,2,0,1,1,3,0,0,0,0,1,10,5,5,1,8,0,0,0,0,9,12,7,0,2,13,4,9,2,0,11,0,4,8,0,2,0,12,1,1,0,13,1,3,10,4,1,0,5,3,2,6,11,10,8,0,1,0,15,3,3,0,6,0,2,2,6,3,4,0,0,0,7,1,4,2,1,2,0,0,10,0,1,8,11,1,0,7,0,0,0,5,5,0,0,0,18,0,2,3,9,0,3,0,5,3,0,4,11,0,0,9,2,0,1,5,5,4,0,1,0,0,8,0,0,1,2,10,0
Eif5,15,22,0,13,7,5,1,21,5,18,19,12,16,14,18,25,2,0,3,10,18,23,17,8,10,23,25,4,12,21,18,23,16,22,26,14,1,5,2,17,21,33,12,19,13,14,9,10,0,8,18,11,3,1,8,0,6,2,24,15,1,12,0,3,22,2,3,21,31,7,18,16,6,13,13,23,19,18,21,26,25,0,24,1,8,3,6,10,6,0,0,7,5,15,6,8,8,10,10,29,8,13,18,13,29,16,19,1,13,4,2,18,23,8,12,1,3,24,14,24,21,6,6,4,19,11,31,19,17,31,23,27,1,2,3,15,8,0,4,21,6,16,32,24,20,0,7,4,19,31,19,2,23,10,19,28,4,14,13,12,18,0,9,2,22,15,12,5,4,10,6,5,23,17,2,5,3,20,0,20,16,0,17,6,28,15,13,7
Elp3,9,6,0,2,1,0,1,0,8,3,6,0,0,6,0,3,6,6,6,1,5,0,0,5,3,0,0,0,0,8,0,7,1,2,1,0,1,0,0,14,5,5,0,2,1,4,2,0,0,6,7,0,3,10,0,0,0,0,1,4,0,7,2,8,11,8,0,4,5,13,9,0,1,1,5,7,0,0,0,1,0,3,10,2,8,0,4,0,10,6,5,5,3,8,0,2,3,8,3,5,2,4,0,0,5,3,10,3,3,6,0,1,8,8,2,0,4,0,0,0,5,0,13,0,1,0,1,0,0,0,3,2,0,3,0,6,5,0,0,0,1,6,5,3,10,6,0,1,3,0,3,11,1,1,0,6,9,0,7,7,2,3,0,8,9,0,0,5,2,8,5,2,0,13,0,0,7,1,0,0,0,7,0,3,7,4,5,0
Ep400,2,2,10,0,0,0,0,0,6,0,5,0,4,0,2,4,4,0,8,3,2,8,6,3,2,0,5,3,2,0,1,0,6,1,0,0,5,2,3,4,4,3,4,6,2,1,0,0,8,8,3,2,4,5,3,3,0,0,0,1,5,3,4,2,0,4,8,3,7,3,5,2,10,2,0,2,3,2,0,6,5,1,3,4,5,0,0,1,0,0,7,3,3,5,5,0,1,0,1,0,8,0,0,3,0,0,3,0,6,0,7,4,2,8,7,7,0,0,0,7,5,3,4,2,0,5,7,3,0,4,4,5,5,4,5,0,0,5,6,5,0,4,0,0,0,1,2,0,0,3,1,0,5,4,1,6,3,1,0,6,0,0,2,0,4,2,1,4,3,2,4,8,4,0,5,5,0,1,0,4,4,3,4,1,3,4,1,4
Epb4.1l2,2,0,3,5,4,4,0,0,8,4,0,3,0,7,2,0,5,0,0,3,1,1,2,4,0,4,1,1,2,2,0,3,0,1,0,3,0,0,2,1,3,2,1,8,1,4,1,1,5,4,0,3,0,0,3,0,0,0,3,0,0,4,3,2,5,0,0,0,3,0,2,3,3,0,2,0,0,0,3,3,3,6,3,4,5,3,4,6,3,5,6,4,5,4,1,3,0,2,6,7,6,2,5,6,0,5,0,0,5,1,2,6,5,3,4,1,0,2,0,1,0,1,1,3,0,2,1,0,3,2,0,0,4,6,0,3,4,2,0,5,6,1,4,3,2,0,1,2,0,2,3,4,0,0,5,3,2,3,4,8,4,1,6,3,4,2,1,6,0,1,4,0,1,5,2,1,2,7,3,5,0,5,1,0,0,3,0,1
Ercc5,0,2,7,0,7,1,0,0,0,4,0,2,4,0,0,0,0,0,0,4,5,0,3,2,0,5,7,0,3,4,0,5,0,6,0,0,0,2,6,0,1,0,8,0,0,1,0,3,0,2,0,0,0,0,0,0,0,5,0,0,0,0,0,4,0,1,0,0,1,7,0,0,1,5,1,0,1,0,4,0,0,0,1,0,0,0,5,0,0,4,8,1,5,0,0,1,0,1,0,0,0,1,0,0,0,0,3,0,0,2,3,0,1,3,0,0,0,1,7,0,0,1,6,6,0,0,4,0,0,0,6,0,7,0,1,2,0,0,0,0,2,0,0,0,0,0,0,0,0,5,0,4,2,0,1,0,0,0,0,0,2,0,3,0,0,5,0,0,0,0,2,0,0,0,0,0,0,0,0,0,0,3,4,9,7,0,0,0
Ergic2,0,1,3,7,2,0,9,3,0,7,2,0,0,7,0,0,9,5,8,0,8,2,0,3,0,2,2,8,0,5,2,4,5,0,0,4,6,0,0,0,2,5,0,0,1,2,6,0,0,9,4,0,3,0,0,1,5,0,5,0,0,6,10,3,1,0,0,8,8,8,5,0,0,5,1,2,1,9,1,1,7,7,0,2,0,6,0,4,1,6,0,1,5,7,4,9,0,0,0,1,4,0,4,0,8,3,0,2,2,2,0,7,1,2,4,0,2,6,0,0,2,0,0,0,0,4,6,0,0,0,0,0,10,4,7,0,0,2,7,2,1,0,10,7,6,0,5,2,7,4,1,0,3,0,0,7,4,1,2,2,1,0,5,0,0,0,0,6,0,0,1,7,2,1,3,6,6,6,0,1,0,0,2,0,7,7,0,6
Esf1,1,1,7,3,8,1,11,2,10,0,2,2,12,12,7,3,0,0,14,13,2,3,5,9,11,1,1,2,6,5,4,6,0,1,0,10,4,0,7,4,4,3,10,7,2,5,1,8,5,6,0,1,8,1,3,5,11,3,2,8,0,2,5,6,9,4,0,6,5,3,4,2,3,0,6,1,5,0,13,10,1,6,3,4,6,3,1,9,5,0,5,3,0,2,5,6,3,3,2,1,0,14,11,4,1,5,8,5,0,0,0,3,6,5,1,8,3,11,8,0,4,4,1,2,6,2,12,5,0,1,3,3,1,9,1,4,0,4,5,5,0,7,5,9,2,7,1,13,6,6,3,0,0,3,1,13,2,2,2,2,2,3,0,5,5,6,5,2,1,4,9,6,5,0,5,3,6,6,7,0,0,1,7,0,7,6,0,11
Etfb,1,13,6,11,9,17,17,1,4,10,7,0,7,1,0,10,3,4,3,11,17,22,5,12,13,21,6,4,9,3,2,2,12,6,5,0,4,11,11,2,5,8,2,15,4,3,6,15,1,13,4,7,5,13,2,1,10,17,7,1,3,1,2,0,17,0,8,4,18,8,0,12,8,14,2,0,4,10,13,9,8,1,1,7,5,0,0,3,4,0,12,14,0,4,4,6,2,7,13,12,2,5,4,14,1,1,7,5,0,9,5,5,0,2,3,13,2,12,22,18,0,4,9,8,9,1,12,0,3,9,2,2,6,15,3,15,8,3,0,0,4,14,0,1,0,20,4,6,0,1,0,6,2,6,5,3,4,4,15,6,14,9,3,12,7,2,5,20,7,6,1,7,23,2,0,5,0,0,0,10,9,14,4,0,0,0,7,2
Exoc3,3,1,4,0,1,0,2,0,3,0,0,0,0,3,0,0,1,3,1,0,0,0,0,5,0,3,0,0,0,0,1,6,0,0,3,2,1,0,3,1,1,0,4,2,0,3,3,1,6,0,3,6,1,3,4,2,2,2,0,4,1,0,0,4,3,1,2,3,0,2,3,1,3,1,3,0,5,0,0,3,0,2,0,5,3,1,0,0,0,2,1,2,0,6,0,1,0,1,3,2,3,2,0,3,2,0,0,0,0,3,0,3,0,0,7,5,5,2,3,1,5,0,4,1,1,0,1,1,0,4,3,0,0,1,0,4,3,2,1,0,2,3,0,0,0,2,0,0,4,8,0,2,0,5,0,1,3,5,0,0,2,2,4,0,1,2,0,3,5,1,1,1,0,0,1,2,2,1,4,4,3,0,0,3,3,0,1,2
Eya3,1,0,9,1,2,5,9,7,0,1,0,1,1,0,0,0,0,0,0,5,0,3,0,2,0,0,5,0,0,2,0,0,0,7,15,0,0,0,9,8,4,5,2,0,1,1,0,0,4,5,9,1,8,3,0,0,1,2,0,0,17,0,0,0,5,0,11,0,4,5,0,2,3,3,0,1,1,5,0,0,1,0,1,9,11,5,0,3,0,0,0,1,0,1,0,9,0,0,8,0,0,0,0,2,10,10,8,4,2,1,0,0,0,0,7,0,0,5,0,0,3,0,1,6,5,3,1,0,0,0,16,0,10,2,0,7,12,2,17,7,0,0,1,8,0,2,2,1,7,0,0,7,1,0,6,0,6,3,0,1,3,0,0,2,3,0,7,0,0,0,7,4,0,0,4,0,0,1,5,11,7,0,0,0,8,2,1,0
Ezr,5,28,27,8,10,4,3,13,4,7,31,21,26,19,19,11,7,18,11,21,18,21,6,3,11,8,0,1,0,15,3,14,8,28,6,21,2,1,12,4,10,11,4,12,3,3,22,9,1,4,13,14,13,1,16,5,0,4,26,12,0,0,2,15,23,4,0,15,0,12,5,11,26,13,13,2,1,1,11,5,11,0,26,14,18,0,9,3,11,4,10,6,28,7,2,12,17,2,0,8,18,5,1,2,1,3,25,15,11,29,3,9,13,5,6,0,16,1,17,33,19,21,13,0,2,26,11,12,8,15,12,3,26,7,9,4,20,1,25,5,6,10,2,4,32,8,1,30,17,6,19,11,16,13,13,9,0,10,13,6,5,21,9,2,10,22,27,18,10,16,14,0,10,0,5,12,2,3,1,0,0,13,9,14,36,24,5,2
Fasn,24,24,2,0,2,0,3,32,1,0,6,1,13,3,1,0,2,2,0,10,20,1,1,2,15,5,0,0,16,0,11,0,4,6,0,26,5,0,0,0,0,0,1,0,0,12,13,0,0,1,1,29,12,0,0,0,1,4,0,2,0,0,10,0,0,0,16,0,14,0,0,20,14,22,0,0,1,0,21,5,7,22,24,1,0,0,0,3,14,8,6,0,1,24,21,1,20,11,3,19,0,5,16,6,4,8,6,6,10,0,19,0,2,0,8,0,1,21,28,2,1,0,0,5,0,12,20,13,1,1,15,6,0,9,2,7,15,0,0,1,18,18,1,0,1,0,1,23,15,0,20,0,17,6,1,10,5,0,5,8,5,0,3,0,8,13,18,7,0,15,16,0,5,11,22,1,0,16,2,1,1,0,0,7,24,12,1,5
Fbxw2,0,8,6,0,0,0,0,0,4,0,5,0,0,0,7,0,0,0,0,11,0,0,5,0,0,0,8,0,0,0,9,4,7,0,0,0,0,0,0,0,0,0,0,4,7,0,0,0,0,6,10,0,0,1,6,0,1,0,6,0,0,0,0,10,5,4,5,0,0,0,0,0,9,9,4,0,0,0,12,6,0,0,4,0,5,0,6,0,0,0,0,8,5,0,0,8,0,6,0,6,0,0,0,0,0,0,0,0,0,0,0,0,0,0,8,0,1,10,0,0,0,0,11,0,0,0,0,0,0,0,0,5,0,0,0,0,0,6,0,4,0,0,0,0,0,0,14,0,10,0,3,0,4,0,0,0,0,0,0,0,0,0,7,4,0,0,7,0,4,0,0,7,0,4,6,0,0,0,0,0,8,3,7,11,0,5,0,9
Fis1,8,0,0,0,0,0,0,7,0,0,0,0,0,0,0,0,2,0,4,0,3,1,0,0,0,0,4,0,0,0,3,8,1,0,1,0,0,0,8,14,0,13,13,8,1,17,4,0,0,0,0,1,4,0,3,0,6,19,0,0,0,0,0,10,14,0,0,0,1,0,2,3,0,0,3,9,9,6,0,11,0,0,0,0,2,0,10,4,0,1,4,0,0,0,0,0,2,0,2,0,7,0,2,8,0,0,9,1,0,0,20,0,0,0,0,23,0,0,10,2,0,0,3,0,0,3,0,2,11,6,0,0,0,3,0,0,2,12,1,9,0,11,4,0,0,0,1,0,8,9,0,0,0,1,10,0,0,11,0,0,17,8,9,0,18,5,13,6,0,10,0,0,0,8,1,0,0,1,0,7,0,0,0,1,1,3,18,0
Frg1,1,2,6,6,2,0,6,7,0,1,0,0,4,10,0,4,6,3,1,0,0,0,3,1,22,2,8,2,1,3,0,0,1,0,2,0,16,1,0,0,8,3,10,0,2,6,6,11,12,6,0,1,3,3,20,7,0,0,0,16,2,8,2,0,5,0,3,0,3,0,5,3,1,7,5,0,3,6,3,0,0,0,0,9,0,0,0,5,9,6,5,7,1,8,2,3,4,3,1,1,0,7,3,2,0,1,0,1,0,3,1,7,2,2,2,1,14,4,3,0,20,0,15,7,4,1,17,4,2,10,7,2,1,0,0,0,1,1,0,1,0,0,10,9,1,19,2,1,2,1,1,0,0,4,1,5,0,11,1,7,9,1,5,0,0,5,6,12,9,0,0,8,3,4,2,7,0,3,0,1,0,0,1,6,0,0,6,0
Fuca2,0,5,12,0,0,1,0,7,0,0,0,0,0,0,0,0,0,0,0,0,5,0,0,0,0,0,1,0,7,0,0,0,0,1,0,0,0,0,0,0,0,12,0,5,1,15,0,0,0,0,8,0,0,0,0,7,1,0,11,0,9,0,0,0,0,0,1,14,0,0,0,0,0,0,1,0,12,0,0,0,0,0,0,0,3,0,0,14,0,0,0,2,0,0,0,7,0,0,0,0,0,0,0,0,0,0,1,0,0,0,8,3,0,7,0,0,0,5,0,0,0,13,0,0,10,3,6,3,1,0,0,0,0,0,0,0,0,0,7,0,0,11,0,5,2,0,0,0,0,0,0,0,7,0,0,0,1,0,0,1,0,0,5,6,0,0,8,0,0,9,1,13,4,0,14,0,9,2,5,0,0,0,0,3,4,0,0,0
Fus,12,24,20,15,16,8,22,33,5,20,15,14,10,16,5,34,3,14,35,6,2,21,9,13,15,5,13,12,18,17,10,2,14,4,7,16,6,5,7,11,6,10,5,7,9,8,6,9,11,15,13,4,5,10,2,8,17,30,6,7,10,12,10,0,9,0,7,1,3,5,10,30,13,16,3,14,14,12,9,11,2,16,2,30,0,25,18,12,8,4,3,7,9,21,20,10,9,23,11,0,2,3,3,3,2,14,17,22,14,34,0,3,23,13,16,20,17,9,12,4,29,15,23,15,4,3,13,32,2,16,1,3,5,6,17,36,24,6,6,3,24,9,8,17,22,6,0,21,15,0,9,9,13,10,6,33,10,12,5,20,13,1,3,3,6,26,19,18,10,29,1,2,15,11,1,20,5,0,7,9,0,4,0,14,21,18,5,13
Fxr1,5,6,0,20,6,20,2,1,17,18,0,7,2,16,0,9,13,7,13,16,22,4,4,15,8,7,0,0,5,25,7,0,16,10,0,6,3,3,23,0,21,3,9,21,0,10,3,11,21,2,0,3,16,7,5,14,1,3,2,0,4,1,2,12,11,26,3,6,9,28,15,13,18,15,9,12,11,26,9,14,0,4,1,13,20,13,0,4,15,4,2,17,12,14,21,0,10,9,1,1,22,0,11,1,9,0,10,2,5,17,11,17,27,6,0,2,6,8,2,18,0,14,13,5,0,16,23,7,18,15,11,0,8,4,0,9,10,19,0,17,0,10,9,3,22,5,0,12,20,4,6,14,8,6,0,8,7,8,8,1,22,10,0,0,7,1,19,4,5,11,2,2,9,18,19,8,4,6,3,19,1,8,7,17,6,8,7,21
G3bp2,26,26,7,38,3,10,8,34,36,30,8,18,4,49,34,40,26,12,31,41,5,11,5,17,6,7,8,18,50,53,30,10,10,3,3,24,12,47,41,14,21,48,23,38,11,21,32,32,6,7,25,51,5,38,38,7,23,16,16,22,30,16,48,59,34,17,42,60,42,20,43,10,37,12,7,16,26,2,12,13,5,35,29,11,32,55,22,9,35,41,11,15,6,11,13,34,22,24,14,27,33,32,6,6,18,26,2,48,21,9,28,20,36,35,13,3,20,37,15,20,32,57,34,25,4,46,11,15,18,25,29,25,9,34,53,24,18,18,25,34,36,32,1,9,21,25,16,18,13,52,43,33,24,14,20,15,14,8,14,47,29,54,12,3,9,6,41,29,63,15,47,43,21,27,6,10,37,31,42,16,17,15,12,32,33,29,10,7
Galk1,6,1,1,7,5,3,6,0,0,0,6,0,1,4,1,8,5,0,1,5,2,3,8,6,8,3,6,7,7,8,6,4,4,4,1,5,7,7,0,9,0,11,7,9,4,0,4,9,1,7,14,4,8,5,9,5,0,4,8,0,0,0,5,4,4,3,7,4,5,6,2,4,5,6,0,0,0,0,11,8,9,0,9,4,0,1,0,8,0,7,0,0,0,10,4,4,1,12,8,0,11,8,0,1,4,0,3,3,3,3,7,11,0,9,8,0,1,0,0,9,0,1,1,0,1,6,0,10,9,6,9,6,2,3,1,7,0,5,0,0,0,9,7,5,11,0,9,1,0,0,7,0,1,5,0,8,0,1,9,7,12,4,7,2,10,2,10,8,0,0,7,7,6,7,0,8,4,3,1,2,0,2,0,5,0,6,6,0
Galk2,3,0,0,0,4,1,3,2,0,0,0,2,0,3,6,2,4,5,0,0,7,1,0,0,4,5,1,1,0,2,0,3,5,5,1,3,1,1,1,0,3,8,7,4,4,0,0,2,0,5,2,0,0,1,5,0,0,2,3,1,0,0,0,1,0,3,4,3,0,4,2,2,0,3,1,1,1,0,2,2,1,0,0,0,0,4,0,3,2,0,5,0,0,6,0,3,3,3,0,0,0,2,2,0,0,1,0,2,1,0,5,1,0,3,0,1,0,0,0,2,2,0,0,0,0,0,1,1,0,3,1,0,1,3,1,0,0,0,0,1,1,2,0,3,1,3,0,0,4,3,4,0,0,2,0,6,4,0,0,4,2,0,1,2,2,2,4,0,6,2,4,5,5,2,2,0,0,1,1,6,0,2,4,0,0,0,4,0
Ganab,0,2,6,11,5,2,0,0,11,0,0,8,1,0,7,0,6,8,0,8,9,7,0,7,2,2,7,0,6,5,9,0,0,1,3,8,7,4,2,8,4,1,4,1,6,5,1,5,1,9,8,2,2,12,3,7,5,0,0,3,0,2,4,7,4,2,6,12,0,1,2,7,5,8,3,9,13,9,2,3,0,6,12,0,3,6,0,0,5,1,1,0,6,7,3,1,3,5,9,1,4,11,7,0,0,0,6,3,0,7,7,9,4,5,1,7,12,7,10,3,4,10,0,3,1,5,0,0,5,8,3,4,6,6,4,4,0,3,2,0,5,12,3,0,4,7,0,4,11,3,6,0,11,8,1,10,8,7,2,2,4,0,1,5,3,7,8,1,10,9,4,0,0,8,9,7,0,3,8,5,4,9,4,8,5,0,6,11
Gcat,3,1,0,6,0,10,7,3,8,3,3,1,2,2,1,0,1,0,2,2,8,2,0,7,2,5,1,8,3,3,6,3,0,0,0,3,5,2,2,3,7,0,1,9,7,2,3,0,2,2,0,5,1,0,9,2,7,3,3,5,5,4,11,5,0,1,3,6,0,4,4,2,4,3,0,9,3,4,2,6,8,5,3,0,7,7,0,0,3,5,0,0,0,2,7,3,3,6,2,4,4,0,0,2,0,1,0,11,1,4,2,8,6,5,4,6,7,5,7,5,2,0,8,4,6,8,1,3,7,5,3,4,3,1,0,7,4,3,8,3,2,4,1,3,2,5,4,4,0,1,4,0,0,0,4,1,7,3,2,10,3,6,7,0,0,0,9,0,7,10,7,0,2,10,3,0,1,6,2,6,2,5,1,5,1,3,2,0
Gcdh,3,4,6,0,4,4,2,3,6,2,0,3,1,0,1,0,2,0,0,6,4,2,6,2,3,6,2,3,0,4,2,3,1,0,2,1,3,1,1,0,2,2,4,0,1,1,1,0,2,0,3,10,0,0,1,0,3,0,2,4,5,2,7,0,2,0,2,0,0,2,5,2,3,0,1,2,4,1,6,0,2,4,3,7,6,0,3,0,3,3,0,1,0,4,6,0,0,4,3,0,0,0,4,0,2,2,4,0,2,5,0,4,3,3,5,1,0,2,1,5,0,3,3,4,0,10,0,1,0,7,3,4,3,0,2,3,6,2,0,4,1,4,2,3,0,2,0,0,2,4,2,0,0,0,5,5,3,2,1,1,1,6,6,0,0,4,0,3,4,1,3,1,0,0,2,3,3,7,9,5,0,0,0,8,0,0,0,2
Gga2,3,2,5,10,3,0,0,0,0,0,3,0,0,21,7,1,1,4,15,0,4,5,3,13,0,0,0,0,4,0,0,0,0,0,0,1,0,0,8,0,1,6,0,12,0,6,7,16,0,0,15,2,5,1,0,14,0,14,0,0,10,2,1,0,0,17,0,0,0,8,10,2,0,0,1,0,11,0,4,7,10,2,0,13,0,0,0,0,0,7,18,3,0,3,3,0,2,0,11,14,0,13,0,16,12,0,7,0,0,24,1,4,12,0,0,0,0,0,0,0,2,0,16,0,0,0,0,12,0,0,13,1,0,0,0,0,0,0,21,0,0,5,1,11,0,1,11,0,0,0,14,0,0,0,19,0,12,2,0,23,10,0,2,19,1,0,0,17,9,6,1,2,0,19,19,6,5,0,14,6,0,6,0,16,0,1,15,0
Glod4,0,2,0,12,3,1,7,4,3,0,8,0,2,7,9,0,0,1,9,7,9,0,1,3,1,13,0,15,0,0,10,0,9,1,8,0,9,3,0,9,4,0,7,11,1,8,0,0,6,3,1,7,11,8,0,8,4,1,7,8,6,5,0,2,0,5,0,10,5,4,0,0,1,2,8,0,0,3,0,0,0,1,12,0,0,11,3,0,0,6,15,9,1,1,2,9,2,1,8,0,8,12,6,5,0,1,13,19,1,1,1,11,0,7,10,12,0,0,0,0,0,4,4,6,5,9,18,4,1,14,0,1,0,5,7,2,1,0,1,5,14,0,4,0,0,8,2,7,0,3,17,5,11,1,6,7,0,0,5,0,8,10,19,16,0,10,7,0,9,11,8,6,2,12,4,7,14,0,6,9,6,8,0,0,1,4,0,0
Gmnn,1,3,0,0,6,16,4,10,12,1,8,19,2,0,4,2,1,0,2,8,3,2,0,3,4,5,7,4,1,1,0,0,11,1,0,3,14,4,0,2,4,13,7,1,11,6,2,7,12,3,9,18,2,1,1,23,10,1,2,9,2,2,12,5,14,2,7,25,6,11,3,12,1,12,0,14,8,5,14,8,1,4,6,6,2,12,2,0,15,5,6,3,15,1,13,6,2,11,1,9,0,12,8,1,9,3,2,17,5,2,10,15,6,3,10,20,6,0,3,3,16,4,1,5,0,2,5,13,2,7,1,0,3,5,13,6,0,2,11,4,8,0,2,8,6,5,3,0,2,12,17,10,4,7,10,0,8,15,3,2,4,11,4,2,10,3,4,11,8,4,4,0,3,11,7,1,1,9,0,5,8,0,0,2,10,7,6,6
Gmpr2,2,0,0,7,2,2,0,0,0,0,0,0,1,1,4,0,0,1,6,2,0,0,1,0,3,4,0,0,4,5,5,0,0,0,0,5,0,6,0,0,1,0,0,2,2,0,0,4,3,1,4,7,0,0,1,0,4,0,0,0,0,2,1,4,2,0,0,1,2,0,0,0,0,0,0,0,1,0,6,0,2,4,0,5,7,0,1,2,0,0,0,2,1,3,0,0,0,0,2,0,0,0,0,0,2,0,0,0,0,1,6,2,0,1,0,0,2,0,1,4,0,3,10,0,0,0,0,2,3,0,2,1,1,0,0,2,6,1,3,0,0,0,2,0,2,1,3,0,0,1,0,3,10,3,4,0,0,0,0,3,1,0,1,0,0,0,0,0,5,0,0,0,7,4,2,0,0,0,6,0,5,0,1,0,2,0,0,1
Gnas,0,12,3,6,11,5,2,3,1,0,2,2,3,2,5,5,2,0,6,9,0,0,0,2,8,2,15,3,0,5,4,2,0,5,0,1,2,3,8,0,8,2,8,1,0,0,0,1,2,0,2,2,2,6,3,4,0,0,8,1,1,0,0,1,3,7,3,3,1,1,1,0,2,3,4,0,2,1,3,0,4,0,4,7,0,1,1,5,6,0,1,1,1,0,4,1,0,0,6,3,0,0,1,7,1,1,1,2,3,0,0,0,1,6,5,5,1,3,0,7,0,1,4,12,9,4,0,1,6,3,1,3,1,6,7,1,2,3,7,1,3,4,2,4,0,3,2,2,0,2,3,1,1,3,2,0,2,0,3,2,6,0,2,2,5,1,5,14,2,0,2,0,5,0,0,0,3,0,4,0,5,0,3,0,4,2,1,3
Gnl2,3,3,4,2,8,4,0,4,13,6,10,4,1,3,3,0,2,3,0,0,4,2,5,1,1,4,7,5,7,6,3,8,1,4,4,5,5,6,3,1,8,1,4,5,5,6,5,5,6,5,7,3,5,12,7,1,9,7,4,1,5,6,7,5,6,0,3,1,5,2,12,5,5,6,5,14,7,11,1,6,7,7,3,4,3,5,2,6,11,6,4,0,7,15,4,15,8,2,6,8,1,9,3,6,4,1,5,4,7,5,4,11,4,2,6,1,7,0,0,4,5,1,0,6,2,4,3,7,5,5,3,9,4,2,9,0,9,3,5,3,5,5,11,11,8,8,6,7,4,10,2,5,8,4,0,7,10,4,6,7,7,12,10,8,9,5,1,4,9,0,4,11,9,12,5,8,4,3,2,3,3,7,6,8,1,3,7,2
Gorasp2,2,4,3,4,2,1,1,0,0,0,4,0,4,1,3,1,4,0,3,9,4,3,4,0,2,1,3,0,2,3,4,7,0,0,5,1,0,5,2,3,0,1,1,6,3,0,3,4,0,0,0,5,0,0,2,0,0,5,3,0,0,2,5,0,3,1,2,3,6,0,0,4,7,5,0,0,3,5,4,0,1,6,6,5,3,1,2,2,1,0,1,4,0,5,5,0,1,3,0,1,0,1,0,3,7,0,2,2,2,1,4,1,0,0,5,3,4,1,0,9,3,1,7,6,0,2,1,0,6,1,0,3,0,3,4,1,0,0,6,5,5,0,0,0,3,4,1,4,0,0,4,5,7,1,1,1,0,0,0,3,4,0,2,6,0,4,1,1,0,5,1,1,1,2,0,0,4,4,1,0,0,4,4,3,0,1,5,0
Gpbp1,0,6,2,0,1,3,5,0,13,14,0,5,8,0,0,7,3,2,4,1,4,6,0,13,13,0,0,12,2,6,8,1,4,8,10,1,0,0,1,6,12,6,13,11,0,0,0,3,7,6,0,4,14,1,3,3,4,3,0,7,9,3,3,7,8,4,15,13,3,1,4,0,5,3,10,5,8,1,0,3,0,13,6,8,11,2,5,0,0,0,2,0,2,0,3,0,9,1,2,1,7,1,0,0,6,3,13,0,8,9,1,13,2,0,6,12,6,8,1,4,8,10,4,7,8,2,1,0,1,2,3,10,3,6,5,5,1,10,4,4,0,6,1,0,0,2,5,1,3,0,3,2,4,3,8,2,4,1,13,11,8,5,3,0,2,3,0,6,0,1,1,7,10,0,1,2,0,0,0,0,3,1,4,0,10,2,3,9
Gtf2e2,6,1,0,0,1,0,5,2,0,0,4,5,1,4,0,0,5,3,3,0,1,8,0,0,1,0,2,1,1,6,7,6,0,4,6,5,2,0,6,4,6,4,4,4,3,3,2,4,5,2,6,4,1,0,2,2,3,1,11,2,4,4,0,0,6,0,0,1,2,6,0,6,8,4,0,0,3,0,5,12,9,1,4,10,0,11,7,1,2,2,3,9,0,15,0,4,4,0,5,11,7,7,1,0,4,0,0,0,6,0,0,0,0,0,0,1,0,3,5,5,10,0,4,9,3,0,8,5,1,8,3,4,8,0,5,7,2,1,0,5,3,0,0,4,4,0,0,0,2,6,1,10,8,0,4,4,2,5,1,0,5,2,1,0,2,5,6,7,7,5,3,3,2,0,8,3,2,3,7,4,2,3,0,1,0,6,9,13
Gtf2f1,0,6,2,0,2,0,4,0,2,0,3,1,3,15,2,2,1,8,3,6,1,0,0,0,0,2,2,0,7,12,3,5,5,0,2,10,1,1,5,2,1,0,0,3,2,3,7,1,6,1,0,4,5,0,1,5,3,0,2,2,1,0,3,0,3,2,2,0,0,0,2,10,15,8,5,3,3,3,18,2,5,1,6,5,7,8,1,0,2,1,8,13,5,0,1,13,1,8,2,0,2,3,3,2,0,2,2,7,1,2,3,4,7,1,1,11,7,4,4,2,0,0,2,2,2,3,1,1,1,0,2,0,1,0,1,0,0,0,13,5,4,0,0,1,11,7,0,7,1,0,0,1,0,7,0,0,1,2,14,4,0,1,5,0,3,0,2,5,0,15,10,1,5,6,8,1,2,4,0,0,1,0,11,1,15,0,0,4
Gtf2i,4,8,1,5,0,3,4,0,5,6,4,2,1,1,2,4,2,3,2,1,2,5,4,4,1,0,1,11,1,1,1,4,0,4,1,0,2,7,3,0,7,3,2,3,0,5,7,2,6,5,1,1,0,2,0,0,0,2,2,3,2,7,2,4,3,2,6,0,3,0,4,3,2,0,4,3,3,4,0,4,3,7,0,0,1,6,0,1,3,2,1,5,3,0,3,3,4,4,4,2,0,1,2,0,2,5,4,6,1,4,0,4,0,0,1,0,2,0,6,6,0,1,3,5,2,2,3,2,5,4,0,5,0,4,4,4,0,3,3,5,3,3,1,0,7,10,4,2,2,1,0,1,1,5,5,5,1,2,4,7,0,4,2,1,0,2,0,1,2,3,2,6,1,3,1,2,2,2,6,6,1,2,6,4,1,0,2,6
Gtf3a,1,2,4,0,0,1,3,1,0,1,1,3,5,0,1,9,3,3,4,6,0,0,5,3,3,0,0,6,3,3,7,0,0,0,4,0,0,5,7,0,6,3,0,0,0,5,0,0,8,0,6,6,2,2,4,0,0,0,2,3,0,5,0,2,4,0,0,0,1,1,3,5,1,0,6,1,0,2,0,0,0,4,5,6,0,1,0,3,0,3,1,0,1,3,0,1,0,3,2,2,5,0,0,5,3,3,5,0,0,4,0,2,2,0,0,10,1,3,0,0,3,4,6,0,0,6,0,0,6,1,0,4,1,5,1,0,0,0,5,3,1,4,0,1,0,2,0,0,1,3,0,0,0,0,0,3,1,3,0,0,2,2,0,1,2,0,0,1,2,0,2,0,0,0,2,0,0,1,1,0,0,0,0,5,5,1,3,0
Gtf3c6,2,6,6,0,4,1,7,15,0,10,8,1,4,2,1,2,7,3,3,3,0,0,9,7,12,0,0,0,0,4,6,10,6,0,0,4,10,5,6,9,3,15,4,12,2,1,10,4,1,0,5,3,0,4,2,1,9,10,0,1,0,5,2,10,12,2,3,1,2,0,2,10,0,8,4,7,9,10,1,0,0,1,11,10,2,4,7,0,9,0,9,8,0,10,7,6,8,0,2,8,2,8,2,2,1,7,8,5,0,3,9,10,7,10,3,0,2,8,0,6,1,0,0,2,11,13,1,0,1,15,9,3,0,2,6,4,5,0,0,6,6,8,0,11,7,0,0,10,0,9,7,9,5,0,7,5,6,6,2,1,4,9,6,0,2,6,4,6,0,7,1,2,13,1,13,1,8,6,8,15,2,0,6,9,3,9,8,4
Guk1,0,14,3,12,2,1,4,0,0,15,11,14,1,3,8,1,6,1,1,1,0,6,4,0,6,0,4,1,8,0,3,9,1,0,1,1,8,13,2,3,4,4,1,9,5,14,8,0,4,0,0,0,6,12,3,0,1,10,8,0,5,4,1,10,2,14,4,3,7,6,2,4,0,3,3,1,4,0,3,2,8,1,11,2,10,0,1,4,6,1,11,4,1,12,4,2,3,0,10,3,6,5,6,15,12,1,8,6,8,1,2,6,12,11,3,2,2,4,3,3,1,0,7,0,6,1,4,8,0,5,8,0,4,2,0,5,3,1,15,4,4,4,1,13,7,1,8,3,6,0,0,6,7,0,3,5,1,2,6,14,9,5,1,1,7,13,0,0,1,6,4,0,7,0,2,11,8,3,3,6,1,2,2,12,11,5,10,5
Hadh,0,0,0,0,0,0,0,0,0,0,0,0,0,0,0,0,0,0,0,0,0,0,0,0,0,0,0,0,0,0,0,0,0,0,0,0,0,0,0,0,0,0,0,0,0,0,0,0,0,0,0,0,0,0,0,0,0,0,0,0,0,0,0,0,0,0,0,0,0,0,0,0,0,0,0,0,0,0,0,0,0,0,0,0,0,0,0,0,0,0,0,0,0,0,0,0,0,0,0,0,0,0,0,0,0,0,0,0,0,0,0,0,0,0,0,0,0,0,0,0,0,0,0,0,0,0,0,0,0,0,0,0,0,0,0,0,0,0,0,0,0,0,0,0,0,0,0,0,0,0,0,0,0,0,0,0,0,0,0,0,0,0,0,0,0,0,0,0,0,0,0,0,0,0,0,0,0,0,0,0,0,0,0,0,0,0,0,0
Hat1,17,7,10,2,11,17,17,10,8,13,17,3,18,23,13,7,7,0,4,11,12,19,7,22,3,15,10,6,18,6,7,14,8,11,12,5,10,8,5,5,9,5,10,8,5,15,4,4,2,4,20,6,5,4,5,6,4,16,4,23,25,15,13,12,43,17,6,13,4,12,3,20,13,8,12,0,9,12,11,6,19,7,2,30,17,9,26,33,18,3,12,8,3,7,12,4,19,9,10,18,21,10,7,11,7,3,11,19,14,13,15,13,13,7,7,20,9,15,8,4,7,23,6,6,5,13,5,2,10,20,3,7,10,6,11,24,16,20,6,8,14,4,7,3,7,9,9,28,4,10,3,15,15,5,29,12,13,4,5,22,6,9,11,12,5,11,9,18,19,11,7,19,14,0,12,11,7,7,8,8,5,37,12,5,14,5,5,18
Hist1h1b,0,10,0,0,5,11,3,3,0,0,4,0,0,0,0,0,0,2,5,0,0,0,5,5,0,0,1,0,5,7,3,0,8,5,0,0,0,0,0,5,3,5,4,4,0,9,0,2,0,0,3,6,4,0,4,0,0,0,0,0,0,0,0,4,0,0,4,0,0,0,0,0,0,3,0,0,0,0,0,0,0,0,0,0,6,6,0,1,0,0,5,0,0,0,0,0,2,0,3,0,0,0,2,4,0,0,3,3,0,0,0,0,0,0,1,5,0,3,0,1,0,0,4,0,0,0,0,0,0,0,0,4,3,0,3,2,2,5,4,0,0,0,5,0,1,3,0,6,0,0,0,6,0,0,0,0,0,9,0,5,0,0,0,6,1,0,0,0,5,0,0,4,0,0,4,0,0,0,0,3,6,4,0,0,0,0,0,4
Hnrnpc,0,43,0,21,59,9,33,10,51,29,51,1,28,25,49,52,21,54,53,5,30,45,55,21,29,20,39,1,56,62,64,22,47,50,16,35,40,14,40,2,0,36,40,38,9,17,9,36,7,33,59,22,13,35,4,24,61,57,0,6,0,23,24,1,26,7,46,5,36,44,1,13,6,9,40,0,24,44,30,0,34,26,39,0,18,0,27,0,5,20,1,6,9,48,52,29,7,24,11,53,66,38,0,48,2,6,24,52,7,58,60,51,0,16,56,39,44,37,39,48,5,42,16,42,8,58,2,41,58,54,43,1,3,19,39,22,35,46,41,8,2,48,5,0,19,48,54,47,46,27,64,48,60,32,50,56,56,17,13,42,22,35,22,41,18,13,3,8,38,51,64,29,0,48,0,38,13,8,31,50,2,16,51,40,41,3,56,2
Hnrnpf,0,0,0,0,0,0,0,3,1,2,0,0,0,0,0,7,1,6,5,0,4,1,0,0,0,0,6,0,0,0,9,8,19,2,1,1,10,6,8,0,0,0,10,0,0,2,0,0,2,5,0,10,0,0,0,10,0,0,3,9,0,10,0,11,5,1,6,0,0,0,10,0,13,4,0,11,8,0,0,0,14,0,0,1,0,0,16,0,2,15,0,0,0,12,14,3,12,0,0,1,9,12,0,8,0,0,11,0,6,0,4,0,0,12,0,0,0,0,1,15,0,2,9,7,0,5,0,0,0,5,0,14,0,1,0,1,0,0,0,11,0,0,6,0,5,7,4,7,10,0,0,0,0,0,15,7,8,0,0,0,0,18,3,7,0,0,8,0,7,0,0,0,0,0,10,15,1,9,0,12,2,3,0,9,5,18,0,0
Hnrnph3,0,8,0,0,0,5,0,10,8,0,0,0,0,0,0,10,0,3,0,11,0,9,0,0,0,0,0,0,0,2,0,7,1,0,0,0,8,0,0,13,0,0,0,0,7,2,5,0,0,0,0,0,0,0,9,6,0,10,0,0,0,0,7,0,0,0,10,6,9,0,0,6,0,0,7,0,0,0,0,0,0,0,1,0,0,0,0,0,0,11,13,10,0,0,7,0,0,13,10,0,10,13,9,7,3,11,0,8,0,0,0,1,0,0,13,0,0,2,3,2,0,0,0,3,4,4,0,10,3,14,5,7,0,0,0,0,0,0,0,0,0,0,0,9,0,0,0,0,0,9,0,5,14,0,9,11,0,0,1,0,6,0,0,0,0,0,0,0,0,0,0,0,0,0,1,6,0,0,0,0,0,0,7,0,0,5,8,0
Hnrnpm,11,12,0,3,26,3,22,8,27,4,14,0,18,22,27,21,1,28,4,11,12,4,2,16,14,22,20,3,6,13,0,22,14,7,20,20,15,5,18,2,15,5,4,13,16,21,9,14,3,16,9,18,4,19,5,11,4,9,9,0,15,5,3,0,14,4,10,19,7,10,18,5,9,1,9,9,17,24,4,22,3,9,2,21,15,15,6,23,2,12,13,12,11,0,11,7,23,10,5,10,10,12,6,0,21,5,10,14,23,0,12,19,9,9,6,6,7,19,26,2,21,29,9,23,8,14,8,6,23,1,15,23,11,6,16,20,18,25,10,28,15,12,20,2,19,4,0,6,13,20,12,19,3,3,7,8,22,6,26,3,6,7,3,17,23,21,0,4,2,23,20,0,0,17,0,24,20,15,15,28,15,5,19,30,9,1,17,21
Hnrnpul1,0,0,0,0,0,0,0,0,0,0,0,0,0,0,0,0,0,0,0,0,0,0,0,0,0,0,0,0,0,0,0,0,0,0,0,0,0,0,0,0,0,0,0,0,0,0,0,0,0,0,0,0,0,0,0,0,0,0,0,0,0,0,0,0,0,0,0,0,0,0,0,0,0,0,0,0,0,0,0,0,0,0,0,0,0,0,0,0,0,0,0,0,0,0,0,0,0,0,0,0,0,0,0,0,0,0,0,0,0,0,0,0,0,0,0,0,0,0,0,0,0,0,0,0,0,0,0,0,0,0,0,0,0,0,0,0,0,0,0,0,0,0,0,0,0,0,0,0,0,0,0,0,0,0,0,0,0,0,0,0,0,0,0,0,0,0,0,0,0,0,0,0,0,0,0,0,0,0,0,0,0,0,0,0,0,0,0,0
Hscb,4,3,3,0,8,4,1,1,3,5,3,1,5,0,4,1,6,3,2,2,1,2,2,2,4,5,3,6,1,3,4,4,3,3,3,3,1,6,1,7,6,4,0,0,3,2,3,2,2,2,3,2,0,3,6,1,1,2,1,3,1,3,1,2,1,2,3,0,1,3,4,0,0,4,4,4,8,2,1,5,5,0,4,1,4,4,5,3,3,4,4,5,2,3,0,1,2,5,3,6,2,1,3,2,2,2,1,5,4,1,3,2,2,0,1,3,2,1,2,1,2,1,1,2,1,3,6,1,0,3,1,1,3,8,6,5,3,8,6,4,5,9,1,5,0,3,2,6,2,6,4,3,4,3,5,1,1,0,0,4,2,7,2,0,1,1,3,6,3,3,6,1,1,3,5,3,4,3,3,9,0,5,4,5,2,3,5,4
Hsf2bp,0,4,13,13,11,9,1,0,2,7,13,4,5,9,13,5,20,7,0,0,2,5,2,0,0,2,0,1,8,0,6,0,4,6,2,0,4,17,10,6,6,13,3,10,0,6,2,0,5,6,1,9,4,7,10,4,10,14,0,0,1,0,3,10,3,0,7,11,17,0,1,0,0,10,1,1,4,4,1,0,3,4,1,0,7,5,2,3,0,1,8,1,0,0,0,10,0,8,5,1,0,8,8,4,0,5,2,1,3,4,1,2,0,14,8,5,0,3,13,1,8,0,0,3,4,0,0,0,7,3,5,8,0,0,0,0,1,4,1,0,13,9,7,1,3,3,5,5,8,12,4,7,0,12,3,0,5,0,2,0,2,0,0,10,4,15,7,1,5,4,0,3,0,17,17,7,0,6,11,1,1,1,4,0,6,5,9,0
Hspbap1,3,0,3,5,1,8,4,3,8,4,4,2,0,4,3,2,0,1,4,0,3,2,6,8,5,6,4,2,1,8,3,1,3,7,4,6,7,3,2,4,5,7,5,4,1,0,10,4,2,10,4,7,7,2,3,6,1,2,3,8,6,2,4,3,4,1,6,2,7,7,4,3,4,6,1,9,0,0,10,3,2,3,4,1,0,7,7,1,2,6,8,5,8,7,6,3,4,8,0,1,3,2,9,2,0,6,5,6,10,6,7,6,6,4,0,7,1,2,0,0,4,0,1,10,3,4,5,4,5,4,4,1,4,0,7,5,9,4,2,14,2,6,2,3,3,5,0,6,3,0,7,5,8,7,2,1,0,3,9,6,6,1,5,0,0,9,9,1,8,4,0,2,8,11,4,3,10,0,0,0,8,8,5,4,9,5,0,0
Hsph1,7,8,7,8,14,3,9,0,9,8,5,4,8,4,6,3,6,2,0,5,10,5,4,4,4,12,0,10,11,4,0,8,5,5,1,2,5,4,14,0,4,10,9,2,7,4,4,6,14,6,1,5,3,3,1,1,2,8,5,8,7,7,11,13,10,5,2,9,3,28,8,4,4,10,4,3,7,10,8,16,0,4,2,11,10,17,6,17,4,14,5,21,5,4,4,12,2,2,5,1,1,13,10,3,4,3,0,0,3,15,5,10,4,8,5,6,7,14,6,9,2,16,4,20,8,16,16,5,9,4,9,12,20,3,6,4,3,0,7,6,2,7,3,1,13,2,0,2,5,7,2,6,6,11,6,4,10,12,10,4,9,2,29,2,0,4,12,14,12,1,14,7,0,7,1,8,8,2,7,15,11,17,7,18,11,4,16,4
Idh3b,8,1,6,0,1,8,0,1,4,9,1,1,2,3,8,4,17,1,3,1,3,6,2,2,11,0,9,0,2,0,1,8,5,6,6,2,2,14,2,4,8,16,3,11,4,2,4,3,5,0,9,4,2,8,5,11,0,6,1,6,3,0,8,3,4,4,1,2,3,10,6,9,4,0,8,13,4,3,8,4,1,6,3,1,17,0,4,4,3,1,8,15,8,0,3,12,9,2,3,1,0,1,1,0,3,2,14,5,1,12,8,7,9,2,18,1,2,4,3,4,3,0,3,8,2,7,8,1,1,1,4,3,5,3,3,13,1,3,1,0,3,0,7,1,0,3,1,2,8,9,9,2,3,1,1,7,5,15,11,4,2,3,3,1,3,9,9,11,8,4,2,7,8,3,2,3,8,9,1,4,0,4,8,2,4,1,3,2
Ier2,1,1,5,1,3,10,8,7,0,3,15,4,2,3,10,6,3,3,1,5,7,2,2,8,4,0,4,8,1,10,0,1,2,2,17,10,0,10,10,10,0,12,5,0,3,4,1,1,16,1,4,17,10,10,11,2,4,8,1,10,5,3,10,7,4,6,2,0,5,5,0,0,18,10,14,5,4,9,4,13,2,5,0,11,2,0,4,8,11,1,5,4,0,1,12,0,8,0,14,11,6,10,4,10,6,0,6,12,8,2,3,7,1,7,7,7,6,4,0,0,8,6,0,9,12,4,4,2,6,3,4,17,1,10,0,7,4,7,2,0,0,8,10,2,1,8,10,8,8,3,4,11,2,6,0,5,0,2,11,10,2,0,1,0,2,0,5,1,0,9,8,12,1,10,16,13,7,0,0,12,3,13,11,5,2,2,6,1
Ier3ip1,5,5,2,7,7,13,1,0,5,1,2,10,11,15,0,4,3,12,2,9,7,2,15,13,5,2,9,11,14,4,10,4,0,0,2,10,13,8,0,3,9,10,10,5,11,3,15,7,11,0,15,8,11,1,5,8,2,6,9,17,10,16,5,14,6,6,4,8,4,15,5,1,17,1,15,22,6,3,9,13,14,8,0,2,2,2,0,1,1,3,6,6,1,0,4,8,6,3,4,8,1,15,22,2,2,1,14,6,13,7,15,1,4,0,2,0,10,0,13,3,9,21,6,6,3,2,2,11,7,0,4,18,8,8,12,9,2,1,6,0,4,8,19,11,12,16,4,1,4,5,5,6,13,2,11,5,4,11,5,2,10,11,13,16,1,0,4,6,6,10,0,1,5,5,1,4,6,9,5,2,12,0,3,14,2,9,8,6
Immt,12,15,1,2,2,13,1,19,11,0,3,1,4,20,0,6,1,11,20,0,7,12,3,15,8,0,6,0,18,1,3,6,1,8,6,0,12,4,1,4,10,0,8,13,0,5,6,1,5,6,0,4,7,12,11,8,13,12,0,0,0,0,7,6,1,7,16,7,0,10,12,0,6,9,1,4,5,0,3,3,0,15,9,1,7,6,4,1,9,20,5,7,8,2,6,1,13,2,2,3,9,5,5,0,7,11,1,13,2,0,3,0,20,2,1,10,6,0,17,10,11,0,0,0,0,0,5,3,9,1,0,3,8,11,0,5,12,0,0,1,16,2,5,12,1,0,0,1,2,6,0,2,3,0,3,4,8,4,11,7,5,9,14,1,0,1,19,0,2,17,14,11,3,11,1,3,13,14,5,13,1,6,15,10,0,2,0,3
Impa2,1,3,6,7,3,4,5,5,7,2,2,3,3,6,0,3,3,5,5,3,5,11,4,0,1,7,4,1,2,0,3,2,3,0,2,2,2,4,4,4,6,0,2,3,5,5,0,6,2,6,0,6,3,6,1,1,1,2,2,8,0,1,11,7,2,1,0,0,6,5,1,11,7,9,0,5,0,0,0,1,6,4,3,3,2,3,6,3,6,2,2,1,0,3,8,4,0,2,0,6,0,3,4,1,5,4,4,2,6,0,1,11,6,2,3,0,2,3,2,0,0,6,6,3,0,1,7,0,0,2,8,7,0,3,4,5,0,6,2,0,4,0,3,1,3,6,2,4,1,0,0,9,5,6,2,6,6,3,0,2,7,7,6,8,2,1,1,5,1,5,0,0,5,1,6,0,12,2,1,3,4,8,7,8,9,0,7,1
Impact,12,0,0,7,0,0,15,0,5,0,11,0,0,13,9,0,0,16,1,13,14,0,0,0,0,6,10,9,12,13,13,0,3,0,13,0,11,0,9,0,9,14,0,0,0,9,11,13,0,0,0,0,7,12,0,8,18,7,9,0,8,21,0,0,9,14,0,19,10,0,0,0,7,0,9,0,0,0,8,0,0,0,0,15,0,5,0,2,0,0,0,0,0,0,2,0,13,0,12,0,15,0,14,0,0,0,0,0,13,0,3,0,0,11,0,0,0,0,0,0,0,0,12,14,13,14,13,12,0,0,18,11,0,0,4,0,0,0,12,0,15,0,0,15,15,9,0,9,12,0,0,18,6,12,0,9,0,9,0,0,0,9,0,16,11,13,17,0,0,9,0,0,15,10,0,8,0,14,0,11,0,10,0,0,0,13,19,16
Ipo8,5,0,6,0,3,0,0,0,0,0,0,6,3,0,0,5,0,5,5,0,4,9,0,0,0,0,6,0,0,1,7,0,0,0,0,0,0,0,0,0,6,0,0,7,0,0,5,5,0,0,1,0,0,0,0,3,0,0,0,6,2,0,13,0,2,2,4,0,0,0,2,0,0,0,0,8,0,9,2,7,5,5,5,7,7,0,4,0,6,0,0,0,0,0,5,0,3,1,0,0,2,0,4,0,0,1,0,0,0,5,0,1,0,0,1,0,11,1,0,0,1,5,0,0,0,3,6,0,0,1,2,0,0,5,0,0,0,0,1,0,4,0,2,3,0,3,1,0,0,0,5,5,0,0,0,0,7,1,6,0,1,2,0,0,0,2,0,3,0,0,3,0,0,0,0,5,0,0,6,0,5,0,2,1,2,0,0,0
Itm2b,1,2,0,4,6,1,9,0,2,1,1,3,3,6,9,1,1,2,3,4,4,5,0,5,7,0,5,3,2,6,1,7,2,3,8,6,1,1,5,5,0,1,4,4,6,5,3,3,6,3,1,0,3,1,2,7,8,0,10,1,8,4,6,0,3,2,16,2,5,0,2,9,2,1,2,7,5,0,0,0,8,2,1,1,1,0,2,1,1,5,6,0,0,0,11,2,5,1,4,6,1,4,0,2,0,1,5,1,3,1,4,0,6,2,1,0,5,0,3,1,1,7,9,2,0,5,10,0,0,3,6,0,3,2,2,2,0,5,1,6,1,0,5,3,2,12,5,4,0,0,1,7,5,0,7,6,7,3,2,1,8,5,2,4,6,9,1,2,1,2,1,0,1,0,1,5,0,6,0,8,7,1,3,9,1,0,4,0
Jak1,0,4,0,1,0,0,3,0,0,0,0,0,0,0,2,0,2,0,0,0,0,0,0,6,0,5,0,0,0,0,1,0,0,0,1,0,0,0,0,0,0,0,0,0,0,0,0,0,0,0,0,0,0,15,0,0,0,7,0,0,0,0,0,0,0,0,0,0,0,0,0,0,0,0,0,0,3,0,0,0,0,0,0,0,0,0,0,0,0,4,3,1,0,4,2,0,0,0,0,0,0,0,0,0,8,2,0,0,0,5,0,0,7,0,0,0,0,0,0,0,0,0,0,2,0,5,0,0,5,1,0,2,0,0,0,6,0,0,0,0,0,0,0,0,0,0,0,1,0,0,0,0,0,0,0,5,8,0,0,0,4,0,0,9,5,0,4,0,0,0,0,0,0,2,0,0,0,0,0,0,0,0,10,0,0,0,6,7
Jam2,10,8,3,7,0,8,24,12,6,9,24,19,13,4,4,9,20,3,11,5,7,19,32,4,5,4,21,5,9,2,20,8,2,0,11,6,2,13,8,22,14,12,30,10,13,13,9,14,17,5,15,4,0,28,26,3,9,10,9,0,5,5,8,17,11,10,15,22,5,13,6,10,5,11,5,14,9,1,4,3,4,6,2,12,2,3,11,1,7,14,5,15,2,14,3,3,24,0,12,3,8,9,26,7,10,6,11,6,9,12,3,4,5,15,8,2,19,11,24,8,4,21,7,7,9,3,5,12,15,4,2,3,3,10,3,4,11,2,21,2,22,30,15,2,8,15,9,7,15,9,10,6,10,6,2,0,20,13,6,8,8,6,14,15,1,21,1,9,3,1,3,5,14,10,2,12,14,13,20,4,7,7,18,22,19,15,10,19
Jmjd1c,5,8,0,0,10,3,6,0,0,6,0,1,0,0,0,0,1,2,3,0,6,7,1,4,9,0,6,0,1,0,7,0,0,4,0,1,9,0,7,5,8,0,0,3,4,2,0,0,2,8,2,2,2,2,0,0,3,4,0,1,4,0,0,9,3,1,6,0,1,2,0,3,0,1,5,1,0,4,6,2,0,2,0,0,0,2,4,0,0,0,4,8,0,1,0,8,0,0,2,0,0,0,0,0,0,0,0,0,2,3,8,5,3,4,0,7,2,3,5,9,7,0,0,0,0,2,0,0,0,6,5,0,1,0,1,3,5,0,11,8,0,0,2,0,1,0,2,0,1,11,0,0,0,0,1,0,0,2,9,1,0,0,7,2,0,6,0,4,4,2,0,0,0,1,4,0,6,3,0,1,0,0,0,0,4,1,3,4
Kank2,8,0,3,5,5,2,0,4,1,1,0,2,5,1,4,3,5,8,2,11,4,0,2,2,6,2,7,4,2,1,3,0,0,1,0,0,6,0,3,0,0,3,6,6,1,10,0,0,3,7,6,7,6,10,0,2,6,1,5,1,4,5,0,7,3,0,3,1,1,8,0,0,2,6,2,0,0,5,5,1,3,4,2,7,1,0,2,2,4,0,2,7,6,0,0,0,3,0,5,0,2,0,4,1,6,5,1,3,3,1,1,7,0,8,6,0,5,3,1,0,3,4,0,0,6,0,2,5,2,5,6,0,0,7,1,3,0,0,1,4,4,1,1,1,7,3,2,1,8,8,4,0,0,3,2,0,0,3,3,0,4,0,0,3,3,6,0,2,1,1,0,1,1,4,2,1,5,4,0,2,2,6,4,0,0,6,3,2
Kcmf1,2,10,0,5,9,9,6,5,5,0,0,5,11,1,9,2,0,6,1,10,0,0,11,0,0,8,6,6,0,0,2,0,11,3,9,2,4,0,6,3,0,5,3,6,0,5,3,3,6,3,2,0,1,0,4,0,2,3,9,4,0,0,2,0,7,7,6,5,1,2,4,0,0,1,1,5,0,6,5,8,0,3,0,0,6,4,0,8,2,5,6,5,0,1,6,0,5,0,8,0,1,0,0,3,0,0,0,0,4,4,0,0,8,8,11,7,0,2,0,0,0,0,9,0,7,5,0,0,4,7,6,5,11,6,0,8,4,5,4,7,0,8,0,6,3,6,7,1,0,4,8,0,0,0,5,0,0,0,7,10,1,5,1,0,0,9,9,7,0,0,1,6,3,0,8,0,0,0,0,5,4,0,8,0,5,4,3,0
Kcnq1ot1,0,25,21,25,0,0,0,0,35,9,0,0,13,1,8,0,21,0,0,13,27,0,25,2,24,0,4,0,0,0,1,0,13,15,0,16,25,0,0,0,11,4,0,27,1,5,0,0,10,24,5,19,0,20,27,0,0,0,21,19,0,3,0,0,0,23,0,0,0,0,0,23,25,2,11,2,17,25,0,0,10,0,5,0,20,0,0,22,26,0,28,14,24,0,3,24,25,0,25,23,0,0,1,17,13,9,0,0,0,7,0,0,0,6,20,16,2,19,20,0,0,0,0,0,0,26,0,0,0,0,14,0,3,0,0,21,6,2,3,0,7,25,24,26,26,1,0,0,0,1,0,33,15,20,28,9,0,0,1,0,0,0,25,0,1,2,1,2,18,7,0,0,5,28,2,4,13,0,0,0,0,1,0,18,0,7,15,5
Kdm1a,0,5,17,1,13,9,0,6,0,0,5,11,0,0,0,2,0,10,0,0,1,6,1,0,0,0,4,0,5,3,0,0,0,1,0,0,0,2,5,8,3,5,6,0,11,0,1,4,8,7,6,4,4,1,0,9,0,0,1,5,7,9,3,0,0,10,6,0,4,10,13,0,7,0,0,2,0,13,1,6,6,0,0,2,0,0,1,0,7,2,0,2,7,4,0,0,9,3,0,0,1,0,9,0,1,12,0,0,0,0,8,3,3,9,0,9,7,4,0,5,5,0,0,7,12,6,9,1,6,0,0,1,0,0,1,0,11,0,0,0,0,1,0,3,4,0,4,0,0,0,2,2,5,1,4,12,3,5,12,0,0,0,0,7,8,12,4,2,3,0,0,0,0,6,1,0,0,0,2,2,9,0,0,0,0,4,0,0
Kif20b,12,10,17,8,0,4,2,1,5,7,10,3,8,11,2,1,1,16,8,4,14,3,9,15,10,12,0,1,9,1,28,3,0,14,2,10,15,12,3,7,4,2,20,5,7,14,1,9,2,10,13,7,5,6,12,5,14,11,1,3,5,14,11,5,7,9,5,1,6,6,16,14,20,6,19,12,9,4,14,7,5,22,9,7,2,7,1,17,4,4,0,4,16,1,8,6,11,6,5,11,7,5,15,5,1,3,9,3,1,4,4,9,5,2,6,13,4,2,6,11,6,5,6,5,14,9,18,16,2,6,16,15,0,10,2,9,22,3,3,11,6,3,4,19,4,19,1,2,0,4,4,19,1,4,12,1,11,10,0,1,7,2,3,3,4,2,3,5,1,2,2,1,5,13,4,2,9,3,13,13,10,14,2,4,3,2,3,1
Kifap3,0,0,0,0,0,0,1,0,8,4,0,0,1,5,0,3,0,0,2,0,7,0,0,1,3,0,0,0,0,0,0,0,0,0,0,2,0,0,0,0,0,0,0,5,9,0,0,0,0,0,0,4,0,0,0,1,0,0,0,0,7,5,0,1,0,0,3,0,6,0,1,0,1,0,0,0,0,8,0,0,0,0,1,0,5,0,1,1,0,1,7,4,1,0,0,1,0,12,0,4,3,0,7,1,0,0,0,0,6,0,5,2,0,0,0,2,5,5,3,1,2,2,1,0,3,9,6,0,0,1,0,0,2,0,5,0,1,0,2,2,3,2,3,0,5,2,2,0,0,3,1,3,0,0,2,1,1,2,0,0,0,5,0,0,0,0,0,0,1,10,7,0,5,2,0,0,0,4,5,0,0,3,0,4,0,0,3,0
Klf3,5,1,2,0,1,0,0,2,0,0,5,1,1,1,2,0,4,0,4,0,2,2,5,2,7,2,0,4,2,1,1,2,3,3,0,3,6,0,0,2,0,0,0,2,2,2,1,3,0,0,0,0,0,0,2,1,0,2,2,2,4,0,0,0,1,0,0,3,0,4,0,0,0,0,1,2,0,0,1,1,7,0,0,4,1,0,4,0,4,1,2,2,4,0,0,6,0,0,1,2,2,0,1,2,0,1,3,0,0,0,4,3,3,0,1,1,3,2,0,0,1,1,2,1,0,0,1,3,1,1,1,1,3,0,2,3,0,4,1,0,0,4,2,1,4,4,1,0,1,0,3,0,4,0,0,0,0,0,0,2,2,2,0,0,3,4,1,2,0,0,2,2,5,0,0,0,0,0,0,0,3,1,0,0,0,0,1,1
Kpna3,0,0,0,3,2,4,1,0,0,0,0,2,3,1,2,0,0,0,1,0,1,0,0,2,0,0,0,0,0,0,0,1,0,0,0,0,1,0,0,3,3,6,7,0,3,6,2,0,0,2,0,0,0,0,0,0,0,0,0,0,0,0,0,0,2,0,2,0,0,0,0,0,0,6,5,1,0,2,0,0,0,0,0,0,9,3,0,0,0,5,2,0,2,0,0,1,3,2,0,0,0,0,0,0,2,0,6,0,0,0,1,0,2,0,2,0,0,0,0,0,0,0,8,0,4,5,0,0,0,0,8,0,7,0,0,0,0,1,0,0,0,4,0,0,0,6,0,0,0,0,1,1,2,1,0,0,4,1,5,0,0,1,0,2,0,0,0,0,0,0,0,9,0,4,7,0,0,0,4,0,0,0,2,0,0,0,0,0
Kpna6,0,7,2,3,4,6,9,18,0,3,0,0,6,0,0,11,19,3,4,1,14,13,7,13,2,0,9,0,0,0,9,9,6,13,0,4,0,0,0,0,7,0,0,0,7,0,13,10,0,0,16,0,0,0,0,4,14,0,9,0,0,7,8,0,0,0,0,0,3,3,12,8,0,8,1,0,0,3,5,0,9,0,10,8,2,0,14,0,0,0,0,4,3,0,10,0,7,10,0,0,4,0,11,0,0,0,4,6,0,6,5,0,0,0,0,0,0,0,0,1,0,0,0,5,0,7,3,4,0,0,0,0,13,0,4,2,0,0,0,0,6,12,6,4,0,15,0,10,0,2,0,13,0,0,0,0,0,0,9,10,5,11,0,0,6,0,7,9,0,0,0,0,0,0,1,0,0,0,0,0,0,1,0,0,10,10,1,7
Kpnb1,15,40,35,15,31,13,30,17,12,26,48,6,23,6,19,2,29,32,7,35,24,12,2,21,3,14,7,41,21,28,13,7,19,27,0,12,29,8,7,34,7,30,0,36,16,7,25,33,22,2,39,1,15,9,3,18,41,40,31,6,21,39,10,24,1,12,0,1,19,16,27,5,52,8,24,42,26,40,17,0,38,2,29,16,3,4,5,8,20,17,4,0,29,8,31,26,16,28,10,2,5,19,0,11,16,39,4,30,3,27,34,42,18,26,5,33,6,14,2,2,5,38,1,17,14,8,0,1,37,7,20,41,11,27,0,22,39,21,21,42,20,10,33,4,0,22,26,40,8,11,5,18,24,0,10,7,7,0,32,19,5,41,29,11,16,25,20,32,27,1,40,24,25,9,12,3,38,1,26,1,38,13,28,17,5,13,39,32
Kras,15,2,6,3,0,0,0,3,11,7,7,2,0,18,10,1,19,9,18,4,1,3,7,0,5,14,7,4,4,3,0,0,9,3,15,0,4,0,1,1,3,2,5,18,11,9,1,0,2,3,1,0,11,1,1,1,0,20,4,0,11,2,22,2,1,0,3,1,9,16,6,3,0,2,2,2,1,5,8,9,0,7,0,17,11,20,0,0,2,1,2,14,0,6,10,0,4,0,1,7,1,16,14,2,0,20,13,2,7,0,19,1,3,0,0,1,10,2,5,3,8,0,17,7,11,0,7,10,6,18,0,3,1,4,10,0,1,0,2,9,3,9,6,8,2,7,0,11,7,18,4,0,2,17,18,2,5,1,2,5,20,9,2,4,6,10,3,12,4,7,15,9,13,1,4,5,3,6,0,19,3,8,0,6,6,3,2,18
Lama3,0,1,0,0,0,2,0,0,0,0,1,6,3,0,0,0,0,0,0,0,0,0,3,0,0,0,0,6,3,2,0,0,0,0,3,1,0,1,0,4,0,0,4,6,0,0,0,0,0,5,0,5,0,0,2,0,0,10,0,0,6,0,1,0,0,0,0,0,0,4,0,0,0,0,0,0,6,0,0,0,0,0,0,3,7,0,0,0,1,0,0,0,1,6,0,0,0,7,2,1,0,0,0,0,0,5,0,0,3,3,0,0,10,1,3,0,0,0,0,0,2,7,0,0,0,0,0,0,0,0,5,0,0,2,0,0,0,3,0,5,0,0,4,10,0,4,3,0,0,0,0,0,8,1,0,0,3,0,4,0,0,0,2,0,0,0,3,2,6,0,0,0,4,0,0,0,1,0,0,3,2,0,10,2,0,0,0,1
Larp4,0,4,0,2,0,0,0,11,0,0,7,0,9,0,7,0,0,0,0,0,4,0,0,11,0,0,0,0,8,0,13,1,7,3,0,0,0,0,0,7,6,0,0,0,0,0,8,7,0,0,0,7,0,0,5,0,7,1,7,10,0,9,2,0,8,1,0,0,13,0,7,0,0,11,11,0,8,3,0,1,2,0,0,0,12,9,0,0,0,0,6,2,10,0,0,0,0,2,7,0,0,0,0,1,6,0,0,1,7,0,5,0,1,10,0,0,0,9,5,0,0,0,0,3,0,0,6,0,0,2,13,10,0,1,0,2,0,0,0,14,6,0,0,0,0,0,0,7,4,0,0,0,0,2,0,0,12,0,0,10,0,0,0,0,0,8,0,0,0,5,0,0,3,0,0,0,10,6,7,0,0,3,12,0,0,0,7,0
Lasp1,15,0,5,4,11,0,0,15,1,9,0,0,0,1,14,0,8,0,0,0,0,14,0,9,13,8,0,6,10,1,11,0,2,0,1,4,1,0,0,0,0,13,7,0,0,7,0,0,0,12,1,0,0,0,0,1,14,12,10,0,0,9,7,5,0,0,0,0,2,6,0,1,0,7,0,0,11,13,0,10,0,0,9,0,0,2,0,0,0,0,0,0,9,0,7,0,0,0,7,0,16,0,6,0,13,0,0,0,0,1,6,0,7,0,11,2,2,1,0,0,4,5,8,0,7,0,6,0,0,13,0,0,4,0,3,0,0,0,0,11,7,23,0,0,12,11,0,15,6,0,14,2,1,0,0,0,0,3,5,0,8,0,8,0,10,7,7,0,11,0,1,0,13,0,9,16,0,13,13,11,7,0,0,0,0,0,2,0
Ldha,36,35,29,20,35,33,22,35,49,6,47,22,27,23,23,34,19,15,12,25,3,22,36,43,29,12,7,5,33,7,13,30,19,24,23,6,20,12,21,24,33,51,35,33,41,33,28,5,34,11,53,37,6,52,28,35,41,30,19,10,24,26,33,29,25,27,50,34,13,31,52,9,21,22,25,21,9,47,26,4,30,38,33,15,7,19,35,36,8,28,41,31,38,18,20,16,36,42,31,37,27,30,14,10,15,33,46,38,39,23,29,14,27,2,23,10,22,10,13,37,20,27,44,30,41,9,22,23,11,43,18,39,27,17,0,19,33,25,33,17,46,31,28,47,45,19,43,25,15,35,10,40,27,29,19,34,4,30,45,42,36,18,22,39,31,16,30,34,22,21,26,57,29,45,34,32,35,24,27,56,13,28,24,11,12,27,41,4
Letm1,8,5,0,0,4,5,1,6,0,1,2,2,0,1,0,5,3,7,4,2,0,6,2,4,2,1,2,2,1,3,6,0,0,0,0,4,3,4,2,2,0,5,2,4,2,0,1,4,4,6,7,0,0,6,0,0,1,0,2,0,0,0,0,0,0,0,2,3,0,1,2,4,1,2,1,2,0,0,2,6,1,2,3,1,1,0,0,1,2,3,1,4,0,1,0,4,3,3,0,3,0,0,4,7,0,3,7,1,7,0,0,3,5,4,3,0,5,0,4,5,2,0,1,1,3,0,4,4,0,1,8,3,1,5,0,4,2,0,0,2,1,4,4,0,3,0,3,1,0,4,10,2,4,1,0,2,2,1,1,3,6,0,8,0,3,1,7,3,0,3,0,0,1,5,7,1,0,0,2,2,0,5,0,0,1,0,1,0
Lig1,7,1,4,13,3,0,6,1,19,13,13,7,6,14,8,10,9,6,8,9,20,0,1,15,16,12,13,23,14,4,18,11,25,14,11,0,5,25,23,11,6,7,0,8,3,19,15,4,26,10,15,2,0,14,4,2,17,16,0,0,2,1,2,12,0,12,6,6,3,9,10,10,10,18,21,20,11,17,9,21,22,27,0,17,7,13,0,5,5,15,19,0,22,3,9,17,9,13,23,24,19,3,7,18,2,2,1,7,8,13,32,9,10,18,7,14,17,14,25,12,12,6,14,5,13,0,8,0,12,23,0,0,0,9,21,10,23,12,22,3,19,12,3,4,10,1,14,0,21,11,28,10,1,9,2,9,0,3,11,15,4,0,7,21,5,18,3,1,14,8,8,9,15,5,27,3,15,4,6,1,4,14,16,0,6,18,11,9
Lman1,2,1,6,1,12,1,3,1,7,12,1,12,1,2,1,0,6,1,1,2,2,1,12,5,0,0,10,4,4,4,3,1,12,1,6,7,10,1,1,0,7,7,6,9,2,0,11,2,3,1,5,4,4,3,4,4,1,7,2,5,0,1,8,11,1,4,0,1,0,2,11,0,0,0,0,4,8,1,1,2,0,0,10,3,12,16,0,2,5,16,1,3,2,3,0,4,0,4,11,3,19,5,10,7,2,6,0,3,0,2,0,3,0,1,0,3,2,13,0,0,0,4,3,6,7,4,11,2,1,2,4,3,5,11,8,6,7,7,5,11,7,8,7,1,1,10,13,1,9,1,2,0,3,8,6,1,7,1,16,0,2,0,0,5,5,2,2,4,0,0,2,1,2,3,0,2,0,1,4,8,5,7,0,0,5,0,0,12
Lmnb1,15,6,7,1,4,4,15,4,13,11,7,0,1,5,1,6,3,1,9,1,0,7,12,4,1,8,0,8,2,7,6,3,5,5,10,1,16,8,0,10,13,4,13,0,0,1,12,11,4,4,14,9,7,5,0,3,12,2,1,8,12,6,0,0,4,4,10,1,13,6,2,13,15,9,0,1,3,0,16,1,1,6,10,9,0,4,9,13,2,8,0,4,1,10,0,5,8,4,6,0,1,6,7,2,14,9,8,2,2,5,9,0,12,9,4,8,4,5,0,1,6,4,3,1,5,8,1,8,7,2,1,17,5,19,6,9,5,1,1,0,13,0,0,0,1,0,1,1,15,5,8,0,4,1,9,12,6,5,5,1,12,0,2,3,0,6,11,7,9,2,6,5,6,2,9,6,4,2,6,1,15,10,2,0,2,13,7,7
Luc7l3,0,15,8,15,0,0,1,12,1,0,0,12,11,14,22,1,0,0,0,0,0,0,0,0,9,0,0,8,0,0,0,14,0,0,0,0,0,0,13,0,0,4,13,14,0,0,0,0,0,0,17,0,0,0,0,0,0,0,0,0,0,10,0,18,4,0,1,0,0,0,3,16,0,6,20,0,0,0,0,0,13,0,0,0,16,2,0,10,0,14,0,0,7,0,3,15,0,13,11,3,0,6,17,0,0,0,1,0,2,0,16,0,0,0,0,0,0,0,0,0,0,0,9,15,0,0,2,0,9,21,0,5,14,13,0,0,0,11,0,0,0,1,10,14,0,0,0,0,3,0,0,11,5,0,0,0,0,0,9,0,12,9,13,13,17,0,0,0,0,11,0,0,0,0,17,0,1,0,0,0,0,0,0,2,0,16,0,0
Luzp1,0,0,0,0,0,18,9,0,0,8,7,0,0,0,3,0,0,0,0,0,0,0,0,0,0,0,0,0,0,3,0,0,1,0,0,0,0,6,0,0,0,1,0,0,0,0,0,0,0,0,0,4,0,0,0,0,0,11,0,0,0,4,0,0,0,3,0,0,0,0,0,3,0,2,0,0,1,0,0,0,0,0,0,0,0,0,0,0,0,23,0,0,0,0,0,0,0,0,0,0,0,4,1,0,0,0,0,0,0,0,0,0,0,0,0,0,1,1,1,7,0,0,0,0,0,0,0,0,0,0,7,18,0,4,3,0,0,0,0,0,0,7,0,0,0,0,0,0,0,0,0,0,0,0,0,1,0,0,0,0,3,0,2,0,0,0,4,0,0,0,0,7,0,0,0,0,0,0,3,0,0,0,0,0,3,0,0,0
Maea,0,4,6,0,0,13,8,0,10,12,0,3,16,10,10,0,0,9,10,12,16,0,4,8,0,1,11,0,0,9,7,12,14,0,7,12,0,12,12,14,13,0,0,0,15,6,7,0,0,0,0,10,0,9,3,0,0,8,0,0,8,0,0,6,11,7,2,0,0,0,7,0,0,2,0,0,9,0,7,0,0,0,0,8,0,7,0,0,0,8,0,9,0,0,0,0,11,15,6,0,2,0,9,0,3,11,0,0,12,0,10,15,0,5,8,0,2,7,4,3,0,8,13,9,3,12,11,7,0,12,2,11,8,0,13,5,5,0,8,0,5,0,9,2,0,9,6,1,0,0,5,8,0,0,12,12,0,0,0,0,0,12,1,2,0,10,0,0,7,0,0,10,0,0,0,0,9,1,0,10,0,11,0,0,18,7,8,1
Mapk1,1,7,0,7,0,12,0,0,5,7,1,4,0,1,11,6,2,3,1,9,0,2,8,3,10,3,6,5,1,8,13,1,5,3,1,2,2,8,8,13,13,2,5,0,4,5,2,10,11,0,8,11,2,1,3,2,9,0,0,4,3,2,6,7,1,1,8,4,2,0,2,7,2,3,3,7,1,0,1,8,2,14,5,6,1,0,3,5,0,7,6,3,0,0,7,1,0,10,1,4,4,5,5,2,1,4,9,5,0,0,2,2,5,1,1,6,3,5,0,3,11,0,6,3,1,3,4,10,0,2,3,6,1,2,11,9,0,12,1,0,2,0,1,0,0,1,2,5,1,6,1,0,2,4,1,5,8,0,5,5,1,6,2,10,6,0,11,6,5,2,1,3,3,3,6,9,8,1,1,9,3,5,4,5,4,5,2,4
Mars,28,35,0,26,7,9,0,3,2,0,1,0,1,3,22,2,3,12,15,12,0,1,40,9,0,6,28,3,7,20,1,0,32,0,44,23,30,34,0,9,48,0,0,18,33,0,4,2,19,2,9,46,0,1,0,43,10,8,17,6,15,0,12,43,15,9,7,16,20,0,5,28,42,9,17,0,4,2,2,19,8,4,0,5,31,30,32,20,9,6,29,12,0,0,46,13,10,19,36,10,1,40,0,10,49,41,30,47,5,16,0,5,42,20,19,8,4,5,15,7,24,3,21,12,0,10,32,39,0,17,0,11,6,6,18,2,0,24,29,10,0,16,1,42,1,53,35,35,19,5,1,22,23,32,33,9,0,0,53,25,2,6,4,3,4,0,37,28,1,0,47,0,15,12,3,6,27,32,32,24,4,53,21,1,0,1,41,7
Matr3,0,11,1,0,0,5,0,13,2,7,8,0,5,0,3,0,4,0,12,3,0,9,4,4,2,2,0,12,13,0,0,13,4,12,0,8,8,0,2,0,0,9,7,8,8,3,10,1,2,9,1,6,3,10,1,13,1,0,0,9,0,1,12,17,9,0,0,3,6,0,0,0,2,6,0,0,10,3,3,0,0,3,3,4,0,0,13,3,1,3,0,5,1,0,2,0,0,20,1,9,3,9,10,4,2,6,9,4,4,0,7,0,0,6,0,7,11,0,0,6,0,3,12,11,8,7,10,0,1,9,8,2,8,10,10,13,4,0,14,3,0,7,0,12,0,0,10,5,0,0,0,0,4,14,10,0,6,10,0,9,0,4,5,9,0,1,0,11,0,0,11,8,0,1,3,2,0,0,2,3,8,3,10,6,0,2,9,8
Mbtps1,4,6,4,5,3,0,4,0,0,0,4,7,1,1,1,0,1,5,3,0,5,1,0,0,1,3,1,2,2,2,7,4,5,0,0,0,0,3,0,1,5,0,0,1,5,8,0,0,0,1,1,4,4,4,6,7,3,4,0,0,8,0,4,5,2,3,7,4,0,0,6,7,3,6,0,0,1,1,9,4,0,2,5,4,4,0,3,4,0,0,1,0,0,5,0,6,4,2,3,0,3,5,0,7,0,6,2,2,4,0,4,2,3,1,2,0,3,0,0,3,0,0,2,0,2,0,4,2,0,5,0,3,2,3,0,7,4,5,2,6,1,4,0,4,0,0,6,0,0,0,0,1,7,3,6,5,0,2,4,7,3,3,3,1,12,0,0,3,1,2,0,2,0,1,0,2,1,4,0,6,0,4,0,0,6,3,0,0
Mea1,5,3,0,0,11,3,6,7,0,1,2,2,3,1,0,3,3,3,1,6,7,5,8,9,7,2,2,2,3,5,6,1,11,4,1,0,4,1,2,4,8,1,1,5,1,1,6,0,0,8,0,2,5,0,0,3,3,3,1,1,1,1,0,8,0,9,0,6,1,3,3,4,9,4,1,5,1,8,0,8,5,3,7,0,4,4,3,0,4,3,1,13,4,10,1,0,2,3,5,2,2,8,0,0,0,7,0,4,0,6,0,0,0,3,4,2,7,2,3,2,2,0,4,3,6,7,4,4,8,7,4,2,4,6,9,0,1,1,1,3,8,1,0,2,2,7,2,0,4,2,3,3,6,0,1,0,0,3,0,0,3,3,3,3,0,11,4,5,2,4,0,0,6,2,2,7,4,0,8,0,0,4,0,3,0,1,5,1
Med17,0,0,2,5,3,7,3,5,5,0,3,1,3,0,0,0,0,0,0,2,1,0,5,0,1,3,0,3,0,0,0,0,1,0,1,0,0,0,0,0,2,3,5,0,1,2,6,4,0,0,0,0,0,0,7,2,0,1,0,4,1,0,5,2,1,0,6,0,1,0,2,4,6,0,0,0,0,6,0,0,0,0,6,5,0,0,7,0,0,0,3,6,0,0,0,0,0,3,0,0,1,5,0,2,0,2,0,1,0,3,5,0,4,0,8,0,0,0,0,2,0,0,9,4,0,5,3,0,0,0,0,0,0,1,0,0,0,0,0,0,0,0,0,0,0,0,5,4,0,0,11,0,1,2,0,0,0,0,1,4,0,8,0,4,0,4,7,1,0,3,1,5,0,9,0,2,2,3,4,0,3,0,0,0,0,4,0,1
Med28,10,1,5,9,5,4,11,8,1,9,13,2,1,6,12,3,10,12,9,14,9,5,6,12,9,11,2,5,2,1,3,4,4,11,0,5,4,0,10,10,3,3,4,5,0,1,2,2,3,8,4,6,12,7,3,4,5,7,2,4,1,1,9,1,8,5,2,8,17,6,1,5,0,4,3,2,15,1,5,4,10,0,1,16,6,0,16,8,6,9,10,9,5,15,3,7,4,8,7,16,13,11,20,0,0,8,5,18,9,4,6,0,4,7,2,10,2,6,9,6,4,1,7,1,4,9,11,1,5,4,12,4,3,8,29,4,3,6,2,5,4,8,3,14,5,15,16,3,5,4,7,1,3,0,10,3,15,1,0,10,3,12,5,5,11,6,0,1,18,3,1,3,10,12,3,8,2,2,4,5,11,5,7,5,3,9,4,3
Metap2,7,15,3,21,22,8,3,13,0,2,6,3,19,10,0,5,6,3,16,7,0,10,1,3,16,9,0,5,11,26,16,2,6,20,4,22,3,2,10,17,14,9,13,8,2,3,12,10,7,9,16,9,2,20,11,15,19,15,29,18,23,27,12,5,9,32,28,7,4,4,4,13,5,7,14,11,2,9,4,13,0,7,7,15,5,4,7,2,4,25,15,10,7,17,5,5,13,2,20,20,4,24,22,9,20,17,3,16,19,7,14,5,13,0,1,13,13,5,22,20,10,3,13,4,8,10,7,7,0,0,14,4,1,7,6,15,10,4,19,14,8,22,2,7,3,3,17,2,3,5,9,3,9,9,5,10,20,4,6,19,10,12,5,26,9,19,12,18,17,11,9,15,6,7,8,10,2,18,0,2,2,2,22,6,1,21,32,1
Mfn1,1,4,3,0,0,0,3,4,6,1,2,3,0,4,0,0,2,0,1,0,4,6,4,1,0,2,0,0,4,2,5,5,4,0,0,1,4,1,2,5,4,3,4,1,0,1,4,5,5,0,4,0,3,5,0,0,1,0,4,0,5,5,0,1,0,0,0,0,3,1,6,4,0,2,8,6,3,1,1,0,0,5,3,0,2,2,2,0,7,7,0,0,9,0,7,5,0,0,3,0,7,5,6,1,2,0,2,0,1,0,1,7,0,4,4,4,6,1,4,3,0,0,6,0,4,5,5,5,0,6,1,0,1,4,3,9,2,4,0,4,5,3,0,2,0,2,1,0,1,0,0,8,6,5,2,6,2,0,6,3,3,1,6,0,4,1,4,5,3,2,0,1,2,0,0,1,0,4,0,0,2,0,0,1,9,0,7,0
Mga,2,2,4,6,4,8,3,13,11,8,5,7,14,11,15,1,10,4,14,1,2,10,8,5,15,8,3,20,2,7,6,9,5,2,11,2,1,0,9,6,5,7,12,8,6,19,12,2,7,2,6,3,3,4,3,4,12,3,2,9,6,4,4,9,14,3,2,13,2,0,1,11,5,6,4,8,8,14,4,5,7,14,1,19,10,6,10,6,11,9,10,5,0,12,18,2,5,5,1,8,12,2,8,12,8,5,15,6,4,6,4,6,9,9,1,6,0,15,28,3,0,3,4,8,2,8,5,18,1,3,2,0,9,13,1,6,7,5,1,0,25,6,2,10,1,12,12,3,6,7,7,3,6,3,5,4,1,2,6,7,6,3,1,4,9,16,7,0,10,11,1,5,4,5,13,9,2,9,11,2,9,13,10,2,2,8,5,4
Mki67,0,4,11,3,0,0,0,3,6,0,0,8,2,0,9,2,2,3,7,0,0,4,0,3,3,0,2,0,3,5,5,4,7,0,3,3,10,0,3,0,1,9,0,8,0,4,0,4,0,0,0,0,1,3,0,1,0,0,0,0,0,0,8,6,1,0,0,10,0,2,2,10,4,0,5,8,6,0,5,9,0,0,20,5,3,4,0,1,0,2,7,0,1,4,1,0,0,4,6,7,1,0,1,5,2,9,4,8,0,2,6,6,0,5,1,14,4,3,4,6,5,2,9,1,0,0,3,0,7,9,5,0,8,6,2,0,2,5,0,0,0,10,0,14,0,0,5,4,0,1,1,0,0,11,1,9,3,1,3,1,3,9,2,2,3,3,3,1,9,1,14,0,0,3,0,9,6,0,1,3,7,0,3,0,0,9,15,2
Mkln1,1,0,3,0,0,0,4,1,0,0,4,0,0,1,1,0,2,1,0,1,4,0,2,5,0,2,0,0,1,0,0,0,0,1,6,0,0,1,2,0,1,4,0,4,0,0,2,4,5,5,2,0,1,5,4,0,0,1,0,0,3,4,4,0,3,5,0,0,0,0,0,0,0,0,0,0,2,0,1,2,7,0,0,7,8,1,1,1,2,1,2,0,5,0,1,1,3,2,0,0,0,0,3,4,1,0,0,0,3,0,0,4,0,1,0,0,7,6,4,0,0,1,0,1,0,5,2,4,0,7,6,0,0,0,0,3,6,2,3,0,0,6,0,0,0,7,0,0,0,0,2,1,0,0,2,5,0,2,3,0,0,1,3,1,4,3,5,2,0,0,5,0,0,1,0,0,3,0,2,2,0,0,0,2,4,5,0,0
Mkrn1,19,38,17,15,4,24,10,4,18,21,7,18,31,22,18,9,15,13,25,2,1,32,2,8,9,2,6,9,22,3,40,1,5,21,22,7,19,17,8,7,30,5,11,26,21,26,16,17,24,12,6,24,29,9,8,5,5,15,21,17,17,22,3,1,35,23,13,19,24,23,20,0,6,53,1,4,10,18,4,10,19,13,3,8,15,8,11,25,6,26,13,36,21,13,21,5,3,8,32,35,9,11,16,4,11,12,21,21,7,23,23,42,10,6,9,18,13,19,8,14,15,18,2,1,12,7,7,1,0,4,32,1,5,4,2,14,3,26,3,18,25,36,22,4,0,4,28,25,29,16,15,12,34,21,14,15,5,12,14,37,15,19,13,25,12,14,5,17,22,19,26,4,24,25,11,13,21,17,8,21,21,30,7,5,12,17,48,13
Mlec,10,10,5,6,24,10,7,10,4,8,7,6,14,13,0,14,3,7,14,22,24,14,4,13,10,11,11,5,1,8,17,1,14,16,18,0,10,8,3,3,13,14,14,9,6,6,1,8,16,21,22,2,16,2,3,22,3,10,15,7,6,16,16,12,8,14,4,20,7,10,21,13,12,20,19,5,5,3,22,8,2,12,4,16,7,7,13,0,18,2,5,7,15,10,6,4,16,7,11,16,18,6,6,4,19,6,7,21,9,17,9,7,7,11,5,3,20,8,9,10,16,16,9,20,11,0,9,1,14,17,5,9,5,2,2,6,0,5,5,0,5,11,12,7,0,6,9,17,9,18,9,0,8,19,12,11,1,2,20,5,1,8,12,1,17,16,10,10,5,5,20,2,10,3,4,7,13,1,3,5,17,19,20,1,15,6,8,4
Mri1,1,0,0,0,16,0,1,4,7,1,1,1,6,0,3,0,7,0,1,0,0,0,0,2,0,0,0,1,0,0,0,0,3,0,0,0,2,4,6,0,0,0,0,0,5,0,0,0,0,12,0,0,5,1,1,6,2,4,0,9,0,0,0,3,8,5,0,0,0,0,2,9,0,0,0,4,0,4,0,11,0,0,0,12,0,0,0,0,0,0,0,0,0,1,5,0,13,0,7,0,10,0,8,0,3,0,0,0,0,5,0,0,12,0,2,0,12,0,4,6,0,0,5,10,8,9,6,8,0,0,0,1,0,0,6,0,0,0,5,0,0,0,7,0,13,0,0,0,1,0,1,0,12,0,6,5,0,7,0,0,10,0,0,0,3,0,0,0,9,7,0,12,6,0,0,0,10,0,0,0,7,6,0,0,0,0,9,8
Mrpl11,9,2,2,8,0,2,5,7,3,6,3,4,3,0,10,0,1,0,6,5,5,0,2,4,0,1,0,8,4,3,8,6,6,4,3,1,5,3,8,0,5,0,1,6,7,1,0,5,5,0,9,1,6,7,4,4,7,1,3,0,0,4,3,7,0,0,0,5,1,1,3,7,0,8,3,4,5,7,0,2,2,6,4,4,3,7,10,6,6,7,5,0,0,2,0,0,3,3,3,0,5,5,7,2,4,8,4,0,4,5,2,9,5,4,2,4,10,1,3,1,7,4,3,5,0,0,1,7,1,4,8,0,6,3,1,5,0,7,3,4,9,3,1,0,1,1,4,6,2,0,10,3,2,1,6,0,4,0,7,0,5,1,0,3,5,2,4,1,4,2,0,6,4,3,0,0,2,6,2,7,1,6,0,4,1,5,5,7
Mrpl15,1,1,10,25,16,2,21,14,7,7,14,10,2,2,6,17,17,7,4,5,6,17,8,15,9,1,3,25,13,1,1,0,23,6,14,2,6,13,17,9,13,2,3,15,4,12,7,9,15,15,2,18,13,3,12,18,9,0,22,16,7,15,7,17,6,11,6,0,9,13,2,23,9,7,9,8,7,17,18,27,1,11,7,14,13,3,4,14,29,23,5,5,11,4,13,15,3,18,8,1,9,9,28,3,13,14,16,15,22,17,23,16,13,25,16,0,10,29,19,27,6,0,7,0,2,4,14,13,0,10,11,42,19,19,6,8,1,5,9,2,20,7,16,18,17,10,6,6,3,22,18,6,2,1,2,7,7,11,8,3,20,6,2,17,3,5,5,15,11,0,6,0,17,5,7,0,25,15,5,14,5,13,0,2,4,4,17,13
Mrpl17,12,18,35,34,11,8,15,9,34,18,14,22,0,28,13,4,22,22,12,6,7,21,18,15,15,5,17,7,10,9,16,10,11,13,27,24,17,13,24,28,12,1,26,24,1,12,20,10,10,17,6,8,15,23,21,10,0,21,18,5,16,20,3,4,3,3,5,19,17,23,12,8,7,30,5,0,27,12,22,2,13,12,4,34,14,17,24,22,12,9,12,5,8,12,14,21,16,31,1,23,37,17,13,10,21,7,4,12,18,3,32,1,30,17,15,23,21,18,15,12,6,10,25,30,7,2,23,19,11,3,12,3,14,14,25,15,8,14,13,3,8,33,1,10,18,0,32,8,3,23,2,6,15,11,23,7,19,21,26,20,12,3,14,9,19,33,7,7,5,28,7,7,4,14,16,3,15,9,38,16,42,22,12,9,26,0,39,3
Mrpl20,4,17,4,2,13,9,11,8,0,10,2,9,3,3,0,0,1,2,12,17,1,2,12,7,8,9,0,8,26,4,9,5,1,14,1,3,4,14,1,7,3,2,10,3,13,3,4,4,17,5,1,16,7,13,4,2,2,9,4,5,14,5,2,2,11,5,8,9,3,3,23,3,0,2,3,1,8,15,12,7,6,8,3,1,12,8,13,15,11,12,3,6,6,48,11,7,0,0,5,12,19,4,4,8,1,13,8,6,43,9,8,15,1,3,9,6,1,22,2,5,3,6,10,1,0,5,8,7,17,7,3,0,1,10,15,4,27,7,1,7,7,1,17,5,1,0,7,13,2,4,25,4,8,3,2,9,3,5,12,1,3,3,7,3,8,4,10,8,14,9,3,14,13,3,0,1,8,6,10,5,2,16,8,3,0,5,2,4
Mrpl24,0,0,1,0,0,0,3,4,0,0,0,0,6,1,0,1,6,0,0,4,11,0,9,0,0,1,4,0,3,0,0,0,1,0,0,0,0,4,0,6,0,5,0,1,0,8,0,15,0,0,0,0,2,0,5,0,0,0,0,3,0,0,0,0,0,8,0,0,0,0,6,0,1,0,9,0,0,0,0,0,0,0,0,0,0,0,2,0,0,5,0,7,0,0,1,0,0,0,0,1,1,0,0,12,0,16,0,0,0,0,0,0,0,2,3,0,0,12,0,0,9,0,3,0,13,0,1,0,0,0,0,3,1,0,0,0,0,2,0,0,5,0,0,2,9,0,0,0,0,6,0,0,0,0,0,0,0,0,0,1,0,0,0,0,8,0,0,1,3,0,0,1,0,0,0,2,0,5,1,0,0,0,0,5,0,0,7,14
Mrpl35,0,1,0,10,0,0,0,0,0,0,13,2,0,0,0,3,18,0,0,0,9,0,0,0,0,0,0,1,0,4,0,0,0,7,0,0,3,10,0,10,7,3,10,0,0,0,0,0,0,0,0,0,0,8,0,0,0,5,1,0,0,0,15,0,0,0,0,0,0,0,0,0,0,0,17,0,20,5,13,0,0,0,12,1,0,0,3,0,13,0,0,0,0,0,0,0,0,11,0,0,0,4,7,21,0,0,11,0,8,9,0,5,14,12,0,0,8,9,0,0,0,0,0,0,0,0,2,0,0,0,0,0,4,0,0,0,0,0,12,7,7,0,0,0,1,0,1,0,0,10,0,0,0,10,0,0,0,13,12,0,5,0,0,0,1,0,0,0,8,0,1,0,0,0,12,0,0,0,0,0,0,14,0,0,2,0,0,0
Mrpl38,4,0,4,4,8,0,0,0,4,0,3,0,6,3,0,0,0,0,4,0,1,0,1,3,2,2,0,2,3,3,3,0,4,13,7,1,0,4,2,6,0,5,0,4,4,4,5,5,0,0,7,2,2,6,0,6,1,1,0,4,9,1,6,5,2,9,9,4,0,0,2,5,0,2,1,4,1,1,4,1,1,1,0,2,0,0,0,0,0,1,8,3,0,0,1,2,4,2,0,3,0,6,4,0,0,0,0,9,1,0,7,0,1,5,5,8,0,8,0,4,4,3,0,5,1,1,2,0,0,7,0,0,2,4,6,0,5,7,5,1,6,1,3,0,3,4,1,0,1,0,3,4,6,1,3,4,4,0,2,0,0,4,0,0,0,5,0,0,7,0,4,1,5,2,0,0,4,4,1,9,0,4,1,6,2,4,0,0
Mrpl40,1,4,0,3,11,2,4,2,4,6,12,5,8,10,2,1,3,18,3,1,1,0,1,7,11,1,0,10,0,7,2,1,13,12,3,10,1,14,1,7,0,7,6,18,1,7,2,14,16,5,9,6,1,5,3,4,0,8,15,9,4,0,0,4,4,10,2,6,13,4,6,2,3,2,9,7,5,1,12,0,6,5,18,11,17,7,6,15,1,6,13,6,8,5,3,2,11,5,16,4,1,8,2,1,3,5,12,2,2,0,5,16,3,13,0,9,4,1,2,3,15,9,19,4,2,0,6,6,7,4,0,7,1,6,7,8,2,3,4,1,1,13,5,1,6,3,1,5,3,4,10,11,9,1,3,1,19,20,8,11,0,2,8,5,4,7,4,2,12,2,8,4,6,0,9,5,7,1,3,5,1,2,3,0,5,0,14,6
Mrpl47,4,3,0,5,7,3,9,8,8,5,7,18,10,0,5,2,0,3,2,3,3,14,5,4,4,1,4,6,5,4,8,2,6,8,7,17,4,1,4,2,6,1,1,2,7,6,7,4,7,9,7,9,0,3,2,13,8,2,3,9,4,1,7,2,4,4,12,6,4,0,3,4,1,9,2,5,11,9,4,6,5,1,6,3,7,0,5,3,2,3,5,0,0,5,2,6,6,4,13,4,6,0,6,1,4,7,3,3,6,3,1,7,2,10,4,7,9,10,0,3,11,5,7,3,7,1,5,6,1,12,6,3,7,5,12,6,4,9,2,4,1,4,10,0,8,5,2,7,4,1,3,9,0,2,3,1,0,0,6,7,3,8,3,23,9,9,10,2,4,3,7,2,4,4,3,3,6,20,3,10,4,0,5,2,3,5,11,7
Mrps14,0,0,0,0,0,0,29,0,25,0,0,0,0,10,0,0,0,0,0,0,16,0,0,0,0,2,0,0,0,0,0,0,0,0,0,0,0,0,0,0,0,0,0,0,0,0,0,0,0,0,0,0,0,0,0,0,0,0,0,0,0,0,0,0,0,0,0,0,0,37,0,14,0,0,0,0,0,0,0,0,0,0,0,0,0,0,0,0,0,24,30,0,0,0,0,0,0,0,0,0,0,0,0,0,0,0,0,0,0,0,0,0,0,0,0,0,24,0,0,0,0,0,0,0,0,0,0,0,0,0,0,0,0,0,0,0,0,0,0,0,0,0,0,0,0,0,0,0,0,0,0,0,1,0,0,0,0,0,0,0,0,0,0,0,0,0,0,8,0,0,0,0,0,0,0,0,0,0,0,0,0,0,0,0,0,0,0,0
Msto1,2,2,0,0,0,0,4,1,4,10,2,4,6,5,5,0,0,1,11,2,0,4,0,3,0,0,1,0,5,6,0,5,5,1,1,1,1,1,0,10,2,0,0,1,4,6,0,6,2,10,2,0,2,0,10,11,4,0,4,8,1,1,0,1,1,0,2,0,0,2,3,6,1,6,1,3,8,5,8,16,0,0,0,3,1,0,0,0,7,6,8,11,0,3,1,4,0,2,1,6,5,0,0,0,1,0,7,2,0,0,0,2,9,6,0,0,7,0,3,0,1,1,0,0,5,8,1,1,1,5,1,0,1,0,0,5,0,2,1,0,0,2,5,2,3,3,6,1,7,3,1,5,0,0,0,1,10,2,5,0,0,3,6,2,0,0,0,5,0,0,5,0,0,5,6,1,9,0,0,0,12,0,0,3,0,1,0,2
Mtch2,0,0,0,0,0,0,0,0,0,0,0,0,0,0,0,0,0,0,0,0,0,0,0,0,0,0,0,0,0,0,0,0,0,0,0,0,0,0,0,0,0,0,0,0,0,0,0,0,0,0,0,0,0,0,0,0,0,0,0,0,0,0,0,0,0,0,0,0,0,0,0,0,0,0,0,0,0,0,0,0,0,0,0,0,0,0,0,0,0,0,0,0,0,0,0,0,0,0,0,0,0,0,0,0,0,0,0,0,0,0,0,0,0,0,0,0,0,0,0,0,0,0,0,0,0,0,0,0,0,0,0,0,0,0,0,0,0,0,0,0,0,0,0,0,0,0,0,0,0,0,0,0,0,0,0,0,0,0,0,0,0,0,0,0,0,0,0,0,0,0,0,0,0,0,0,0,0,0,0,0,0,0,0,0,0,0,0,0
Mterfd1,0,1,0,0,0,1,0,0,0,0,4,0,0,0,0,0,0,4,0,0,0,0,0,0,6,4,0,0,2,0,0,8,2,6,5,6,4,2,0,0,0,0,0,0,4,0,0,3,2,1,0,0,0,5,0,0,0,0,1,0,0,3,3,0,0,4,3,0,1,0,0,3,4,5,0,3,2,0,0,4,0,4,0,0,6,0,0,0,1,0,0,0,0,4,2,0,1,0,0,0,0,4,0,3,0,0,2,0,0,0,0,6,0,6,4,0,3,0,0,0,0,0,5,4,0,5,4,0,2,0,4,0,0,1,0,0,0,0,0,0,0,0,5,5,0,0,0,0,3,0,0,1,0,0,2,0,1,0,8,4,0,0,6,0,0,0,0,0,0,4,0,3,3,6,0,8,8,5,6,0,2,0,0,7,6,7,0,0
Mtf2,5,6,14,5,3,0,10,15,7,12,0,5,9,12,12,8,6,9,5,18,8,5,10,4,12,7,4,0,7,5,9,1,13,13,10,6,15,19,9,11,15,9,3,8,14,6,5,10,4,7,15,3,19,5,15,5,5,2,4,5,2,13,5,5,2,5,9,8,10,12,1,5,11,14,3,13,1,14,7,18,6,23,12,10,10,8,26,3,16,3,14,9,11,4,12,10,7,6,3,13,6,5,9,5,1,6,6,7,8,8,3,4,19,13,5,20,4,10,6,2,8,9,0,7,12,1,14,7,3,11,3,11,3,13,15,2,7,14,16,5,20,5,6,15,8,7,7,3,7,6,2,25,4,5,16,1,5,12,9,6,10,11,3,3,8,8,6,9,12,14,1,2,12,2,13,5,9,0,11,21,6,17,1,10,9,2,10,5
Mthfd1l,0,2,7,3,2,5,8,3,2,2,1,3,0,3,6,2,9,1,0,4,1,1,2,6,3,1,4,8,7,1,4,6,3,4,7,9,6,0,2,0,6,5,4,4,2,0,1,0,4,4,11,5,4,7,0,5,4,7,0,0,5,1,4,3,3,1,5,4,3,1,1,3,0,7,2,3,5,7,8,3,0,4,3,4,0,2,3,5,1,5,0,6,2,3,3,1,7,3,3,5,0,7,3,9,0,1,8,3,0,1,1,1,4,0,9,5,2,4,1,6,5,0,3,1,0,0,2,4,3,4,1,1,5,4,3,0,3,5,2,3,0,3,9,10,2,6,11,1,3,0,1,1,2,4,0,5,3,8,2,2,9,0,2,2,4,7,4,1,3,2,4,2,1,3,5,5,3,0,6,1,3,2,2,0,7,0,4,10
Mtif2,0,0,8,0,8,0,0,0,0,10,0,0,0,0,0,3,3,8,0,0,0,8,0,0,0,0,18,0,8,5,6,9,12,0,0,4,6,5,4,0,0,7,6,9,5,0,0,0,12,0,8,0,0,0,0,0,0,5,9,0,0,0,9,9,5,0,12,0,10,0,6,0,0,0,17,9,0,0,0,13,0,0,0,0,6,12,0,4,9,0,5,0,10,0,6,2,0,8,9,0,4,4,2,9,0,3,0,13,0,6,0,0,0,0,0,14,0,0,0,5,1,0,5,0,7,14,9,9,0,8,6,8,10,0,12,0,4,0,4,5,0,0,0,15,0,8,11,0,6,0,9,11,0,9,0,4,0,0,9,6,0,0,0,3,11,5,7,2,6,9,2,0,0,0,0,0,9,0,7,1,0,5,0,3,6,7,10,0
Mybbp1a,19,7,18,3,4,0,8,6,7,0,0,1,2,3,12,11,4,9,4,10,2,9,0,1,3,6,7,7,3,0,2,5,1,4,4,3,3,5,2,0,6,8,37,11,6,6,25,10,8,15,10,8,10,19,23,6,3,2,23,6,14,7,16,1,1,0,8,6,17,1,4,0,2,8,3,8,15,1,5,25,13,10,10,7,15,18,8,6,10,4,10,5,2,19,6,7,14,2,7,0,13,5,11,5,8,9,7,6,17,11,23,11,26,3,12,8,15,15,20,18,6,8,0,17,26,22,16,6,4,1,13,2,17,5,2,2,18,8,13,1,3,13,5,5,5,16,5,0,18,20,0,31,2,12,5,9,2,2,4,18,9,8,12,13,10,5,2,8,0,6,17,7,9,5,16,14,5,15,4,12,3,8,5,5,19,31,4,17
Mycn,0,1,4,8,0,9,0,4,14,0,0,0,4,5,0,12,12,11,12,0,1,2,18,3,0,0,0,2,0,0,14,0,0,0,0,1,0,5,1,4,10,0,0,17,5,0,0,11,5,0,0,1,0,19,7,0,14,1,0,0,0,14,5,9,5,0,10,0,0,17,0,0,17,6,4,0,0,0,1,0,0,0,0,0,0,12,11,20,1,0,0,20,0,0,0,0,1,0,1,0,0,1,0,0,0,17,13,6,7,0,23,1,0,20,15,14,6,16,6,0,0,0,0,0,18,0,0,29,0,0,0,0,0,14,0,1,18,16,13,17,0,2,15,2,2,1,8,16,0,1,21,11,0,0,12,10,0,3,0,5,0,5,0,0,0,0,15,0,9,25,0,4,0,1,0,0,5,0,0,0,12,13,0,0,1,7,0,13
Naa38,1,0,4,4,3,17,15,5,0,1,5,5,20,1,24,14,9,18,1,9,0,11,1,0,0,15,6,0,0,1,0,7,0,5,23,3,8,18,12,6,0,5,1,0,0,1,17,0,8,9,5,1,4,0,0,0,0,9,3,4,18,4,6,1,11,9,0,14,0,0,15,21,0,14,0,5,15,2,1,4,23,2,3,0,0,0,4,8,24,15,10,3,10,0,0,17,0,0,14,0,12,5,0,14,10,13,0,3,0,1,5,4,0,12,1,16,1,0,2,19,6,0,0,0,6,14,23,16,14,0,5,9,1,2,5,8,10,0,4,0,0,2,22,10,6,13,7,0,24,6,0,11,12,2,0,5,0,6,0,7,6,7,16,15,5,18,0,0,0,14,8,14,21,6,4,9,1,2,8,1,9,0,19,23,0,8,0,5
Naca,0,0,0,0,0,58,51,0,0,0,0,19,44,9,0,0,0,46,0,0,0,0,0,0,0,0,48,1,0,0,0,0,0,0,0,1,0,0,0,0,0,0,51,0,0,0,0,0,0,0,0,0,0,0,0,0,0,2,40,0,0,0,0,0,0,0,0,81,0,0,0,0,0,0,81,0,0,0,0,0,0,48,0,0,12,0,0,3,0,0,46,0,0,0,0,0,0,0,0,6,1,0,0,0,0,32,0,0,2,0,0,0,0,0,0,1,0,0,0,66,30,0,24,0,0,0,0,0,0,0,0,0,0,0,0,37,13,0,0,0,25,0,0,0,0,0,0,0,0,0,65,0,0,0,54,0,0,49,0,0,64,58,0,0,0,0,0,0,0,0,0,0,0,0,48,0,0,0,0,0,0,0,0,0,65,0,0,65
Ncl,8,73,16,59,57,55,37,60,18,10,65,59,115,45,21,29,78,93,120,94,150,188,88,106,56,62,157,9,33,48,78,82,40,86,132,66,65,101,80,69,88,83,115,146,76,86,49,118,125,167,54,65,17,20,11,38,30,63,81,25,51,57,107,53,28,138,14,45,8,45,97,17,93,59,66,62,16,111,49,116,39,129,46,149,10,14,43,17,8,7,184,34,37,99,75,25,66,30,43,27,45,40,48,75,80,148,45,109,29,37,11,73,100,62,30,20,153,34,80,46,106,41,35,67,50,10,22,25,22,7,102,121,30,64,24,95,16,46,61,54,30,179,93,64,98,63,32,54,31,78,69,94,81,5,30,40,32,81,197,39,90,41,19,20,28,76,138,48,90,68,72,67,32,71,115,23,67,23,64,131,100,87,53,93,69,58,66,155
Ncor1,0,1,13,6,20,4,10,9,9,9,18,1,7,16,15,11,7,14,1,0,1,6,4,14,5,2,4,4,5,2,1,17,0,12,14,4,9,0,4,13,6,1,6,5,4,12,12,6,10,18,1,1,2,1,10,6,3,10,6,5,3,10,32,14,1,9,10,2,11,0,7,25,2,3,2,2,0,3,3,4,12,16,1,9,11,2,7,3,5,0,5,3,1,19,8,8,5,8,4,1,11,6,2,15,9,15,0,26,14,10,6,4,2,1,1,0,4,6,4,11,12,2,2,16,17,3,2,9,0,1,16,2,8,15,13,5,17,7,13,29,16,4,2,14,7,0,8,9,5,6,7,10,9,1,6,16,14,9,1,5,1,6,6,14,6,13,11,6,3,3,11,6,12,7,0,9,15,2,2,8,13,6,4,3,4,2,0,6
Ndufa10,29,10,21,6,6,9,22,9,7,14,41,22,3,8,10,15,8,7,28,12,21,4,11,10,4,9,6,24,21,10,11,13,6,8,12,7,4,14,18,9,26,20,9,8,2,6,24,21,7,29,33,3,15,2,12,8,20,10,15,4,19,11,11,15,19,7,8,9,9,15,12,25,25,21,11,10,12,0,13,8,30,12,26,2,11,4,3,16,6,26,10,17,12,1,21,14,32,12,8,16,11,7,14,12,14,23,12,9,27,31,10,19,15,8,22,1,11,5,24,4,7,27,19,29,4,15,9,11,16,6,13,9,6,4,4,7,15,3,9,9,8,19,11,11,18,3,12,15,9,18,14,8,7,8,7,9,16,9,24,9,4,4,15,13,19,5,15,8,9,18,19,16,6,7,19,13,9,14,24,16,13,14,31,10,15,6,14,1
Ndufa12,8,11,13,5,20,11,7,7,13,18,15,15,15,16,10,15,11,7,6,1,24,7,19,9,12,9,4,10,10,17,15,10,4,15,10,4,8,9,5,18,11,30,11,17,12,17,1,5,22,2,9,21,8,9,24,2,7,7,9,6,12,5,15,13,13,10,3,13,10,7,11,11,9,13,4,4,6,10,6,11,5,14,7,6,6,18,5,2,10,5,23,0,18,3,10,12,26,13,4,8,8,13,3,22,6,12,7,7,6,1,11,25,15,19,6,12,18,11,6,26,1,1,3,11,9,4,12,5,2,8,24,12,19,5,12,20,2,4,5,6,11,12,1,10,11,4,15,6,7,4,3,7,9,1,5,15,9,13,5,6,24,5,2,8,5,13,2,19,3,11,6,7,12,3,8,6,16,11,8,6,17,9,7,16,3,7,15,5
Ndufa5,22,11,13,0,4,19,16,1,21,4,10,8,12,18,14,7,4,34,8,10,13,13,3,12,11,0,21,9,8,24,3,16,2,4,4,1,17,5,31,19,13,29,14,18,31,15,15,17,14,13,22,7,23,13,12,4,20,26,21,15,3,8,11,0,7,3,6,4,9,2,10,15,16,3,15,8,5,13,1,5,8,38,16,24,7,22,5,15,12,7,6,23,1,15,3,11,4,30,5,12,4,4,1,14,23,24,4,8,10,15,6,0,22,3,3,7,14,10,7,16,15,9,40,26,10,8,15,8,3,12,17,2,6,7,14,7,21,17,15,3,8,36,0,13,15,8,18,10,21,23,18,0,5,3,4,20,2,8,4,21,2,24,5,2,8,11,6,6,26,11,19,12,4,0,9,8,25,16,2,12,17,13,23,14,6,14,13,3
Ndufa8,2,6,2,4,11,6,10,0,5,3,0,7,0,8,2,4,3,16,5,2,6,13,13,17,5,16,5,2,1,3,5,5,9,0,11,7,8,7,11,0,11,0,3,8,4,0,8,11,5,2,7,13,8,17,1,6,8,3,14,11,2,16,3,7,1,4,4,1,8,12,14,1,4,8,7,3,7,4,1,15,0,3,3,12,1,4,1,0,8,11,0,6,14,0,6,6,9,0,3,0,9,1,6,2,4,3,2,9,4,3,7,3,0,0,8,16,14,7,3,0,8,2,11,3,0,0,11,5,3,10,8,3,2,15,11,12,14,0,4,5,11,8,0,11,11,3,0,0,9,10,3,7,6,10,5,6,18,0,6,15,17,2,3,4,16,2,1,6,2,1,8,2,2,24,3,14,11,6,2,2,1,6,12,0,3,12,14,7
Ndufb5,0,0,0,0,5,0,0,0,0,0,0,0,0,0,9,0,0,20,0,0,1,0,2,0,4,0,15,0,0,12,0,1,0,2,2,0,0,0,16,0,0,0,0,0,0,0,14,0,0,16,7,0,0,0,2,0,0,0,0,0,10,0,0,3,0,2,0,11,1,0,0,4,0,0,0,6,0,0,0,0,0,0,0,0,3,0,0,0,0,4,0,0,3,0,0,0,9,6,0,0,0,15,17,11,0,0,8,0,4,0,3,17,1,0,0,11,2,0,0,1,18,1,0,2,3,13,0,1,1,0,15,5,0,0,0,14,0,17,0,0,6,0,17,0,0,0,0,0,0,0,0,0,5,0,18,0,0,0,9,0,0,0,0,0,2,4,0,13,0,13,0,0,8,0,1,0,0,0,0,12,0,2,11,0,0,0,2,0
Ndufb8,25,27,44,27,15,17,14,30,26,42,23,15,11,8,25,10,33,33,18,55,34,11,18,22,11,16,25,22,28,24,26,20,25,8,19,35,11,26,33,15,15,38,39,36,13,42,42,33,18,6,29,27,26,25,42,16,33,50,28,17,3,40,22,14,13,13,18,50,16,25,24,39,11,7,12,36,13,23,25,52,43,13,27,11,25,23,25,19,12,30,39,12,31,26,18,31,20,18,19,30,40,9,25,21,25,31,18,22,4,13,29,31,33,30,24,21,21,32,50,32,15,16,23,40,19,7,17,12,36,24,20,41,15,22,26,27,30,26,16,24,30,19,24,28,33,25,22,31,36,14,19,41,71,19,12,32,12,25,37,26,34,41,9,34,39,28,21,37,30,23,23,22,29,40,35,9,19,68,39,19,32,27,33,28,12,25,22,7
Ndufs2,0,18,4,17,0,8,18,0,33,1,0,0,14,0,0,17,0,0,0,23,13,6,0,16,16,26,1,21,13,1,2,0,6,10,3,33,7,2,27,21,2,0,1,18,0,21,5,20,25,8,6,30,20,3,3,0,20,1,0,21,1,0,31,18,11,1,4,2,0,5,17,0,0,0,0,3,3,6,14,7,17,25,0,4,0,29,11,4,23,1,25,30,21,0,8,24,2,2,1,23,26,0,20,8,17,0,3,18,10,0,3,0,17,0,19,15,0,0,27,0,6,0,21,37,0,0,2,16,11,29,0,1,12,2,9,2,11,0,5,14,41,2,0,0,12,23,0,2,12,13,16,23,0,0,5,14,18,0,29,8,0,11,20,0,0,19,0,6,0,9,1,5,9,11,0,1,11,0,19,2,15,16,5,31,10,0,11,8
Nedd4,12,19,42,18,26,3,8,29,19,34,19,42,9,11,8,18,20,22,13,17,28,12,39,14,10,14,35,8,30,54,15,5,2,19,15,18,7,8,13,8,7,24,17,17,16,20,23,18,23,22,38,28,15,13,6,25,6,23,22,19,8,11,40,16,18,42,28,23,4,11,20,18,18,19,9,28,20,23,31,15,7,18,18,31,31,10,18,7,13,5,14,3,22,6,15,23,45,28,33,14,22,27,67,40,7,22,39,19,21,17,20,12,23,2,23,12,25,13,18,9,32,34,27,44,14,17,17,9,14,26,12,30,15,10,20,28,18,12,8,18,27,18,40,22,14,29,25,23,9,11,35,4,27,24,29,13,7,27,15,19,21,27,14,16,16,55,40,32,16,11,29,10,23,15,40,19,24,25,8,19,14,7,10,25,4,21,31,10
Nedd8,10,17,7,2,13,10,5,14,15,0,17,7,11,8,4,5,13,12,11,2,11,4,10,17,16,8,12,0,4,11,8,6,12,4,21,3,4,0,0,6,1,2,17,4,5,6,10,22,6,5,27,8,14,3,20,3,12,26,4,17,13,3,15,25,6,11,11,10,4,11,29,0,15,0,4,6,14,4,14,19,25,1,10,3,3,14,18,4,8,20,3,9,5,17,19,25,19,5,17,6,9,23,19,15,10,0,11,9,8,2,11,18,3,0,6,4,3,2,9,0,23,15,9,21,0,6,10,26,11,31,21,4,16,13,1,17,22,2,1,9,5,20,6,8,5,1,23,4,16,15,4,6,27,7,4,14,8,5,20,12,10,13,1,23,28,13,22,1,11,1,5,6,9,0,21,17,3,6,1,11,13,5,3,6,3,26,14,11
Nemf,5,4,3,9,6,4,7,9,0,3,3,11,1,6,14,2,13,5,14,3,20,11,12,12,7,9,5,3,6,4,5,10,8,15,1,0,0,2,9,6,6,0,10,10,6,15,9,13,2,7,14,4,8,5,4,1,10,13,11,6,2,7,5,1,2,6,15,10,4,2,5,14,9,11,8,4,9,0,5,9,7,1,0,3,8,1,1,9,3,11,2,1,5,10,9,3,5,6,6,11,11,1,18,0,8,2,0,2,9,1,1,6,13,3,6,12,3,8,3,2,12,3,14,0,15,0,12,4,4,9,14,2,11,10,4,8,8,11,10,7,3,3,7,11,8,4,7,13,3,12,0,3,4,2,0,2,10,4,4,7,3,0,9,4,6,14,11,8,12,8,2,6,9,5,0,4,2,2,2,8,11,8,5,0,0,6,6,15
Nfx1,3,0,2,3,13,0,0,7,1,7,0,0,17,0,14,0,2,1,6,3,5,12,3,5,7,0,1,8,12,10,5,0,3,3,0,8,5,1,2,3,0,2,1,3,0,6,0,6,1,0,1,0,0,0,12,0,2,0,9,4,0,0,5,1,3,1,17,6,7,10,5,6,1,3,1,1,10,6,6,7,0,4,10,1,0,1,0,0,4,15,1,8,4,0,3,0,8,13,4,7,1,0,5,2,5,3,2,0,0,6,0,0,0,7,0,0,0,8,3,1,10,12,8,0,0,8,8,0,0,0,3,5,0,2,11,4,0,7,7,1,0,0,1,7,0,11,7,10,2,16,19,0,0,3,0,0,7,8,0,4,10,3,4,0,4,3,0,0,0,6,9,0,2,0,2,4,3,0,4,19,13,7,0,0,2,15,17,1
Nid2,7,10,9,0,11,2,12,11,12,11,7,7,4,8,5,7,7,8,8,11,9,6,0,10,6,3,4,1,11,7,7,10,11,4,2,4,10,7,4,1,3,5,18,2,2,14,3,6,7,9,1,11,8,0,2,8,11,12,4,6,8,10,4,7,10,6,0,4,8,8,0,5,11,13,6,4,2,12,11,9,5,7,1,4,0,6,10,5,6,9,4,4,13,9,8,14,11,8,5,1,10,0,10,10,12,11,7,8,7,8,3,6,7,6,4,0,15,0,11,0,7,8,13,12,5,5,6,7,8,6,10,6,5,5,7,8,7,0,10,5,14,7,8,13,11,11,6,8,14,13,5,9,7,13,9,5,1,10,9,8,1,2,4,0,10,10,7,9,3,6,0,1,9,3,7,10,3,9,13,3,8,9,6,6,11,7,4,7
Nipbl,0,6,1,0,3,0,0,0,12,0,0,17,20,16,1,0,0,0,0,1,0,5,6,2,0,20,0,12,19,8,0,8,19,20,18,3,2,0,3,17,0,0,0,15,0,26,0,2,7,21,14,0,19,23,8,12,4,0,4,0,1,6,3,14,0,18,24,1,18,0,15,4,2,4,13,1,17,13,18,8,13,0,7,10,5,0,1,0,5,13,0,0,6,0,13,0,24,24,1,0,0,0,0,3,6,16,4,0,0,9,0,10,18,12,0,10,24,4,22,0,19,7,5,3,1,20,0,1,1,0,13,10,0,2,0,24,0,0,0,0,0,19,1,0,0,7,4,0,1,3,24,16,0,4,24,0,6,0,0,5,11,1,0,11,0,1,0,0,0,0,3,2,5,1,23,0,8,0,1,20,14,0,0,5,1,16,0,5
Nit2,1,0,0,2,2,5,0,5,0,6,0,5,4,4,5,1,0,1,0,0,3,0,0,10,2,1,6,6,3,2,11,0,0,8,5,0,1,3,0,0,9,4,3,1,2,0,1,0,0,5,1,5,2,0,6,0,4,8,1,2,3,0,4,2,1,3,0,9,5,0,10,3,1,4,8,0,1,5,12,5,3,2,6,8,6,0,7,0,1,1,1,0,1,2,0,2,4,1,0,3,2,2,10,4,0,6,3,7,3,5,0,6,6,4,4,9,2,6,3,0,1,1,1,0,11,3,1,6,0,0,9,3,5,5,10,0,2,4,1,2,3,1,5,3,0,6,3,3,0,4,5,4,5,0,4,0,0,5,5,0,4,3,3,1,2,2,5,7,0,4,8,4,12,3,2,0,0,0,2,1,0,0,1,0,7,5,2,0
Nob1,1,4,2,8,5,0,0,4,0,0,0,4,4,3,2,7,3,0,3,6,0,7,1,1,1,4,3,4,0,3,8,2,3,7,3,0,2,6,1,8,9,0,5,4,3,1,0,6,0,0,4,6,1,2,3,0,0,7,7,0,10,0,4,1,5,1,3,8,4,3,0,1,2,3,0,0,1,0,1,5,4,3,4,0,0,4,1,2,1,5,3,2,0,4,6,0,2,1,2,3,0,4,0,3,3,0,3,5,0,0,1,3,5,0,0,2,0,2,6,1,6,0,1,5,6,0,9,1,2,2,0,3,2,1,0,0,1,0,1,4,0,1,3,2,5,0,2,8,0,4,1,5,5,0,0,4,3,0,1,7,0,7,0,7,3,1,5,6,4,1,10,3,3,8,8,5,0,0,0,2,3,0,5,3,2,1,6,1
Nop16,14,18,13,7,3,3,3,5,5,14,4,2,14,2,7,0,9,11,9,14,20,2,9,2,20,11,2,9,1,6,10,20,1,6,13,14,1,11,1,5,3,14,15,4,3,2,12,35,20,5,10,5,6,5,1,3,8,9,4,0,21,10,21,11,1,13,3,22,17,17,5,2,11,4,14,11,15,14,23,8,7,12,3,13,12,12,4,12,7,0,9,7,0,5,12,6,13,2,5,2,11,2,8,8,6,7,20,15,0,17,4,4,6,6,9,4,7,3,12,5,12,15,4,6,8,7,1,5,22,8,2,8,6,6,6,3,11,8,6,7,1,7,1,18,5,18,14,12,15,7,3,10,9,15,8,10,8,8,18,4,14,21,2,21,4,5,1,16,15,9,14,5,3,14,7,2,7,11,3,4,4,5,3,4,15,13,2,21
Nr2c2,0,0,0,4,5,0,7,8,2,4,9,0,1,5,0,0,0,0,1,0,2,4,0,9,2,1,0,6,0,1,0,0,0,0,0,0,2,5,7,0,0,0,0,0,10,0,0,3,0,0,0,1,0,0,4,0,0,4,0,0,5,8,0,6,0,0,0,2,0,9,2,4,0,7,0,0,5,6,0,0,3,0,1,6,0,9,0,0,0,1,1,10,6,6,4,0,5,0,0,2,0,4,0,0,0,6,0,3,0,0,0,4,0,0,0,0,0,3,0,2,0,0,0,6,0,0,0,1,0,0,0,0,0,0,2,3,0,0,0,0,3,11,0,2,7,3,0,0,0,1,7,0,0,0,0,0,0,0,6,3,0,0,0,0,0,0,7,1,0,0,0,0,5,0,0,0,2,0,5,0,0,0,2,0,0,1,0,1
Nrd1,0,4,2,0,0,6,8,0,8,0,0,0,0,0,0,0,1,6,2,3,0,1,0,5,0,1,0,1,0,6,2,3,2,1,0,0,0,6,3,4,0,6,10,2,3,6,4,3,0,0,3,0,0,0,0,3,0,1,0,0,0,0,8,0,0,0,0,4,0,0,0,3,0,0,0,0,0,5,0,0,2,0,0,0,7,0,1,3,3,4,0,0,3,8,0,0,4,0,0,0,0,0,4,0,7,0,4,5,0,0,0,0,3,0,0,0,3,0,6,5,3,0,4,0,4,0,2,0,0,7,0,0,0,0,3,0,0,0,7,0,0,0,0,0,1,2,0,0,3,3,3,0,0,0,0,3,1,0,0,4,6,0,5,0,0,0,5,0,0,1,6,0,0,0,0,0,0,5,4,0,0,0,0,0,1,6,0,0
Nrf1,1,0,8,0,2,6,0,3,0,2,6,0,2,5,1,0,0,0,1,10,2,3,0,0,0,0,5,3,6,0,4,3,7,3,0,8,1,3,0,1,3,3,0,3,0,6,0,1,1,3,2,1,3,5,4,3,4,4,3,0,1,2,0,3,4,0,4,1,5,1,2,2,6,5,10,0,0,9,5,5,0,3,2,0,2,0,0,3,3,2,0,3,2,4,2,3,4,0,0,2,4,2,1,3,2,1,2,9,0,0,5,4,2,3,2,5,2,2,1,2,9,0,3,3,3,1,0,3,6,5,7,5,0,2,2,0,0,6,1,5,1,0,5,3,0,0,0,4,4,7,4,0,11,4,2,7,7,1,0,3,2,6,0,0,1,0,1,1,0,4,0,2,7,3,3,6,1,2,2,0,2,3,2,0,0,1,3,5
Nrm,13,0,0,8,11,0,0,0,7,10,8,0,6,0,10,0,6,0,8,13,8,0,0,0,8,4,0,6,0,0,0,9,0,4,0,0,10,7,0,9,0,4,0,0,0,6,0,5,0,0,6,0,1,13,1,0,0,6,10,0,2,12,6,0,11,0,10,0,15,4,9,0,12,0,0,0,6,0,0,0,11,0,5,0,0,5,0,11,0,3,0,0,8,8,0,0,5,0,5,5,0,2,2,0,1,0,0,4,0,5,3,0,2,0,10,10,0,3,1,0,3,10,11,0,0,0,6,0,0,0,0,0,0,0,0,0,7,0,0,0,11,9,7,0,4,1,5,7,0,0,8,0,8,7,7,8,4,0,7,4,0,5,6,0,0,1,3,0,5,4,1,3,0,0,0,8,0,0,14,6,16,0,1,1,6,7,0,0
Nsa2,0,0,0,0,0,0,0,0,0,0,0,0,0,0,0,0,0,0,0,0,0,0,0,0,0,0,0,0,0,0,0,0,0,0,0,0,0,0,0,0,0,0,0,0,0,0,0,0,0,0,0,0,0,0,0,0,0,0,0,0,0,0,0,0,0,0,0,0,0,0,0,0,0,0,0,0,0,0,0,0,0,0,0,0,0,0,0,0,0,0,0,0,0,0,0,0,0,0,0,0,0,0,0,0,0,0,0,0,0,0,0,0,0,0,0,0,0,0,0,0,0,0,0,0,0,0,0,0,0,0,0,0,0,0,0,0,0,0,0,0,0,0,0,0,0,0,0,0,0,0,0,0,0,0,0,0,0,0,0,0,0,0,0,0,0,0,0,0,0,0,0,0,0,0,0,0,0,0,0,0,0,0,0,0,0,0,0,0
Nsmce4a,4,3,6,4,0,5,4,3,3,5,0,4,5,5,1,0,0,0,4,6,6,3,8,0,2,5,10,9,0,3,11,1,7,1,2,2,5,1,5,6,0,3,1,3,1,2,6,0,9,3,5,4,4,3,1,4,0,7,4,5,2,4,5,6,6,3,4,3,2,0,7,7,0,5,5,5,9,8,0,6,4,6,3,0,5,5,3,9,5,2,3,6,1,3,3,1,2,0,9,2,9,5,7,0,0,4,4,4,1,6,1,1,0,1,4,0,2,2,5,9,1,0,1,5,3,3,5,3,7,0,7,10,3,5,1,0,5,7,6,0,10,7,0,4,0,8,5,0,7,1,9,2,6,4,6,11,2,1,3,0,5,8,2,0,8,3,0,3,3,2,1,3,0,0,0,2,3,6,6,1,2,10,6,6,7,1,4,4
Nudt4,0,8,18,8,4,8,8,2,8,9,10,2,5,8,15,9,6,9,3,9,19,18,10,6,9,0,14,7,3,9,10,0,0,12,1,24,28,4,9,12,18,11,16,2,10,4,4,20,8,13,3,16,3,14,13,15,3,6,3,7,10,17,6,8,4,5,6,2,18,0,1,11,12,18,20,2,11,12,0,2,16,15,13,14,13,0,0,10,6,17,28,7,16,21,6,18,11,2,1,5,6,9,4,12,3,9,7,0,1,8,2,13,19,13,1,2,7,13,9,7,8,18,5,7,5,5,15,19,6,3,3,14,2,16,9,21,0,1,4,6,16,19,12,2,18,5,3,0,9,23,0,2,6,21,12,15,8,16,7,10,17,9,4,2,7,12,8,4,10,15,2,1,2,7,10,1,3,0,10,3,6,12,11,0,22,7,9,9
Nudt5,1,2,7,0,0,0,1,6,0,8,2,1,8,8,5,0,0,7,0,0,6,7,7,7,4,0,4,0,0,0,0,9,9,8,4,4,0,3,7,1,9,3,0,0,4,0,0,0,0,0,12,2,0,0,0,8,14,9,8,12,0,7,5,4,0,2,0,10,0,0,8,0,6,2,2,0,7,7,0,1,2,0,10,0,6,5,0,0,4,0,0,13,0,6,11,1,5,3,2,7,7,0,11,2,1,0,5,0,0,6,11,7,12,8,0,9,0,9,0,0,9,0,1,2,10,0,9,6,0,9,9,2,2,1,0,7,0,0,0,6,9,6,0,0,1,13,6,6,0,9,0,3,0,2,11,1,2,2,3,3,3,1,7,3,0,7,1,1,10,6,2,1,6,1,7,0,10,3,1,11,0,0,0,2,0,1,11,0
Numa1,0,0,0,4,0,2,0,14,0,1,0,3,0,1,0,6,8,2,3,0,1,1,1,0,0,2,3,1,2,1,0,0,4,0,0,6,1,1,3,0,7,5,0,1,0,0,0,3,1,2,5,0,8,0,2,1,0,1,6,7,4,0,0,1,0,0,0,0,20,1,1,0,0,0,1,0,1,2,0,3,0,0,2,4,1,11,0,3,0,1,1,2,3,0,0,0,2,4,0,1,3,2,0,2,6,1,2,6,1,0,0,0,0,1,4,0,1,2,0,1,1,2,2,4,0,0,3,3,0,1,0,3,2,4,0,0,1,9,0,5,0,0,2,4,0,0,0,0,1,1,0,1,14,0,1,2,0,0,7,8,6,2,8,0,0,7,0,4,0,1,0,2,5,0,0,2,1,2,4,1,1,3,1,4,3,0,2,0
Nup85,0,10,15,2,5,1,5,20,5,1,0,4,11,14,1,4,6,16,3,11,2,8,15,5,0,5,0,12,0,9,2,15,4,5,6,3,3,16,2,5,0,6,2,7,8,1,4,7,10,0,1,13,2,0,4,1,1,8,3,4,18,3,17,0,2,7,0,2,1,5,10,4,2,1,12,8,9,3,12,0,0,19,3,9,9,2,2,7,1,8,21,7,0,2,9,0,11,5,12,7,0,18,3,7,13,7,17,9,3,2,18,0,6,3,12,11,2,6,8,2,8,10,7,14,6,0,0,1,0,6,3,1,2,19,3,1,14,0,7,8,8,4,5,10,1,14,1,2,1,1,2,11,1,1,11,17,16,5,15,16,4,1,0,10,3,8,7,7,3,0,0,3,2,8,8,4,11,8,11,1,1,3,5,1,4,2,2,2
Nxt1,5,0,5,2,1,0,0,0,1,0,2,4,0,5,2,1,0,5,0,21,1,2,1,5,4,4,2,1,0,2,1,4,0,0,3,0,0,10,3,0,3,5,1,2,7,7,0,3,9,3,0,5,0,3,4,4,1,0,2,3,5,4,5,6,0,5,12,7,2,2,2,0,0,0,5,3,1,3,4,1,12,2,0,7,1,0,8,4,6,5,0,11,2,0,4,6,2,2,3,3,2,4,3,2,5,1,1,3,15,1,0,3,4,2,1,5,3,2,1,8,8,0,0,4,6,3,5,15,9,4,0,0,8,2,0,11,0,4,3,5,0,1,2,1,1,2,1,3,2,0,8,18,7,2,0,6,2,0,1,0,0,0,3,1,0,2,1,6,0,2,1,0,6,0,0,1,3,0,4,20,1,0,2,4,0,2,3,7
Ociad1,6,6,1,5,5,7,5,1,3,8,9,5,2,8,3,6,2,6,7,6,10,1,1,6,2,4,0,5,6,3,2,6,0,7,4,12,5,4,2,6,4,4,4,4,1,4,1,4,0,6,4,2,4,2,0,0,12,7,0,8,4,1,5,5,7,7,1,4,8,3,1,0,14,10,3,7,4,8,5,5,0,4,4,5,0,4,0,4,5,3,4,7,9,6,4,6,4,0,3,2,7,4,3,5,4,6,3,0,5,0,5,5,9,5,4,1,5,5,9,1,7,5,2,2,6,2,5,2,1,2,0,2,0,5,6,3,0,1,2,5,0,0,0,1,4,5,4,8,7,1,2,3,7,4,12,4,1,6,3,7,0,7,9,0,5,3,0,5,6,3,4,0,0,0,4,2,4,2,5,0,0,6,0,0,0,6,1,0
Oip5,0,3,0,4,4,0,1,0,0,5,0,0,1,0,0,1,0,1,3,0,1,0,0,0,0,2,0,0,2,0,2,0,0,0,3,0,2,2,2,0,0,1,1,0,2,0,0,0,0,0,2,0,5,0,0,3,3,0,0,3,2,1,3,0,5,3,4,5,0,0,0,0,0,0,0,4,0,4,0,2,0,3,1,3,2,0,2,1,5,0,1,0,0,0,1,1,0,0,0,0,0,2,4,1,0,3,0,2,0,0,2,0,0,0,0,0,0,4,5,0,0,0,1,0,2,0,0,2,0,0,0,0,0,2,1,2,0,1,0,0,2,0,0,2,1,0,0,0,0,3,4,0,0,1,2,0,0,0,0,0,0,0,0,0,6,0,0,0,0,3,0,0,4,0,0,5,3,4,0,2,1,0,3,0,0,0,0,0
Ola1,2,0,10,10,6,1,5,0,5,0,0,4,0,8,8,5,0,6,5,8,8,2,3,0,5,6,6,0,2,0,0,8,9,2,4,0,0,5,6,0,0,0,0,2,0,0,5,1,0,0,4,0,0,8,9,8,8,3,0,0,0,4,0,0,1,0,6,7,0,0,9,6,0,2,8,5,0,1,7,2,5,8,0,0,6,9,0,2,0,0,9,0,6,0,5,5,2,9,0,0,3,2,3,0,0,0,3,0,0,5,0,10,6,1,0,0,3,3,0,0,7,1,2,7,0,0,2,1,4,0,0,1,2,0,3,0,0,0,2,0,8,0,1,0,6,3,1,8,0,8,0,9,2,5,3,6,8,0,0,0,4,1,1,0,7,4,0,2,0,3,0,0,10,0,9,0,4,0,4,7,0,0,0,6,5,0,0,0
Orc2,1,2,9,7,5,5,2,6,5,6,8,0,9,5,6,2,4,5,18,10,9,7,6,0,2,3,5,2,3,0,2,6,3,15,8,7,2,4,12,0,0,6,5,6,5,3,5,11,0,1,3,0,3,0,8,15,8,7,9,2,8,2,6,11,12,5,6,3,0,5,1,7,9,10,2,5,2,6,8,11,5,0,1,4,9,3,0,7,1,1,1,8,2,6,7,8,5,9,6,10,5,5,0,0,3,4,6,6,9,1,7,8,2,3,6,5,5,11,4,9,4,7,6,10,3,4,0,7,8,2,5,7,2,5,10,6,0,9,3,0,1,1,7,4,1,7,8,2,3,8,6,3,8,3,5,6,8,1,3,16,2,2,4,0,10,1,6,1,4,2,4,7,4,5,6,0,7,0,4,8,7,0,7,7,1,3,4,8
Orc3,0,0,0,2,0,1,0,4,1,0,0,0,7,11,0,7,3,1,6,0,7,0,4,0,3,0,1,1,4,0,0,0,0,0,5,3,0,1,1,0,2,7,0,3,7,0,0,10,6,0,0,0,0,2,2,0,0,5,0,5,1,0,0,0,2,9,8,1,0,1,0,5,0,0,0,0,7,0,1,0,9,7,1,0,1,1,6,0,1,0,0,5,6,3,4,3,1,0,0,1,0,1,1,0,1,0,9,11,0,3,1,4,1,6,2,0,5,4,0,0,0,1,3,1,0,0,0,0,0,7,0,5,11,1,7,0,5,1,0,6,1,5,8,11,6,3,5,12,6,4,4,3,0,0,0,1,3,0,13,0,0,0,1,4,0,6,0,6,7,0,0,0,5,9,9,0,1,5,3,1,1,0,6,0,9,0,1,0
Oxct1,5,3,4,5,0,2,3,3,3,5,7,2,6,4,7,1,1,6,2,2,0,4,0,0,7,10,3,2,3,3,8,4,6,0,8,2,3,2,1,5,0,1,3,0,2,0,0,1,2,2,4,5,6,0,1,3,0,5,0,2,4,1,3,4,6,5,6,0,1,0,1,1,1,1,5,1,6,3,7,0,3,1,4,0,2,1,2,2,1,2,6,3,2,1,3,3,0,2,6,2,0,6,6,2,1,7,10,4,3,5,0,3,10,9,8,0,0,1,0,3,0,3,0,0,8,1,3,0,3,2,7,10,7,0,3,2,3,5,1,5,2,0,4,5,0,5,1,0,2,1,8,0,2,2,2,7,0,1,2,5,6,0,6,7,2,4,4,6,1,2,3,1,2,0,1,3,3,1,6,1,4,3,5,2,3,5,0,2
Oxsr1,0,0,0,6,5,7,0,0,0,0,0,0,2,0,0,5,0,4,5,0,8,7,0,8,0,1,4,0,4,0,3,0,5,0,0,4,0,0,5,0,0,3,0,0,2,0,0,4,4,0,2,9,1,4,0,0,0,0,0,4,0,0,0,0,0,0,5,0,5,4,0,3,0,2,2,0,0,0,0,0,0,0,0,0,7,10,4,1,8,3,0,2,2,0,5,0,0,0,0,0,0,0,0,2,0,0,0,0,0,0,5,3,0,0,0,0,0,0,0,5,0,0,0,0,0,0,0,0,5,0,0,0,0,0,0,3,0,0,0,0,0,0,0,0,0,0,5,2,5,2,3,1,0,0,0,0,0,5,0,0,0,0,0,0,3,0,1,0,0,6,0,0,2,0,0,0,6,5,0,5,0,0,0,0,3,0,0,0
Pafah1b1,0,6,0,9,1,1,5,9,4,1,0,2,12,1,7,6,0,0,0,0,0,0,0,11,9,8,5,2,0,0,4,0,2,12,0,2,0,8,4,0,0,0,6,2,7,0,0,0,0,6,2,0,0,1,0,0,8,4,10,7,0,0,7,9,1,3,7,3,0,7,7,1,8,2,1,7,6,0,0,6,10,1,0,3,0,4,0,0,8,3,1,2,5,0,0,8,0,2,12,5,0,0,0,0,2,5,7,2,5,2,0,9,6,1,0,8,1,0,13,7,3,1,1,7,4,8,5,4,0,0,2,1,3,5,8,0,12,7,6,12,10,8,0,10,2,0,11,2,8,6,7,7,6,2,0,0,1,0,9,0,2,1,0,6,4,2,8,0,9,0,0,0,9,0,1,1,4,0,0,0,1,5,12,11,1,1,4,3
Paics,8,17,4,7,20,34,3,10,10,6,9,12,1,20,7,21,4,24,10,17,24,10,11,10,18,4,9,10,40,5,21,10,10,20,38,8,14,3,19,7,19,25,15,7,12,13,17,8,19,10,6,14,39,33,23,12,11,1,6,4,5,29,6,16,21,20,28,20,12,13,13,3,45,2,27,10,17,23,11,4,17,32,16,24,6,19,22,8,6,12,5,1,10,37,26,29,22,19,9,18,22,13,9,16,32,5,3,26,11,17,11,12,6,11,7,9,14,39,13,32,13,18,4,50,22,14,7,8,24,8,13,24,2,15,1,22,9,4,6,4,9,18,30,16,13,15,13,18,45,13,8,3,16,13,4,21,3,6,4,10,13,11,7,16,13,2,8,24,12,29,1,3,9,24,13,13,9,3,9,23,17,13,26,15,7,8,14,6
Pck2,4,0,0,1,2,2,0,1,6,7,23,11,2,0,0,0,0,3,3,5,5,5,2,5,6,2,0,1,4,0,0,15,4,0,1,0,0,0,9,7,1,2,2,0,0,2,10,5,7,2,16,7,4,1,0,0,5,6,0,0,16,14,2,5,0,7,0,1,2,11,0,0,19,2,4,0,0,0,13,3,2,2,5,0,6,2,2,4,9,0,1,6,17,0,7,2,14,8,7,0,1,0,0,16,6,0,0,0,12,4,0,6,1,3,11,8,1,2,8,0,4,13,0,2,1,0,12,8,0,0,2,2,27,0,2,7,15,0,10,1,1,0,3,0,12,13,0,6,1,0,1,7,0,4,2,0,2,8,0,13,0,0,2,0,0,3,3,2,7,0,0,0,5,1,1,0,11,5,3,6,10,4,3,1,13,3,4,0
Pcmt1,6,10,8,6,11,4,3,8,12,6,13,7,11,1,15,6,4,3,2,7,6,7,7,0,10,4,13,11,11,6,16,9,19,11,13,10,20,2,10,1,2,4,1,4,10,0,4,2,16,4,16,4,5,3,3,13,6,8,1,5,11,18,17,5,5,9,5,5,4,2,9,10,8,11,10,10,18,9,6,2,0,1,7,4,4,14,11,9,5,0,11,11,7,4,1,8,10,2,13,10,14,5,3,16,2,7,6,13,5,6,22,3,1,13,11,4,8,11,2,5,9,2,13,16,7,3,10,7,3,8,8,9,10,7,8,2,8,3,10,0,15,14,1,18,20,26,3,11,21,2,5,7,14,19,7,9,9,10,20,1,4,7,6,8,1,4,9,13,12,4,16,13,10,12,6,5,4,6,21,13,1,12,5,10,1,4,3,6
Pdap1,38,15,1,3,19,12,13,23,9,0,5,12,33,0,0,9,0,15,0,21,13,9,13,1,35,0,11,0,4,13,3,3,27,49,9,17,26,13,11,23,20,25,27,34,0,17,10,0,12,12,14,0,5,18,5,3,32,2,21,33,25,6,9,7,7,1,11,12,28,18,13,26,23,0,0,0,7,0,0,17,7,8,21,0,3,9,34,6,3,19,9,7,8,3,0,0,0,13,13,3,3,10,0,2,2,0,1,0,15,14,16,23,0,11,13,39,27,46,0,3,2,0,1,13,3,18,7,0,8,31,7,27,11,18,8,0,8,7,2,0,3,7,1,11,5,32,2,16,0,11,6,0,18,5,3,2,17,6,12,13,8,22,3,1,0,22,0,19,12,2,39,0,16,0,0,18,20,3,24,6,7,3,3,22,12,6,3,3
Pdcd11,5,1,3,3,4,11,0,5,2,2,0,5,1,5,1,3,4,4,0,1,10,9,4,1,7,1,5,5,0,9,2,5,2,0,4,0,16,14,8,6,4,4,8,1,6,4,1,1,6,6,6,5,7,0,1,3,3,0,2,10,1,13,11,1,1,11,3,8,9,5,9,6,2,1,3,0,7,2,6,5,27,21,6,6,4,6,2,0,3,3,1,5,1,21,1,7,10,10,4,0,0,2,0,4,3,2,2,2,4,4,13,2,4,0,2,8,0,0,3,0,7,2,0,1,6,6,2,0,3,2,5,11,10,0,8,0,0,17,6,4,8,1,0,1,9,8,1,0,5,1,5,4,10,3,1,9,6,2,7,2,0,16,6,3,2,7,15,9,2,2,15,3,1,5,0,2,4,4,9,6,2,4,11,0,6,13,0,8
Pdcd2,2,1,0,0,1,0,0,0,2,2,0,2,0,0,0,9,2,0,2,0,0,3,3,4,0,0,0,0,3,1,0,0,1,1,6,4,4,0,0,1,3,2,0,1,2,0,10,1,5,0,1,0,6,0,0,1,0,0,8,4,0,0,0,0,1,0,0,6,2,5,0,0,0,6,10,0,3,0,1,0,0,0,2,0,5,3,3,0,0,0,0,3,4,1,1,7,0,0,2,6,0,5,0,0,1,0,0,0,6,1,3,0,0,1,0,0,0,1,6,1,7,6,6,5,4,0,1,5,1,1,0,4,0,0,0,0,0,8,1,5,2,0,0,0,0,3,5,0,0,4,0,0,0,0,0,0,0,0,0,2,2,0,0,1,0,0,0,6,0,1,0,1,4,0,6,0,1,0,6,0,0,0,13,6,5,0,2,2
Pdcd5,10,0,4,0,5,11,12,11,2,1,0,10,12,0,22,0,13,0,31,22,0,1,4,3,3,1,0,1,5,0,1,4,4,0,18,6,25,11,0,1,0,0,2,30,6,29,7,28,0,13,16,13,3,0,6,1,9,0,4,24,0,4,15,0,5,14,0,17,0,4,16,6,5,3,14,7,0,2,1,1,0,1,0,7,2,7,12,0,8,14,3,15,0,1,24,5,0,21,0,16,2,10,6,15,16,1,1,17,0,7,39,0,0,0,0,6,1,3,0,21,16,21,1,0,27,10,4,23,9,2,0,4,5,3,9,5,0,8,0,0,2,1,18,1,16,16,2,7,8,4,1,0,0,3,2,18,27,2,2,1,3,11,0,9,2,1,30,24,1,9,3,4,15,6,4,0,16,21,0,8,5,12,15,4,1,0,0,5
Pdhx,5,0,0,14,2,0,0,5,0,0,0,0,0,0,0,2,0,3,1,0,0,0,0,10,0,3,0,1,0,2,0,2,2,1,0,0,2,3,0,11,9,2,0,2,2,2,7,1,6,0,2,4,0,2,0,1,3,3,0,0,0,8,1,1,0,4,3,1,5,1,5,0,0,0,3,8,2,0,0,5,1,0,4,1,0,0,1,0,5,0,0,1,1,0,2,0,0,0,0,0,1,0,1,0,0,0,1,1,1,0,1,0,1,1,0,0,3,1,0,1,0,0,0,2,0,0,4,0,2,0,2,0,0,0,2,3,0,0,1,1,4,1,0,0,0,0,0,0,0,0,0,2,0,0,1,2,4,4,0,1,0,3,0,2,1,0,0,0,0,0,3,3,0,0,5,1,3,0,1,0,2,3,0,0,2,0,0,0
Pfdn4,2,0,4,0,0,5,5,9,4,5,2,0,3,4,7,4,8,2,1,6,3,7,5,9,10,6,1,7,6,0,3,0,8,2,0,10,5,6,4,5,1,6,7,0,0,1,3,6,0,5,3,1,7,1,1,2,0,0,1,0,1,0,3,8,9,6,4,6,4,0,0,0,7,2,1,12,1,11,7,0,3,2,6,3,8,0,6,6,1,10,4,6,2,1,2,5,0,3,1,7,4,2,8,6,3,0,2,6,7,5,8,4,4,0,9,1,1,0,10,6,4,6,4,0,6,1,6,10,6,1,4,0,3,11,4,2,0,4,5,4,3,1,9,5,0,7,1,5,2,5,9,0,2,7,7,0,3,5,1,5,1,5,4,2,8,7,0,0,6,0,6,6,4,1,4,0,5,0,4,3,6,7,2,1,10,5,0,0
Pfkl,23,14,28,32,5,13,17,20,41,27,14,21,9,9,14,29,21,31,7,4,6,19,10,16,18,24,8,25,24,34,10,29,7,11,4,4,47,34,40,9,15,25,25,30,23,1,12,10,21,5,21,17,20,0,13,17,19,16,16,31,20,2,20,14,36,21,17,20,8,25,12,21,1,13,11,19,30,20,36,35,12,3,23,11,16,13,8,13,17,11,25,9,14,24,4,20,18,10,8,9,14,3,11,6,2,17,31,20,8,16,10,29,9,34,5,7,14,25,6,4,20,9,23,35,9,13,18,12,15,14,14,18,20,22,1,13,15,23,20,23,25,6,18,21,12,22,21,5,18,2,21,15,3,21,26,6,17,30,29,25,21,17,15,15,4,28,14,6,10,13,16,36,25,21,14,7,27,8,26,4,17,9,14,38,21,22,26,14
Pgam1,6,1,0,3,4,2,6,0,11,12,11,3,14,0,2,0,2,6,6,8,9,0,9,0,1,6,11,10,8,5,0,0,5,12,1,13,6,4,4,0,7,0,8,0,4,0,5,9,8,0,0,9,1,9,0,0,0,8,6,9,0,0,4,9,11,0,0,7,2,5,7,0,2,4,6,3,1,0,0,9,7,4,0,8,0,6,0,8,1,0,0,3,3,8,0,0,11,0,4,1,2,5,1,5,0,2,0,0,0,11,0,10,0,5,2,3,10,7,2,0,5,2,8,11,11,6,10,3,1,1,0,0,4,6,13,8,0,7,1,0,1,9,0,9,2,4,0,5,8,2,1,2,0,9,9,15,0,6,5,0,7,0,5,5,8,0,4,2,1,5,6,5,2,4,0,7,0,0,5,9,1,8,9,9,0,0,11,5
Pgm3,0,4,0,0,0,0,4,3,5,0,1,0,2,7,2,0,1,4,0,0,1,2,5,0,0,0,0,0,0,0,0,2,0,0,4,2,0,0,3,0,1,0,6,1,3,3,3,0,2,0,2,0,4,0,4,4,0,0,3,0,0,0,0,0,1,0,1,0,4,4,0,1,2,3,3,4,1,2,3,0,0,0,2,2,2,0,0,0,0,3,4,4,0,5,3,4,0,0,2,0,0,2,2,0,1,2,1,3,5,0,0,0,4,4,0,0,4,0,1,0,0,0,2,1,1,0,0,3,2,1,3,4,3,0,3,1,4,0,0,0,0,0,0,0,1,3,0,0,1,7,0,0,0,8,0,0,0,0,8,2,0,2,0,0,2,4,1,3,1,3,1,0,1,2,1,1,0,4,3,0,2,8,3,0,5,3,0,0
Pgs1,0,2,0,4,1,5,7,1,0,0,0,6,0,2,0,6,0,0,4,0,0,4,2,0,0,2,1,5,7,8,5,4,1,1,9,0,11,0,0,0,0,1,6,4,2,4,4,0,0,0,0,6,0,5,7,0,3,8,1,0,1,0,0,1,0,3,1,0,3,4,0,2,11,0,1,0,9,0,0,0,0,0,2,0,0,0,7,0,5,0,0,2,3,0,0,0,0,3,3,5,6,1,0,6,4,0,0,2,0,1,0,1,0,0,0,0,0,0,0,0,0,2,0,2,2,0,2,0,0,0,0,1,4,1,2,0,0,1,0,1,10,1,0,0,2,4,3,3,8,6,0,3,0,2,0,1,2,0,0,6,0,4,5,4,0,6,3,4,6,0,1,2,0,4,6,0,3,5,0,7,2,0,0,1,3,8,0,5
Phb2,2,15,4,0,22,7,22,22,14,1,13,11,25,12,9,1,10,10,33,19,32,4,8,23,5,2,11,10,10,11,9,30,21,14,5,25,5,20,23,5,0,14,20,10,18,18,21,6,14,12,25,25,19,18,15,6,32,6,7,1,51,7,42,0,2,7,11,21,47,1,7,24,42,21,5,21,25,36,19,14,22,24,9,13,11,29,15,2,13,21,9,11,32,21,2,18,13,33,12,10,24,12,1,5,33,16,9,4,24,9,9,28,5,14,5,32,33,8,12,18,16,9,19,14,10,7,25,20,12,35,15,22,8,0,18,11,6,30,23,18,18,15,6,12,3,25,30,13,16,10,7,7,6,16,5,13,29,8,9,15,21,18,1,9,20,19,27,8,15,12,16,19,1,17,30,7,21,6,7,3,17,18,6,13,15,18,9,18
Phc1,3,0,9,2,7,2,4,8,5,4,8,5,4,0,6,4,0,1,6,8,0,0,13,9,2,2,4,5,1,10,13,6,0,0,10,11,1,0,0,5,9,0,6,5,3,0,2,4,6,6,1,4,4,0,0,9,13,5,0,0,0,5,0,3,2,0,8,3,6,4,6,0,10,0,7,11,9,2,6,0,7,0,9,5,8,12,1,0,6,0,1,0,2,4,1,2,1,9,2,9,6,0,9,1,2,5,8,0,3,8,11,13,1,0,2,8,3,0,8,0,5,7,5,4,6,1,2,5,5,5,0,11,1,6,4,8,2,5,0,9,11,4,8,0,5,6,0,4,2,1,4,12,9,5,0,5,5,0,1,3,6,1,0,8,6,8,2,5,8,1,5,4,6,5,0,7,12,5,0,8,6,7,11,0,10,10,9,7
Phf20,2,1,10,12,21,19,8,3,18,1,6,12,12,17,11,21,9,14,5,16,4,2,8,8,0,0,2,9,11,5,9,12,8,0,3,1,10,16,12,4,19,4,6,16,0,4,2,0,4,6,14,6,5,12,7,7,2,14,11,17,7,11,13,12,10,5,15,6,0,9,4,3,7,5,7,7,3,6,14,12,7,4,4,5,7,3,15,9,7,18,10,2,3,10,11,9,5,1,1,16,6,19,17,16,9,16,4,1,1,7,2,9,19,2,13,14,5,6,15,13,5,5,9,6,17,16,14,13,3,11,1,6,9,10,6,1,5,12,1,1,2,16,1,5,4,16,16,0,2,0,1,8,11,12,0,3,16,2,4,3,14,8,11,13,15,8,1,12,3,1,8,12,4,2,12,4,2,8,2,2,4,16,4,17,12,9,10,2
Phip,20,1,9,0,0,0,3,6,9,1,4,3,5,3,7,3,6,0,9,2,2,0,8,0,9,0,0,1,6,15,4,0,12,16,0,6,5,15,15,7,0,0,0,0,8,3,13,3,0,0,2,0,3,0,1,23,18,3,0,7,17,15,17,7,0,17,0,0,0,1,4,0,0,0,23,17,18,9,10,2,0,0,22,14,0,0,0,13,0,9,1,18,0,1,8,12,14,12,12,0,3,6,1,10,3,2,0,1,0,20,15,6,4,3,4,10,0,1,6,10,3,5,8,0,0,3,0,0,0,1,16,5,3,0,0,0,0,2,1,6,9,15,12,0,9,0,0,1,1,0,0,14,3,0,14,19,4,0,2,0,7,1,2,10,3,0,0,1,7,5,3,0,0,2,9,1,0,0,1,12,0,15,1,0,4,12,6,0
Phyh,0,2,0,0,1,6,3,8,2,0,0,5,3,0,1,0,5,2,3,0,4,2,0,0,2,0,2,0,0,8,0,0,5,5,4,0,2,13,3,0,3,0,0,0,3,0,1,0,0,0,0,0,2,3,2,0,0,0,0,5,1,0,0,1,3,0,0,0,3,0,6,6,4,2,1,3,7,0,0,0,0,2,5,3,0,0,5,4,0,0,0,2,2,7,0,2,0,0,3,4,5,0,2,2,6,3,0,0,1,0,7,3,2,2,2,0,0,0,0,0,0,0,1,5,0,0,2,3,2,0,0,0,3,0,5,5,0,1,5,0,6,4,1,2,0,1,0,0,2,0,0,0,1,1,2,4,0,0,5,0,0,0,0,0,6,2,1,0,7,0,0,6,3,0,0,0,4,4,0,1,4,3,0,0,5,0,0,3
Pik3r4,6,0,4,1,0,6,2,11,0,1,0,0,5,0,3,9,0,2,1,0,0,0,2,0,0,0,0,9,6,0,6,0,0,0,0,4,0,0,0,0,1,0,0,1,8,0,0,1,5,10,0,0,3,0,6,4,2,0,3,3,4,0,3,3,0,0,7,0,8,0,0,4,0,9,0,7,0,3,0,0,0,0,0,0,6,4,0,0,0,8,8,4,6,1,0,0,1,4,6,0,0,0,0,0,10,4,0,0,0,0,0,3,0,4,5,0,2,1,0,0,5,0,0,7,0,2,7,6,0,0,4,0,7,5,0,0,0,0,1,6,8,7,0,0,0,0,0,8,7,0,10,1,0,0,5,0,0,0,0,0,9,0,0,2,1,5,5,9,8,5,6,1,0,0,2,0,0,8,8,2,2,10,9,6,0,5,1,1
Pitpna,0,3,0,0,4,1,5,0,0,2,3,1,0,5,4,0,2,0,1,0,6,4,1,2,0,0,2,0,1,1,0,0,0,0,1,0,0,2,1,0,0,0,0,0,0,5,0,0,5,0,0,4,3,1,0,2,1,0,1,1,1,3,4,5,0,0,1,2,1,1,2,1,0,0,1,0,4,7,1,1,0,0,3,1,1,2,3,2,0,1,0,2,0,0,5,4,0,0,2,0,0,1,2,1,2,0,0,0,0,0,0,0,3,0,3,0,0,0,0,0,2,0,1,0,0,3,0,0,0,0,0,4,0,2,1,0,0,1,0,2,3,0,0,0,0,0,0,1,0,0,0,0,0,7,0,0,0,0,0,0,2,0,0,1,2,0,2,0,1,0,0,0,0,0,0,0,3,5,0,4,2,0,0,0,0,0,0,0
Pkn2,0,0,0,0,0,0,2,0,1,7,0,0,0,6,3,11,0,0,2,0,0,0,6,2,5,0,0,0,0,4,1,0,2,0,1,0,0,0,0,4,0,0,6,2,4,0,3,1,1,0,0,0,0,0,3,2,4,1,5,0,7,4,9,4,0,7,1,1,3,8,0,2,1,4,0,0,0,6,6,0,0,0,0,0,0,3,3,2,2,10,0,0,1,9,0,0,0,0,0,0,4,0,3,0,0,0,0,6,4,0,0,4,7,5,0,0,1,2,5,3,0,2,2,0,0,2,0,0,10,0,5,1,2,8,0,0,4,0,3,0,0,1,1,0,0,0,6,0,0,6,0,0,7,3,0,0,0,2,0,4,0,0,9,5,0,0,0,0,2,0,0,0,0,2,2,0,1,0,6,4,7,0,1,0,11,2,7,0
Plekhj1,0,3,1,0,0,3,0,14,0,0,10,0,20,4,0,0,4,1,0,0,15,0,0,14,0,2,0,7,1,0,0,3,0,15,0,0,0,3,0,0,0,0,4,1,1,9,6,0,0,0,0,0,0,12,0,0,0,11,0,0,1,0,4,4,0,12,1,19,0,2,12,0,0,10,0,0,2,0,0,0,0,0,0,4,2,4,1,0,0,0,12,0,8,3,2,0,0,0,0,1,1,0,0,0,0,0,0,0,0,0,0,0,0,0,0,0,11,0,0,10,0,1,4,0,16,1,8,6,0,0,0,1,3,3,1,9,0,0,1,11,0,0,0,0,0,1,0,0,0,0,2,0,0,0,10,3,0,0,0,0,0,2,0,0,0,1,0,6,15,0,5,18,6,1,0,0,0,1,0,8,7,4,3,6,0,0,0,0
Plk4,6,0,0,0,1,4,0,0,4,0,0,0,5,0,0,2,6,0,1,0,1,0,1,0,0,2,1,6,0,2,5,0,0,7,0,0,0,0,0,0,1,0,0,3,0,0,4,6,3,1,2,1,6,0,6,0,0,0,0,7,0,0,0,0,2,4,2,0,0,2,0,0,4,0,1,1,4,4,0,4,0,0,4,3,0,0,0,0,0,2,1,0,0,0,0,0,0,0,1,0,0,0,0,0,0,0,1,0,3,1,0,0,1,0,0,0,0,0,0,4,0,0,0,0,1,1,3,0,6,0,2,0,4,0,0,8,0,0,0,1,0,0,0,2,1,6,0,0,0,0,5,0,0,0,0,0,0,0,1,0,0,1,0,0,0,3,5,3,1,1,0,0,0,0,0,2,0,0,3,3,3,0,0,0,0,0,0,0
Plod2,1,0,0,0,1,0,0,11,1,5,0,2,14,0,1,14,0,10,0,6,11,0,0,0,0,0,0,4,2,1,4,0,0,3,0,0,4,1,0,0,7,0,17,0,0,0,0,10,0,0,1,0,12,0,0,0,0,0,4,17,9,0,0,13,6,8,0,1,9,0,0,7,0,0,0,0,0,6,0,7,0,0,11,0,0,0,0,0,0,0,0,1,0,10,2,3,3,0,0,0,16,1,1,0,3,1,3,0,1,0,4,0,0,0,3,0,0,12,6,1,0,0,0,2,0,15,0,0,2,0,0,5,2,0,5,6,2,6,13,0,0,0,0,1,0,14,0,0,0,8,0,10,0,0,0,0,1,3,0,0,12,2,0,8,1,0,5,2,0,9,0,1,6,0,0,1,8,0,0,8,0,0,0,2,1,0,0,0
Pnn,14,5,9,12,4,3,1,1,6,13,2,9,7,6,4,4,13,4,11,11,7,5,4,6,3,18,12,4,4,10,8,20,4,4,30,8,15,4,5,8,5,4,14,21,8,1,6,12,9,12,13,15,5,3,4,1,6,12,10,16,4,2,0,5,6,10,1,8,8,11,6,7,10,11,6,6,13,11,4,2,5,8,4,1,1,8,2,0,12,7,3,10,5,2,13,1,16,6,3,13,15,5,5,0,20,7,5,1,3,2,1,0,11,11,3,3,9,10,22,20,8,10,10,7,10,2,3,2,17,3,12,14,10,19,7,17,8,9,5,1,8,15,4,4,6,4,7,4,8,1,5,14,13,9,13,5,2,1,3,5,7,14,16,12,2,13,8,9,8,6,1,4,2,4,10,11,9,1,9,19,4,15,1,11,9,2,2,2
Pno1,3,0,7,5,3,6,2,12,3,3,12,10,0,3,11,10,6,5,5,3,9,10,3,6,1,0,8,1,5,0,15,19,6,6,1,4,0,2,14,2,2,5,0,3,7,10,9,0,4,13,2,8,12,3,3,25,11,3,2,8,2,8,10,7,14,6,3,0,12,8,13,5,5,7,2,4,1,0,15,12,17,4,4,0,8,9,0,25,9,1,11,6,21,0,24,4,19,16,1,10,10,5,2,32,0,22,0,6,1,12,0,0,4,9,6,3,1,8,0,17,1,30,0,2,0,1,1,3,9,13,1,17,13,3,1,3,11,3,0,7,10,0,0,21,4,4,2,8,7,2,2,1,15,9,2,8,5,4,1,0,11,18,11,0,0,4,2,0,13,4,6,0,13,9,4,7,21,15,16,6,5,10,16,2,4,12,2,7
Poli,0,0,0,7,6,10,8,0,5,1,7,1,3,0,5,10,2,5,7,3,0,7,0,6,11,8,4,1,0,4,2,1,2,1,4,0,1,3,2,6,0,3,8,3,7,1,0,2,1,0,3,5,4,7,2,9,4,3,2,2,2,1,3,0,5,2,8,0,0,6,0,5,4,3,4,3,10,4,5,3,1,0,0,0,6,11,0,1,0,0,5,5,0,0,4,0,0,1,8,9,11,3,1,0,2,3,0,4,0,4,1,4,0,2,7,0,2,2,8,2,4,6,0,5,0,5,3,5,7,5,7,0,5,4,4,6,9,1,0,0,5,0,4,2,5,3,0,2,7,0,6,8,2,4,2,7,3,4,4,0,9,3,1,0,3,6,1,0,2,4,1,11,6,10,0,0,9,5,7,0,0,1,0,10,4,5,0,5
Polr1a,2,3,3,1,4,1,3,7,0,4,1,0,3,3,1,1,0,2,3,1,0,2,4,3,4,6,1,0,5,3,0,0,5,3,3,2,0,4,6,9,5,2,2,0,0,3,0,1,1,2,1,2,4,2,0,4,4,0,3,0,1,0,1,1,3,0,4,0,0,5,3,1,0,3,3,0,2,0,0,0,3,4,5,2,0,7,0,3,7,0,0,1,0,1,2,4,4,2,3,0,2,2,4,0,1,1,5,4,3,0,1,3,0,0,0,0,7,0,0,4,6,0,3,5,6,0,4,2,0,1,3,3,0,2,3,3,3,0,0,4,0,0,2,0,2,0,4,3,1,2,1,6,1,4,3,2,6,0,0,0,4,2,4,0,3,1,4,1,3,0,0,2,1,0,6,4,0,5,0,3,5,1,0,0,0,0,3,0
Polr1d,2,1,4,6,1,9,19,3,10,2,1,1,13,10,2,7,7,13,7,11,3,2,13,1,0,13,5,12,1,1,12,6,9,2,2,21,6,19,1,2,0,0,0,12,0,12,10,3,15,11,7,16,9,9,2,0,19,16,16,14,12,7,14,2,7,9,13,10,0,18,0,9,4,7,1,7,11,6,1,6,14,2,10,8,13,3,0,7,4,1,0,3,0,9,0,0,0,5,9,6,1,8,0,2,1,6,10,11,6,11,4,3,1,3,1,17,5,10,3,6,5,7,7,1,3,0,0,6,10,25,2,9,0,5,1,12,0,1,0,3,2,15,1,6,1,9,10,1,3,1,2,0,1,0,7,10,12,4,2,11,1,7,6,7,9,5,13,0,0,0,9,0,7,9,3,3,1,2,4,3,4,3,9,11,0,11,4,2
Polr3k,1,5,2,0,7,7,5,1,16,2,14,21,2,1,10,1,3,11,5,1,14,2,2,4,1,1,3,10,10,4,3,0,0,2,4,6,4,1,4,6,3,0,0,4,4,1,9,3,8,7,5,7,2,18,4,2,0,3,20,6,0,9,5,4,12,9,1,6,4,7,6,11,2,10,6,15,0,0,1,7,17,1,0,1,1,6,6,2,2,7,6,3,5,2,6,0,23,1,8,24,1,6,8,6,0,7,6,18,1,5,7,7,3,11,5,5,1,4,8,9,0,2,1,2,2,8,0,11,1,4,2,0,14,9,2,2,0,0,2,8,4,6,2,6,1,4,2,3,6,2,8,2,12,6,2,2,7,6,10,13,4,3,0,2,1,3,1,1,6,4,1,2,15,8,4,13,8,5,13,2,3,17,4,3,5,1,2,4
Pop4,10,8,1,0,0,0,8,0,4,8,2,6,11,0,4,3,0,0,0,6,3,6,0,0,8,3,0,3,0,7,4,8,0,1,0,1,0,9,10,0,9,4,5,1,0,0,0,0,9,9,1,0,6,0,6,2,0,1,0,3,3,0,9,0,1,8,2,2,0,4,5,11,4,0,2,8,0,1,2,0,0,9,0,4,7,7,4,4,1,0,4,0,6,10,4,3,0,1,0,6,1,0,9,0,2,12,0,6,7,0,2,0,8,4,5,7,1,5,3,2,6,1,0,5,0,4,0,4,2,0,2,3,0,6,1,4,0,7,7,0,7,0,0,4,7,0,8,5,6,2,3,14,1,0,0,0,0,6,8,11,3,6,0,7,9,8,0,8,6,3,0,1,10,5,8,1,7,0,0,0,0,0,7,0,1,0,4,0
Ppig,14,8,3,5,1,9,1,0,8,8,1,2,0,2,3,8,0,2,3,12,0,4,11,0,4,9,5,0,11,3,1,9,2,9,11,0,4,5,2,8,2,11,15,1,1,0,2,0,11,7,3,0,7,12,0,1,0,4,0,8,0,0,6,5,2,0,1,4,6,9,6,23,16,1,6,11,6,0,0,2,11,7,5,5,6,5,12,3,5,4,5,0,0,0,10,2,14,6,18,6,2,0,7,5,2,7,8,7,10,9,2,5,4,11,3,15,2,6,0,4,4,5,1,3,1,1,3,9,4,0,4,7,5,6,10,1,3,0,1,0,2,1,1,3,15,3,3,0,0,5,0,15,5,14,9,14,0,11,3,1,8,8,4,11,0,13,2,1,11,7,10,3,2,1,2,3,15,3,2,1,10,0,2,0,3,1,6,6
Ppp2ca,7,14,2,1,8,9,1,4,13,6,1,12,11,15,0,6,15,2,8,4,1,3,1,3,8,0,19,6,0,7,0,14,11,10,1,3,3,1,4,4,8,0,0,2,1,3,4,5,6,3,7,10,0,1,0,6,16,3,5,5,1,5,4,3,10,8,0,8,16,1,5,0,6,5,3,8,5,4,2,8,10,0,7,14,1,1,0,1,1,11,2,5,2,5,5,12,3,6,0,6,8,8,4,2,4,13,1,4,1,0,12,4,4,7,8,0,3,1,18,9,3,11,3,15,12,2,0,7,1,10,11,4,16,4,1,0,10,3,0,9,6,4,5,11,1,2,3,4,11,3,1,4,7,2,6,15,1,3,1,1,2,9,13,4,0,0,7,7,6,1,4,4,0,0,2,3,7,5,0,0,13,2,3,5,8,0,4,0
Ppp2r5e,0,0,0,0,0,0,10,0,1,0,0,0,0,0,0,0,0,12,0,6,0,0,14,0,0,11,0,9,0,0,8,2,0,0,0,0,0,0,16,0,0,0,0,0,1,0,0,0,0,5,0,0,0,0,0,1,0,12,0,0,0,0,9,0,0,0,0,14,2,6,0,12,1,0,0,0,0,0,11,10,0,0,0,1,3,10,0,0,0,0,0,0,0,1,18,1,0,0,0,11,0,10,0,0,7,0,0,0,0,0,16,0,0,0,0,0,0,0,14,0,0,0,0,16,0,0,0,0,0,8,0,1,1,0,9,0,0,0,0,0,0,0,7,0,0,0,9,0,0,0,9,14,3,14,0,5,0,12,12,0,0,3,0,4,0,0,0,0,0,1,0,0,0,0,2,17,0,11,0,11,0,0,0,0,0,10,13,2
Prdx1,10,25,27,34,23,20,0,35,33,5,3,30,18,20,13,42,41,36,25,46,22,14,14,11,36,5,20,20,10,9,33,24,32,19,18,19,16,26,16,7,40,16,28,7,33,26,33,42,21,35,8,2,24,13,23,33,20,33,25,14,6,24,32,27,8,9,12,31,30,17,5,12,8,33,23,28,26,17,27,27,17,41,22,23,8,33,14,29,19,27,20,39,31,31,36,19,11,26,23,8,31,16,1,24,18,17,10,8,29,27,9,29,31,20,11,17,28,16,37,25,12,8,8,32,30,3,2,17,29,20,2,29,2,6,27,34,7,37,11,7,17,16,29,37,15,35,19,35,17,27,27,46,29,33,37,17,5,25,20,6,15,19,31,23,22,20,33,23,34,23,28,34,31,16,32,28,28,26,33,24,38,33,30,21,30,24,35,14
Prdx6,16,3,5,3,17,9,0,20,18,25,17,2,20,15,16,7,18,0,1,17,6,6,0,14,1,18,1,0,29,5,25,0,9,4,5,11,16,4,18,0,25,7,2,4,18,37,7,37,28,31,10,15,9,8,4,10,3,15,0,0,21,31,12,10,0,9,0,2,10,5,5,3,21,5,8,0,10,13,10,14,9,6,8,2,12,0,3,0,10,23,1,4,24,6,1,2,4,2,0,20,20,33,0,1,40,4,8,14,1,8,4,2,23,20,8,26,19,3,15,1,0,4,22,3,19,25,0,1,28,20,23,8,2,1,10,16,6,37,0,0,6,10,2,15,5,7,26,21,33,23,21,0,0,20,23,0,38,18,4,0,13,1,40,9,4,22,0,0,15,11,5,5,15,31,9,2,0,0,0,0,16,1,0,18,3,7,20,1
Prpf39,0,0,0,0,0,0,0,0,0,0,0,0,0,0,0,1,0,0,4,0,0,8,0,0,0,3,1,0,8,0,0,0,6,3,1,3,0,8,0,1,3,3,1,0,0,0,4,0,0,0,6,0,0,0,3,5,0,0,0,0,0,3,0,3,0,0,0,1,1,0,1,2,0,0,0,1,1,5,0,0,0,0,0,0,0,4,0,0,0,1,4,0,0,1,0,0,0,4,2,0,1,0,0,1,4,0,0,2,0,4,0,0,0,0,0,1,0,0,7,6,0,4,1,0,0,3,0,0,0,0,0,0,0,5,0,0,0,0,0,0,0,3,1,0,4,3,0,0,0,1,0,0,0,4,1,0,3,6,0,0,0,0,1,0,1,0,0,0,3,0,3,6,0,1,3,3,0,2,0,3,1,3,0,3,0,0,5,3
Prpf40a,6,0,6,7,20,18,10,8,16,24,2,13,7,3,2,15,25,2,10,1,16,8,3,7,0,11,7,13,17,14,11,18,0,5,11,2,11,5,6,16,9,14,6,8,14,18,16,6,1,1,12,21,14,5,18,5,7,6,4,8,7,19,7,12,5,3,24,9,2,4,8,5,1,0,13,5,6,8,7,14,12,4,2,13,12,14,4,4,5,18,1,16,11,12,19,14,3,5,4,16,5,2,13,1,5,11,1,12,5,6,11,3,9,4,20,26,25,4,10,6,7,2,8,13,11,7,3,14,12,22,2,2,1,4,4,2,8,10,9,3,4,13,0,9,2,1,9,4,26,7,6,2,28,17,0,14,13,2,5,1,4,9,2,2,26,5,27,2,8,1,1,2,8,7,0,4,11,30,4,31,5,2,14,7,13,6,31,21
Prpf6,0,0,0,0,8,4,0,11,14,4,0,0,2,6,0,0,8,0,12,0,0,0,0,6,2,0,6,0,12,0,11,15,13,0,15,11,0,0,0,15,0,13,8,10,7,0,6,11,1,9,5,1,14,0,0,6,4,13,0,4,0,12,9,4,0,9,0,0,0,0,11,0,2,0,5,0,15,7,12,0,0,0,9,0,16,9,12,0,21,9,8,0,6,16,14,4,14,0,8,0,0,7,6,9,11,10,8,0,0,1,9,3,12,0,11,5,0,0,0,4,16,0,2,0,14,6,0,0,13,3,4,0,1,2,2,1,0,12,10,19,1,0,3,6,0,9,14,0,9,0,0,11,9,8,1,0,0,6,10,7,0,1,10,3,1,0,8,0,0,4,1,12,5,1,0,10,9,11,14,12,8,0,0,2,7,4,0,2
Prrc2a,0,0,0,0,0,3,0,0,0,2,8,0,1,9,8,0,4,0,0,0,0,0,3,0,0,1,0,6,0,0,4,0,0,0,7,0,0,2,0,0,0,0,0,2,0,0,1,0,0,0,0,0,0,5,4,2,0,8,0,0,2,0,2,0,0,0,0,4,0,0,0,0,0,0,4,0,1,0,0,0,0,0,0,1,10,0,0,6,0,0,6,0,8,0,0,0,0,0,0,0,0,0,0,0,0,5,0,0,0,0,0,1,0,0,0,2,0,0,1,2,0,0,0,0,0,0,5,0,0,3,0,0,0,0,0,0,0,0,0,0,1,0,0,0,0,0,2,0,0,0,0,0,0,0,7,1,0,0,3,0,0,2,0,0,0,0,0,0,8,0,7,0,0,0,0,0,0,0,0,0,0,0,0,0,0,8,0,0
Psma1,16,9,1,12,1,10,9,3,5,23,3,21,0,12,4,6,5,8,14,2,4,8,7,16,13,10,9,8,11,11,4,12,21,1,13,1,21,23,1,9,9,5,16,15,15,2,14,11,3,8,8,4,5,14,7,15,9,16,20,13,17,14,4,18,4,6,2,14,6,8,15,6,9,14,11,9,9,17,6,17,4,6,5,12,17,8,4,2,5,16,7,8,8,8,9,1,2,3,9,7,1,8,14,10,4,9,16,16,13,18,3,13,11,5,12,12,0,6,14,13,4,10,7,16,5,3,12,12,6,0,0,10,18,13,8,4,1,27,3,2,31,15,6,2,13,0,5,10,13,8,7,4,4,12,17,11,6,0,6,15,18,16,20,19,0,1,5,12,3,4,18,20,8,14,8,2,6,5,15,15,15,11,7,2,18,13,9,3
Psmb1,5,21,13,21,29,21,18,32,5,10,13,11,16,25,16,30,27,33,18,18,24,18,18,19,47,26,13,20,10,19,25,9,20,25,15,8,24,33,15,13,24,13,25,12,31,17,15,19,23,16,29,24,18,18,20,17,46,15,17,17,22,21,14,37,18,30,2,23,27,44,19,18,30,13,27,23,17,24,20,18,19,18,25,23,12,5,8,24,28,15,26,18,30,11,8,47,23,23,10,10,21,17,27,12,15,38,18,16,26,24,27,26,32,25,15,9,11,14,23,11,21,21,10,13,6,26,24,29,14,24,8,23,26,11,13,6,8,15,20,23,23,16,23,13,19,6,29,19,23,10,20,17,13,24,13,19,30,19,22,9,21,23,23,29,18,21,1,17,16,21,14,18,19,12,20,17,12,13,31,24,27,19,19,23,11,28,10,14
Psmb2,24,20,7,13,16,29,14,6,3,9,14,24,4,9,7,8,10,17,25,5,10,5,11,4,3,13,27,6,24,14,22,9,14,0,21,11,26,18,15,4,15,19,3,15,23,8,4,8,18,20,4,20,16,12,6,20,12,20,18,15,10,8,15,12,26,16,19,5,8,10,14,11,6,12,25,14,28,20,11,15,11,25,11,5,13,18,14,3,3,7,16,15,19,21,0,6,3,12,13,2,1,22,16,13,1,6,18,30,13,9,13,16,11,2,25,8,9,7,5,5,5,10,14,23,6,10,4,24,2,3,20,6,16,14,11,8,26,4,5,24,10,23,9,23,22,16,11,26,11,8,13,22,16,5,12,23,14,1,12,24,16,8,25,13,22,20,9,13,18,10,11,8,2,18,26,16,11,16,15,18,1,8,18,17,19,21,12,17
Psmb3,3,11,9,7,2,3,13,4,10,2,11,1,2,11,5,6,0,6,0,1,0,5,0,5,10,13,8,3,4,4,13,14,0,9,1,3,1,2,4,8,4,10,3,5,4,0,7,0,13,5,0,5,3,13,2,7,2,5,4,4,0,7,18,8,0,3,2,2,7,2,8,2,12,6,6,3,1,7,1,0,6,10,0,3,0,9,1,15,0,7,8,1,10,3,4,12,10,7,1,5,2,8,3,1,4,4,7,6,1,1,0,0,10,3,1,3,11,18,0,5,11,8,8,9,6,5,0,5,8,9,13,4,0,0,14,2,5,1,2,8,0,0,5,6,3,1,9,5,1,3,5,9,7,2,1,7,4,5,14,2,6,3,4,0,5,0,0,5,13,2,1,6,3,2,14,1,4,1,8,10,7,5,8,0,11,4,5,3
Psmc2,1,0,8,18,17,4,5,18,8,19,2,2,13,17,0,0,0,1,6,7,8,0,22,14,25,13,11,1,10,1,13,11,27,9,34,29,0,24,11,11,14,8,2,0,2,8,12,31,13,28,0,0,0,1,5,5,35,0,6,0,13,0,11,18,21,1,27,14,2,24,0,0,4,24,13,10,7,8,3,14,13,7,6,8,0,17,9,2,4,2,0,0,1,10,2,0,21,4,1,0,5,0,10,23,16,0,12,3,1,19,0,1,23,0,5,1,2,21,0,14,20,9,1,6,0,1,19,11,11,6,5,0,1,24,5,0,17,31,2,10,6,15,0,13,2,0,23,8,10,6,8,11,9,1,12,5,1,17,3,23,5,11,6,1,11,4,12,36,16,12,4,26,10,5,6,21,10,7,10,0,11,28,11,2,0,42,7,10
Psmc4,15,12,2,7,5,4,10,7,2,4,2,11,8,5,7,11,17,3,8,7,8,1,7,3,7,9,10,10,11,9,6,9,5,3,1,1,5,6,22,12,4,3,12,4,4,8,5,14,3,8,4,13,5,2,2,7,4,11,8,7,10,3,9,10,2,6,6,8,10,17,2,1,8,6,0,0,6,6,16,3,8,15,9,3,5,6,9,6,8,4,7,7,9,6,23,14,9,12,12,7,7,9,6,10,6,6,1,17,1,10,18,5,0,12,7,14,3,4,8,3,3,11,2,4,9,8,0,10,7,3,6,2,5,3,7,3,3,7,1,0,7,25,6,0,4,14,3,2,4,9,3,6,5,19,7,12,7,8,5,6,4,10,6,6,11,7,2,5,12,6,8,13,6,7,3,5,7,9,2,5,9,3,6,4,1,5,5,8
Pspc1,0,0,0,0,0,0,0,2,0,0,0,0,0,0,1,0,8,0,6,0,0,4,0,0,9,3,0,0,7,0,5,0,0,3,0,8,0,11,4,0,0,5,1,1,0,0,0,0,0,8,0,0,6,3,0,2,0,0,1,0,0,0,4,0,0,1,7,0,1,0,0,6,0,0,0,4,0,1,0,3,0,0,0,0,1,0,2,0,0,0,0,0,0,0,0,2,5,0,7,0,4,0,0,0,2,1,2,0,1,0,0,0,8,0,2,10,5,2,0,0,0,5,0,0,3,0,0,8,9,3,1,4,0,4,0,0,0,0,5,0,0,0,3,0,0,0,0,0,4,2,6,5,0,0,0,6,0,7,0,1,0,0,0,4,0,5,0,0,5,0,0,0,0,4,7,8,0,0,0,0,6,0,1,0,2,0,0,1
Ptgfrn,0,0,0,0,2,1,0,6,2,6,0,3,3,0,0,0,0,1,4,0,0,0,0,0,0,0,0,2,4,4,0,0,0,1,0,3,0,0,1,1,0,0,0,0,0,4,6,4,3,3,0,0,0,0,0,2,4,0,0,2,4,0,0,0,0,0,1,0,0,2,0,0,0,0,4,0,2,0,1,1,0,3,6,0,0,0,0,3,1,0,0,0,0,0,0,0,0,2,0,2,0,0,0,2,0,4,0,0,0,0,0,0,0,0,0,0,0,0,0,0,4,3,3,1,3,0,1,0,0,0,4,1,6,0,0,0,0,0,0,2,3,0,0,0,4,0,1,1,3,0,0,6,0,0,3,0,0,0,0,0,0,2,0,2,4,2,2,1,1,6,0,0,2,0,0,0,0,0,1,3,0,4,5,0,0,1,0,0
Ptgr1,2,18,8,11,0,23,8,9,7,9,16,12,15,2,7,8,2,9,4,9,1,9,0,5,8,9,21,16,6,8,3,3,8,10,4,16,5,6,3,16,3,19,28,21,18,17,14,18,9,6,2,12,10,5,4,6,15,9,11,12,27,3,8,7,3,21,10,5,5,2,10,11,14,7,31,8,10,15,14,3,10,11,6,6,26,8,12,2,13,25,13,6,8,20,6,4,11,17,18,20,12,14,7,10,12,24,7,14,13,11,11,3,27,9,10,15,33,17,30,12,5,9,12,0,0,0,6,23,17,5,5,7,19,1,17,3,5,15,16,5,3,6,17,12,0,1,11,11,1,12,11,1,6,6,14,18,15,6,10,19,21,4,7,13,10,25,5,8,14,14,4,13,0,18,20,21,19,18,3,3,24,2,14,22,3,7,8,4
Ptp4a2,2,0,13,7,1,8,2,7,8,3,0,0,13,1,6,6,4,6,13,6,6,4,0,1,11,2,5,9,3,2,5,9,10,6,7,1,11,2,18,13,8,1,15,21,9,9,2,1,3,8,4,6,3,3,7,2,5,1,2,4,5,1,3,8,13,4,6,16,8,8,1,1,8,5,5,3,8,6,12,2,2,5,9,7,3,0,7,9,9,8,4,7,3,10,2,5,0,0,8,9,3,10,4,10,14,6,16,3,11,6,10,2,5,9,6,7,2,11,17,11,3,2,13,17,3,4,7,1,8,10,10,5,0,5,5,0,5,10,4,5,1,1,3,3,0,5,2,13,1,2,5,7,7,3,0,0,1,0,17,7,12,9,8,12,16,0,3,5,8,2,4,4,2,7,3,9,3,1,2,14,8,0,9,3,7,19,2,6
Ptpn2,4,0,5,0,2,0,5,0,0,0,1,4,2,0,0,0,5,0,0,4,0,10,0,5,7,3,0,0,5,4,1,5,8,0,0,0,0,5,0,1,2,0,0,9,0,0,4,0,0,0,0,4,0,3,0,9,0,0,0,7,0,1,0,4,12,0,0,0,0,8,0,0,3,0,0,0,0,0,5,0,0,0,0,0,2,0,0,0,4,0,0,0,0,0,6,2,0,5,0,0,0,0,5,0,0,0,4,0,0,4,0,0,0,0,0,2,4,3,0,0,7,5,0,0,0,0,0,3,0,0,0,0,0,0,6,0,0,5,0,0,0,0,8,9,6,0,0,0,0,0,6,1,4,5,0,0,0,0,4,1,0,0,3,1,0,1,0,0,0,0,0,0,0,2,6,0,0,5,0,6,1,0,0,2,2,0,0,0
Puf60,9,12,8,12,15,0,14,1,9,4,12,0,1,3,16,7,11,1,16,11,5,6,12,12,0,7,21,1,9,22,17,6,2,12,5,6,6,9,0,21,0,3,15,8,11,17,2,8,9,0,7,0,13,1,18,0,14,20,5,1,1,11,2,23,6,9,14,10,5,8,4,8,5,4,11,17,0,0,13,2,1,0,7,2,8,3,0,10,2,13,12,6,9,0,12,14,3,0,11,6,3,1,4,0,1,11,13,6,4,0,5,13,12,3,26,11,0,7,12,3,15,9,10,16,0,4,0,5,9,0,12,14,3,0,3,12,6,12,11,8,0,8,0,10,12,4,9,11,1,4,9,8,12,8,4,0,10,17,8,13,1,5,21,1,11,14,2,10,4,4,13,2,8,15,11,2,2,3,4,2,7,8,6,5,21,6,11,8
Pycard,0,0,12,0,0,0,10,10,0,7,0,0,0,0,0,5,0,0,0,1,0,0,0,2,0,0,0,0,14,7,1,0,0,0,0,0,0,0,0,0,0,9,0,0,0,4,0,0,10,0,0,0,0,0,0,6,0,0,0,1,0,0,0,0,0,0,0,7,0,0,0,0,0,0,0,0,0,0,0,0,7,0,0,0,0,0,0,0,0,0,0,0,1,0,0,0,0,0,0,7,11,0,0,0,0,10,0,0,0,3,0,0,0,0,10,0,0,3,0,0,0,0,0,0,3,0,0,8,0,0,0,3,0,0,6,7,0,9,0,0,0,7,3,1,5,0,0,0,3,0,0,0,15,0,2,0,0,10,0,0,0,0,0,11,0,0,0,0,0,0,0,0,0,0,0,0,6,7,0,9,9,7,10,0,1,4,0,0
Qdpr,0,5,5,6,0,0,5,6,1,8,1,1,1,0,0,4,5,5,5,6,1,0,0,0,7,6,3,1,0,3,0,10,0,7,2,0,9,3,0,3,8,7,0,5,1,0,0,4,7,0,0,4,1,0,1,4,9,1,1,0,1,8,6,4,0,0,3,3,2,1,0,4,0,0,3,0,0,5,5,4,8,2,3,4,5,10,5,1,1,1,0,7,3,0,0,0,7,0,1,8,8,2,2,0,1,4,8,8,1,1,0,5,6,2,2,1,1,1,3,0,0,0,1,5,1,0,0,1,3,3,5,0,4,7,0,0,0,1,1,0,2,0,5,4,4,1,6,7,0,0,0,9,8,2,7,1,3,8,2,6,4,2,1,9,1,6,0,5,4,0,5,5,4,3,6,3,2,1,5,7,1,3,1,5,8,2,4,8
Rab14,6,0,0,4,1,0,10,4,6,1,18,14,29,0,8,2,9,7,12,18,3,2,6,1,0,6,5,17,16,9,14,1,0,4,1,8,15,0,0,10,0,0,0,0,5,0,14,2,0,0,1,5,0,8,15,0,0,0,21,2,2,0,17,4,18,4,0,6,0,7,14,2,23,0,15,0,9,2,9,0,15,0,8,9,18,12,7,4,1,0,2,7,2,14,6,17,1,4,2,4,14,17,5,3,16,3,16,18,20,7,6,0,27,0,13,0,2,14,12,15,0,20,12,0,15,0,25,11,0,0,20,4,9,0,10,0,0,5,0,21,1,0,4,16,6,15,0,14,0,4,0,1,10,0,4,0,5,3,5,0,5,12,0,0,9,10,0,1,1,12,20,0,0,0,11,0,7,0,9,0,3,0,14,20,11,4,0,11
Rab24,0,0,13,1,0,9,2,1,1,0,6,11,1,5,5,0,0,1,12,1,9,0,2,7,3,0,6,10,0,2,9,12,1,0,7,0,0,3,0,6,0,8,0,1,0,6,0,4,1,3,5,8,7,0,1,3,2,0,8,2,0,3,2,7,4,5,7,0,1,1,0,2,1,2,3,0,0,0,1,5,2,1,0,3,4,4,0,0,0,0,8,3,0,2,2,1,2,1,0,2,3,9,3,1,10,5,0,5,3,3,2,0,1,3,1,1,0,1,14,0,3,1,2,1,3,4,11,0,4,2,0,3,5,5,3,5,1,0,4,1,1,0,1,5,0,4,2,0,0,1,1,1,9,3,2,3,5,5,2,2,2,5,3,4,4,9,0,4,8,1,0,0,2,6,0,1,5,2,1,1,9,11,0,7,0,3,3,4
Rab7,12,0,13,10,3,2,0,4,1,2,11,0,9,13,6,0,2,8,0,3,3,18,11,3,2,5,1,11,1,1,3,0,15,1,1,1,2,2,10,0,1,1,0,0,1,1,0,8,19,1,14,19,6,9,9,0,4,23,0,7,14,3,9,2,3,3,5,5,21,21,8,8,2,2,3,0,5,3,11,13,2,11,6,0,5,3,19,8,3,3,17,3,11,2,0,2,0,10,16,10,11,8,0,24,13,0,13,3,3,8,5,0,4,7,9,2,5,4,3,2,2,13,0,11,4,0,0,7,0,2,5,4,0,17,2,3,3,2,4,18,6,2,8,0,14,3,6,9,3,0,8,16,3,1,0,5,1,16,7,13,16,3,15,1,2,5,4,1,0,3,0,1,6,0,1,9,5,8,1,15,5,16,8,11,5,18,9,5
Rabac1,8,0,1,0,2,12,0,0,0,0,2,15,0,1,10,1,1,0,1,0,3,0,0,0,0,0,2,0,3,2,1,0,13,5,7,2,2,0,1,3,1,0,0,9,6,1,4,1,0,6,9,3,8,0,1,0,0,0,1,1,3,6,4,0,4,0,3,0,2,2,5,1,2,3,4,0,0,11,1,1,3,2,0,0,7,4,0,1,3,8,0,9,1,2,0,8,0,5,4,0,0,1,9,1,14,5,3,3,5,4,7,2,2,0,7,0,5,0,0,14,8,0,0,1,0,0,0,0,6,1,0,0,1,0,2,0,0,0,0,0,1,2,2,6,0,1,1,2,2,3,8,10,0,11,0,0,5,3,0,4,9,0,1,0,7,0,1,5,6,1,5,0,9,0,0,2,0,8,6,0,2,1,2,0,9,2,2,9
Ranbp2,0,0,2,0,1,7,5,0,0,0,2,0,5,0,3,0,7,0,0,0,0,0,2,0,0,5,0,0,0,5,0,0,0,0,0,4,0,0,1,8,0,0,0,0,0,0,9,0,0,0,0,9,0,0,1,2,0,0,0,0,5,4,0,0,1,0,0,0,5,1,1,0,0,0,5,0,0,3,0,1,2,0,0,0,0,7,0,0,0,3,1,0,3,0,0,1,0,0,0,0,5,1,0,0,0,0,0,0,1,0,0,1,0,8,0,0,2,0,4,0,0,0,0,3,0,0,5,6,0,0,0,0,2,0,0,0,0,7,0,8,0,0,0,0,0,0,0,0,3,0,0,0,0,0,0,7,0,2,0,3,0,0,0,8,0,0,0,2,0,0,1,3,3,6,0,4,0,0,7,3,0,10,12,0,0,0,1,1
Rbck1,0,2,1,3,4,8,2,13,3,3,12,4,5,5,4,0,2,1,7,9,0,6,7,1,6,4,1,2,10,2,4,2,3,0,9,3,4,0,5,5,2,3,8,6,2,8,6,11,0,5,2,4,2,0,14,5,5,6,0,8,1,3,1,0,2,3,0,4,9,6,8,0,2,3,0,5,3,1,3,0,13,1,0,0,5,2,3,4,2,2,2,5,0,4,3,5,5,4,3,0,8,1,2,5,6,0,0,2,10,8,8,0,1,9,0,8,5,3,2,11,1,2,0,10,6,5,2,7,1,8,8,2,0,3,7,3,6,1,1,1,5,10,7,8,6,3,3,3,10,8,5,1,1,11,2,2,4,8,0,10,11,2,5,8,2,0,0,11,6,4,6,1,9,2,5,2,2,1,4,5,1,3,3,3,0,2,6,1
Rbm26,0,0,9,2,4,0,0,0,0,0,0,4,5,0,0,0,0,0,0,0,0,2,2,0,0,0,0,1,0,0,0,0,8,0,0,0,7,9,0,0,8,0,0,0,0,0,0,0,7,0,5,0,6,0,3,0,0,4,0,3,0,3,0,0,0,0,0,3,0,0,8,0,1,1,0,0,2,0,0,0,10,2,2,0,0,3,2,0,0,6,0,3,0,0,2,6,0,0,5,0,6,0,3,5,0,0,0,0,2,4,0,7,0,8,3,0,2,0,8,3,2,0,3,0,5,0,0,6,3,0,0,0,6,3,0,0,4,0,0,0,0,0,0,0,4,2,0,4,6,0,6,0,1,0,4,0,0,1,2,0,0,7,1,1,0,3,0,0,0,5,0,6,0,0,2,0,0,0,0,1,2,5,3,0,0,0,0,0
Rbm39,11,1,20,17,14,17,2,4,15,7,18,22,9,2,5,15,13,11,27,4,4,16,7,8,7,0,14,13,7,5,11,20,3,12,13,5,23,7,3,2,7,1,6,3,4,18,5,9,2,7,13,12,28,21,16,1,17,5,11,15,5,8,21,9,15,12,6,17,0,6,15,5,4,3,11,5,6,5,5,4,2,5,23,14,6,20,14,2,21,0,11,6,2,4,20,15,2,0,9,0,23,4,18,7,3,19,8,8,3,6,17,6,9,7,3,23,13,9,3,3,9,5,6,24,24,33,11,5,10,12,16,4,11,10,5,10,10,8,0,0,17,6,9,2,10,1,7,10,1,6,1,13,16,20,8,20,12,19,3,9,14,0,22,7,7,10,7,19,16,5,12,18,12,10,4,15,9,5,17,18,6,7,7,1,0,4,13,8
Rbm8a,4,0,0,17,42,0,4,12,5,0,0,7,0,5,0,0,30,7,46,0,0,0,10,6,50,0,2,0,2,0,0,0,0,0,0,0,0,0,0,8,0,0,0,21,0,0,0,0,0,1,0,4,0,0,0,0,0,0,0,9,0,31,0,0,5,0,1,3,0,9,31,0,9,2,0,12,0,48,0,0,0,28,0,0,48,0,17,0,0,47,43,0,3,12,20,0,0,0,4,33,0,0,0,0,0,0,0,0,6,0,0,0,51,0,52,1,0,0,24,14,0,3,0,0,30,0,4,4,59,0,0,0,52,0,0,0,0,5,0,46,34,3,0,7,2,0,0,0,0,0,21,26,0,0,0,0,1,0,26,0,0,0,0,0,45,0,43,0,0,0,0,0,36,1,1,0,0,0,0,0,0,0,0,0,0,24,0,0
Rnf114,4,0,0,4,1,1,4,2,0,0,3,0,5,0,1,1,0,1,4,1,4,5,0,6,5,0,6,0,5,0,13,1,1,0,5,3,7,0,0,11,14,0,1,0,2,0,3,0,4,3,0,0,0,0,9,0,7,0,0,0,0,2,0,3,7,9,1,0,0,1,8,10,0,0,7,5,1,2,9,0,10,6,4,0,0,7,2,7,0,4,0,0,4,13,15,0,0,6,0,7,0,4,0,17,1,2,2,0,0,3,2,0,10,1,2,5,0,0,4,1,9,7,0,0,2,13,0,0,11,0,1,2,3,4,14,0,1,4,9,3,0,0,5,4,13,1,9,6,5,0,1,0,4,0,5,8,7,1,2,2,7,5,0,0,14,0,1,3,0,15,3,0,0,14,8,1,4,3,3,0,0,11,1,0,0,1,3,10
Rpl11,10,1,0,3,17,0,11,11,1,6,4,12,0,24,12,19,19,0,7,0,4,10,0,18,0,14,4,0,0,0,0,0,16,14,3,20,8,18,0,0,0,15,10,9,4,0,18,5,19,20,17,0,0,19,14,13,3,0,13,0,5,16,18,5,14,0,0,19,1,1,4,0,12,17,3,1,0,3,0,0,0,15,6,1,3,14,0,9,0,0,1,0,0,20,11,13,8,30,7,0,0,15,19,17,1,13,14,0,0,17,8,3,0,0,0,0,9,0,6,26,0,2,4,0,2,0,18,18,10,0,1,21,6,21,19,5,0,0,26,2,26,7,1,1,18,19,13,6,3,1,14,0,0,9,24,13,15,0,1,0,8,4,0,1,6,0,0,0,19,11,19,0,9,17,0,13,0,10,0,12,0,11,7,11,0,0,9,0
Rpl13a,65,57,45,62,62,59,38,78,59,100,66,15,25,12,75,93,97,35,70,24,58,53,29,65,56,32,99,47,58,41,50,31,64,26,35,85,65,45,12,51,26,44,56,78,80,41,39,7,24,11,27,66,81,55,24,18,44,46,60,73,32,57,36,42,30,39,16,32,31,9,63,36,35,33,81,58,44,53,59,18,52,69,67,44,68,34,46,88,56,81,33,55,40,71,56,77,78,34,58,42,67,49,79,53,28,47,59,37,10,28,29,56,32,42,33,23,44,47,46,26,28,55,51,61,25,47,5,28,46,31,32,43,79,18,52,62,69,50,30,24,40,103,38,77,90,7,44,67,43,26,48,82,63,40,42,27,79,43,20,24,55,32,23,70,65,20,8,60,74,35,37,61,72,66,54,83,59,40,29,17,26,22,57,46,1,55,14,67
Rpl23,0,0,0,1,0,0,3,15,0,0,10,10,21,0,2,0,0,1,0,3,0,2,4,0,0,0,1,0,0,0,0,0,3,39,0,5,0,19,0,0,8,8,2,2,0,5,0,2,1,8,0,0,0,2,0,20,5,0,0,0,10,0,0,0,13,20,23,31,0,7,0,0,16,0,0,0,15,0,0,0,0,0,0,0,1,0,20,2,23,0,0,6,21,0,3,0,29,2,4,0,12,3,0,0,0,0,5,3,0,0,2,0,0,23,2,0,1,22,1,0,0,0,0,16,0,0,0,25,8,22,0,14,0,0,0,3,19,5,0,0,0,0,9,1,0,0,2,2,0,0,20,0,11,22,2,1,1,4,4,8,0,29,0,0,0,2,0,1,0,0,19,1,0,26,1,0,0,0,0,13,22,0,4,4,1,8,0,1
Rpl34,3,7,7,0,8,7,8,0,1,6,1,13,6,0,0,5,4,8,5,4,8,0,1,9,6,2,9,8,0,1,0,4,4,5,1,5,4,6,0,1,3,0,0,0,0,4,11,3,4,1,6,0,0,5,0,4,7,7,7,5,0,8,5,8,5,0,10,6,6,7,8,0,5,0,1,3,2,0,0,2,8,0,7,2,5,2,1,3,3,7,2,7,1,9,11,1,13,4,2,5,7,6,2,0,8,8,7,0,9,4,4,7,12,0,10,10,1,4,0,0,0,8,2,7,10,10,3,0,0,0,6,14,2,3,0,0,1,5,0,9,0,4,9,0,6,4,2,3,0,9,2,1,6,3,8,0,6,3,1,3,0,7,0,0,1,1,6,8,0,9,10,5,2,3,2,6,9,4,12,0,2,4,9,2,4,8,6,0
Rpl37,0,0,0,27,0,0,0,16,0,0,0,0,0,0,0,0,0,0,0,0,0,0,0,0,0,0,21,0,0,0,0,0,0,0,0,0,0,0,0,0,0,0,0,0,0,0,0,0,0,0,0,0,0,0,0,1,0,0,0,0,0,0,0,0,0,0,0,0,0,0,0,0,0,0,0,0,0,0,0,0,0,0,0,2,0,0,0,0,2,0,0,0,0,0,0,0,0,0,0,0,0,0,0,0,0,0,0,0,0,0,0,0,31,0,7,0,0,0,0,0,0,0,0,0,0,0,0,0,0,0,0,24,0,0,0,0,0,0,0,0,0,0,0,0,0,0,0,0,0,0,0,0,0,0,0,0,0,0,0,0,0,0,0,0,0,0,0,0,0,0,0,0,0,0,0,0,0,0,0,0,0,0,0,0,14,0,0,0
Rps13,13,6,14,0,3,11,13,0,11,0,5,9,7,1,0,7,3,8,5,2,5,7,0,7,0,7,3,9,4,7,6,8,11,0,11,11,1,4,5,2,11,15,9,9,6,7,0,4,10,4,0,7,12,2,0,0,1,1,1,8,18,1,5,1,17,7,0,7,8,1,4,10,18,0,10,9,2,2,4,5,2,6,17,10,6,4,0,16,2,0,0,10,8,8,4,4,13,8,2,10,4,0,1,8,6,0,9,7,9,17,0,2,0,2,5,8,1,4,7,0,7,16,0,11,1,9,0,10,10,3,3,0,5,2,13,10,4,3,0,13,0,3,14,10,5,0,9,14,1,8,3,7,1,12,2,2,5,0,9,0,13,6,0,1,8,0,12,1,3,0,0,7,11,1,2,2,1,15,5,3,10,0,11,16,10,11,10,10
Rps20,24,59,39,17,24,27,11,56,38,8,47,36,13,36,46,11,53,35,27,45,11,11,27,38,24,48,12,39,18,35,10,23,63,58,15,21,31,38,13,34,59,35,59,15,12,36,22,52,22,44,32,9,16,49,41,45,36,35,33,56,29,39,18,49,27,24,33,9,50,32,16,11,27,26,19,64,8,46,33,51,20,10,12,27,53,10,31,11,14,51,30,24,5,23,31,26,36,16,45,51,57,61,26,10,27,15,13,26,5,23,5,13,19,53,33,13,19,38,9,16,24,59,72,4,39,21,26,16,26,40,33,60,14,18,25,39,30,35,32,53,22,19,42,16,16,32,55,13,12,56,20,44,15,2,30,27,63,61,23,46,7,32,16,27,22,17,42,45,28,22,52,37,35,42,68,19,26,27,20,21,48,12,53,23,54,37,4,28
Rrm2,16,19,12,19,14,3,14,7,15,19,4,16,0,11,4,9,12,8,15,15,9,12,2,6,7,9,1,11,3,9,14,4,19,6,5,0,0,18,24,10,9,5,8,2,11,15,2,12,12,15,3,8,8,7,12,0,21,5,4,11,11,11,5,9,1,1,15,10,2,7,10,2,16,1,2,6,9,10,11,6,7,4,11,5,0,15,17,14,4,7,1,10,10,17,7,16,0,9,12,6,16,10,19,3,12,1,4,1,13,6,4,8,15,13,10,17,6,6,20,1,8,9,15,1,9,3,0,15,16,6,19,10,16,5,11,11,15,14,5,9,4,0,9,12,10,5,2,14,4,4,2,10,10,8,14,8,3,10,6,17,11,8,13,9,10,20,4,11,9,2,0,2,11,15,0,5,2,12,18,14,2,6,9,7,9,12,8,11
Rrp1,8,15,8,20,11,4,7,23,17,13,16,16,1,2,21,9,2,8,5,5,3,3,5,14,5,25,13,5,15,0,1,9,0,5,19,4,1,9,4,7,8,3,4,4,5,7,11,23,1,1,0,8,14,7,7,16,0,7,14,1,2,35,3,6,18,15,12,11,7,12,6,8,12,1,3,2,16,16,6,15,11,3,9,3,8,15,13,14,8,15,3,8,3,16,14,6,20,5,13,0,11,2,8,10,18,10,15,11,11,6,9,0,6,3,8,14,14,5,9,10,2,7,1,15,6,2,7,4,3,7,15,7,0,1,14,12,1,2,0,20,4,15,8,5,5,9,4,17,21,21,4,21,6,13,2,1,7,6,1,22,2,9,14,1,11,1,17,10,12,8,5,10,2,2,18,11,1,0,5,11,10,1,8,13,4,1,7,3
Rrp1b,4,1,2,4,2,0,7,0,8,13,0,3,5,8,15,8,4,2,16,7,0,5,1,4,8,6,12,7,7,12,8,0,4,7,1,3,8,12,10,6,12,4,10,6,10,9,11,1,8,1,0,1,2,14,4,9,0,7,6,9,6,5,2,10,0,1,14,6,2,9,8,8,0,8,3,2,0,1,0,0,1,6,0,11,0,8,3,8,10,13,0,1,5,6,9,4,5,2,5,5,2,10,4,0,3,0,4,10,1,0,3,12,9,3,5,1,0,12,0,4,8,3,14,9,5,0,1,6,11,8,11,0,9,4,0,3,7,0,4,6,12,14,6,2,4,5,6,7,0,0,6,0,9,9,14,3,7,14,1,5,4,0,10,18,8,2,6,6,5,10,6,1,5,3,13,15,0,0,0,4,3,0,7,7,8,14,5,12
Rsrc1,0,0,8,3,0,0,0,11,2,0,6,0,0,5,0,0,0,0,9,3,0,7,0,0,0,0,6,0,0,0,1,0,0,4,0,6,0,0,0,0,6,0,4,3,0,0,5,0,0,1,0,0,0,0,0,0,0,3,0,0,1,7,9,4,2,0,0,0,6,0,0,0,0,0,0,0,0,0,5,5,0,0,0,0,0,0,0,0,0,0,5,7,0,0,0,0,0,10,7,0,0,6,0,0,0,0,0,0,8,9,0,0,0,0,0,0,0,0,6,0,0,0,4,0,0,0,0,0,0,0,6,5,0,0,3,0,0,0,0,5,0,0,0,0,0,7,4,0,4,0,7,0,5,0,0,0,0,0,0,0,0,5,0,1,2,1,8,9,0,0,0,0,0,0,11,0,0,3,0,1,0,3,0,0,0,0,0,0
Rtf1,5,3,5,6,4,0,2,5,0,0,3,4,4,0,5,1,0,5,2,2,3,4,0,9,0,5,3,7,6,7,5,1,7,6,4,4,0,6,0,6,4,5,1,1,2,3,3,3,5,3,3,6,2,3,7,2,1,0,4,0,4,1,7,0,5,0,3,3,0,4,1,7,2,0,4,12,9,7,7,2,5,10,2,8,3,3,1,6,3,0,0,1,4,3,0,7,0,4,4,10,7,4,2,0,3,4,1,6,5,1,0,8,5,2,4,1,0,6,0,0,0,7,1,7,4,5,0,0,4,10,3,1,3,1,4,0,1,4,1,0,0,4,1,4,5,4,6,2,4,0,3,5,4,5,3,0,7,9,8,6,3,3,1,3,0,5,6,0,4,1,4,6,2,9,3,0,4,2,1,7,5,0,5,2,6,0,0,2
Ryk,0,0,0,0,0,6,4,4,8,6,0,0,0,2,0,0,7,3,0,0,0,4,0,6,0,0,0,0,5,0,4,0,0,0,8,0,1,0,5,6,2,5,0,0,0,0,7,5,7,0,0,0,0,0,0,0,0,4,3,0,0,0,0,0,0,6,8,4,0,0,0,0,2,6,4,1,0,0,0,0,4,0,0,3,2,3,5,8,4,7,0,0,0,0,6,0,0,3,0,0,6,0,8,8,6,3,0,0,0,0,2,0,0,5,0,0,11,0,0,0,4,9,0,3,2,0,0,5,2,5,10,3,0,0,0,0,0,2,0,0,2,5,0,0,0,0,5,0,3,0,0,0,0,0,5,4,0,1,0,0,0,0,0,0,4,0,2,0,0,0,0,3,0,0,0,2,0,6,0,4,0,0,0,5,5,4,3,1
Sall1,0,0,2,0,0,1,2,0,1,3,3,0,0,0,0,3,3,1,5,0,1,2,1,0,0,0,0,0,0,0,1,0,0,3,6,0,0,0,0,1,0,2,2,4,0,2,0,0,0,4,2,0,2,0,4,0,0,5,4,2,0,3,0,1,2,0,0,0,0,3,0,1,1,0,2,1,0,0,0,1,3,0,3,0,1,2,0,0,0,1,0,0,0,2,0,0,8,5,1,2,0,0,4,0,5,0,1,0,2,1,3,1,0,0,0,0,0,0,1,0,0,0,0,0,0,5,0,0,5,0,2,1,7,1,3,0,0,0,1,0,0,2,0,0,0,0,0,0,0,2,0,5,0,1,3,0,3,4,0,2,0,0,6,0,5,0,0,0,0,1,0,0,0,1,0,0,3,0,2,0,3,1,0,3,3,0,0,0
Sars,9,0,3,20,1,11,7,10,6,7,14,13,5,3,2,19,13,0,1,9,2,18,2,5,17,0,10,3,4,8,7,15,14,2,1,2,13,3,0,9,17,0,10,8,3,3,13,0,2,3,8,11,0,4,9,14,12,1,0,5,0,9,5,12,2,2,0,0,10,10,15,10,14,3,10,8,4,0,8,7,2,5,12,6,11,0,1,10,4,8,0,4,2,7,5,8,14,23,10,15,9,0,12,6,1,5,0,11,14,2,7,0,2,5,16,3,21,1,15,14,19,0,9,4,11,1,2,5,0,0,17,7,3,13,5,0,23,3,7,13,18,5,9,8,13,14,2,3,0,20,3,10,14,0,12,1,12,5,0,2,4,16,16,1,11,13,5,6,12,10,4,2,11,4,8,4,0,12,6,4,14,12,10,7,10,10,21,3
Sbds,0,1,6,0,3,6,1,0,7,5,3,0,1,4,4,2,8,3,1,5,1,1,6,3,8,1,3,4,2,6,0,1,3,5,0,4,5,0,2,0,4,5,0,3,7,3,1,4,3,3,5,0,0,1,1,4,3,0,2,0,1,3,2,3,4,7,0,3,0,5,2,0,2,3,0,1,8,2,0,3,12,6,1,2,1,8,3,0,4,5,2,0,2,1,6,6,3,4,0,5,0,5,2,5,0,3,5,5,2,5,0,2,7,0,0,1,4,1,1,1,5,0,10,8,8,1,3,2,2,3,8,4,1,3,2,2,0,2,9,1,2,2,2,1,4,3,3,1,3,2,8,0,3,7,0,4,0,7,4,5,5,0,7,2,2,4,1,0,1,0,0,5,3,0,2,4,1,0,6,6,7,8,2,3,7,4,0,1
Scd2,30,19,9,19,3,11,28,17,21,1,6,4,26,24,2,1,2,20,0,0,7,8,26,1,10,14,17,6,6,4,28,2,14,21,15,5,9,1,23,25,1,3,12,17,15,37,6,3,3,2,12,1,16,11,27,20,0,9,17,2,21,0,18,15,14,23,8,26,3,5,6,0,34,3,29,17,15,1,34,25,24,5,8,0,4,7,24,3,14,13,14,6,17,22,23,32,6,23,1,6,1,18,12,28,24,7,9,40,3,17,27,7,0,3,0,19,3,12,23,10,28,13,5,0,1,9,1,0,21,30,17,31,33,24,3,14,14,13,13,16,14,27,2,11,4,26,4,10,3,12,18,0,19,1,16,13,0,15,3,24,16,10,24,38,10,14,13,5,1,5,14,3,1,13,19,20,22,4,19,0,4,9,2,5,24,22,10,21
Scp2,0,0,0,0,0,0,1,0,3,3,2,0,4,0,0,0,0,3,0,0,0,0,0,4,0,0,0,0,1,0,0,0,0,6,0,0,0,0,0,0,6,0,7,0,0,0,0,0,0,0,2,3,0,0,0,0,0,3,0,0,4,0,0,0,0,0,0,0,0,0,0,0,0,0,0,6,0,1,0,0,7,0,0,0,2,0,0,0,2,0,0,0,0,0,2,0,0,4,0,0,0,0,0,0,0,7,2,0,0,0,0,0,0,4,0,0,0,0,0,4,0,0,0,3,0,6,4,0,0,7,0,0,9,8,0,3,2,0,0,0,0,0,0,4,0,0,0,0,0,0,0,0,9,6,2,0,0,0,0,0,0,0,0,0,1,0,1,0,0,0,0,0,0,0,0,0,7,0,0,0,0,0,0,0,0,5,1,1
Sdhc,3,16,0,7,2,12,1,12,0,4,2,17,4,2,8,12,1,10,14,21,14,6,4,1,0,10,13,10,0,1,13,0,0,10,17,0,10,13,9,18,8,0,2,2,4,6,12,0,11,3,0,14,7,8,10,6,17,0,5,11,0,10,13,19,8,1,7,11,18,0,11,11,0,0,17,16,5,20,10,0,16,7,3,16,13,2,16,10,1,15,11,1,9,5,12,19,0,7,5,9,6,10,3,0,1,5,4,7,9,1,0,3,12,0,17,12,14,9,12,6,0,0,6,0,10,9,10,7,11,0,10,12,15,0,1,13,4,13,12,0,0,14,14,5,18,14,10,13,16,13,4,3,2,9,10,8,11,12,5,0,0,14,0,18,13,1,5,16,20,12,17,11,5,13,16,4,0,0,0,20,5,11,11,5,1,10,16,1
Sec11a,0,0,0,0,0,0,9,0,0,0,0,0,2,3,0,0,6,0,0,0,8,0,4,0,0,0,0,0,0,0,7,0,0,0,0,1,0,0,0,0,0,0,0,7,0,0,0,1,0,0,0,4,0,13,0,0,11,0,2,0,0,0,0,0,0,0,0,0,0,0,0,0,8,0,5,10,0,0,0,0,0,0,0,5,1,0,0,0,0,0,0,0,0,0,0,0,0,1,7,7,0,0,0,0,8,0,0,0,0,0,11,0,0,9,0,0,5,0,0,0,0,5,0,3,2,0,0,0,0,0,0,0,0,5,0,3,0,0,0,2,0,0,0,7,0,0,0,0,0,0,0,0,0,0,12,0,0,0,0,0,12,0,0,7,2,0,0,0,0,3,6,6,0,8,0,0,0,0,8,7,0,0,5,0,0,0,11,0
Sec62,0,0,0,18,11,0,0,22,0,17,0,1,0,4,1,0,11,0,1,1,0,4,0,19,0,0,2,0,0,24,2,18,4,0,0,15,0,0,5,0,24,21,12,18,4,9,0,0,0,0,0,13,6,0,0,0,19,0,3,1,0,2,0,29,24,0,0,0,0,0,4,0,0,0,0,0,20,0,14,15,0,0,0,1,13,0,20,16,0,0,0,8,6,16,21,18,0,0,4,0,12,0,10,0,0,21,5,0,0,17,11,0,25,0,0,10,0,0,0,0,0,0,12,0,0,21,0,0,3,15,0,0,0,0,0,0,0,0,0,0,0,20,0,18,1,2,16,19,0,0,0,1,0,1,0,5,0,22,0,0,0,0,0,14,0,0,0,0,0,12,24,0,0,0,27,0,0,0,27,0,0,22,0,0,10,4,17,0
Selk,2,0,7,1,1,1,2,4,3,4,1,9,6,11,0,11,6,6,1,2,0,11,0,0,7,5,1,6,0,1,0,2,3,1,5,5,0,0,6,0,8,0,11,1,0,1,10,12,0,0,6,9,3,0,1,4,2,11,3,1,8,5,8,1,3,5,2,6,1,1,2,6,1,7,2,0,2,1,3,9,3,4,0,8,1,2,0,1,0,5,15,1,0,2,3,0,7,0,9,0,8,9,1,1,2,13,1,0,2,4,2,8,2,2,4,1,11,2,1,0,3,0,8,11,3,5,2,1,8,4,15,5,2,2,3,1,1,0,2,1,3,3,4,2,0,1,0,3,1,4,4,3,5,14,1,8,1,0,0,4,0,2,1,3,4,6,6,3,2,1,5,5,3,10,1,0,5,4,0,3,3,5,4,3,17,0,17,12
Setd5,2,6,0,5,3,0,9,0,2,0,5,0,0,0,5,0,0,0,7,0,6,8,2,5,2,6,0,0,0,0,8,7,0,3,4,0,5,0,1,0,0,5,7,8,0,4,0,1,0,5,1,0,0,6,0,6,0,0,3,0,1,5,4,0,7,2,0,5,7,0,2,0,4,0,0,9,0,0,6,2,3,3,0,7,0,0,0,6,4,0,0,0,0,3,0,12,5,0,0,0,7,6,4,0,0,0,4,0,0,0,4,1,10,0,6,0,9,0,0,0,0,1,0,4,7,0,4,7,0,0,0,4,0,3,7,1,10,6,4,0,0,0,0,8,4,1,0,0,0,10,5,5,0,0,8,0,4,14,0,0,3,0,0,0,0,0,6,1,0,3,3,4,0,0,0,2,7,3,2,0,10,2,6,0,6,0,1,2
Sf3a3,0,11,28,6,10,8,5,6,6,5,6,3,1,11,19,6,0,8,12,0,1,11,10,4,5,6,7,19,6,0,5,6,8,3,16,7,1,2,12,25,6,14,9,1,2,0,3,6,0,17,7,8,9,24,6,1,4,12,4,3,6,4,16,21,8,8,1,3,9,12,8,10,6,2,1,17,28,12,4,6,3,10,11,0,10,5,4,27,1,16,3,2,13,7,4,1,12,25,4,13,7,20,9,3,4,11,19,7,7,6,8,5,6,4,19,3,1,6,4,2,10,1,9,13,6,11,3,1,5,1,9,1,17,6,0,9,6,2,3,2,9,5,15,11,8,13,17,0,12,4,11,13,4,23,13,19,2,10,6,2,6,22,2,1,13,7,7,11,9,0,5,7,3,18,0,3,3,1,3,6,6,10,14,4,1,25,11,6
Sf3b2,0,32,12,12,43,0,24,11,26,2,21,0,22,35,4,19,2,22,13,0,17,12,15,28,21,7,1,0,30,3,19,2,2,0,3,13,1,1,12,2,3,2,0,25,19,9,5,4,0,3,1,11,19,0,2,8,16,20,1,17,0,17,30,9,21,20,16,13,33,0,4,17,8,22,31,5,0,13,20,0,10,0,7,20,17,20,0,17,0,2,16,2,24,12,1,2,11,33,9,0,18,0,13,4,2,11,10,14,3,16,3,31,17,12,3,18,21,18,27,26,9,4,4,12,27,11,5,1,1,21,7,23,1,16,27,16,3,10,0,28,0,0,14,30,0,33,15,0,8,15,3,28,23,32,9,14,3,9,28,9,0,9,0,16,34,16,41,17,24,22,24,2,9,0,13,17,29,28,2,31,5,12,25,18,1,10,30,0
Sh2b1,3,0,0,0,9,3,1,0,0,2,0,0,1,4,0,0,2,2,0,0,3,1,0,2,1,2,4,1,0,0,2,0,3,2,3,0,10,0,1,2,2,6,0,0,1,0,2,2,0,2,0,2,3,0,2,1,0,0,0,1,6,3,0,0,3,2,0,0,0,0,3,0,0,3,3,2,1,3,4,0,2,0,1,5,3,0,0,0,1,0,2,0,4,1,3,2,1,3,3,0,1,0,4,1,4,0,4,2,2,0,0,2,0,3,3,1,5,0,3,2,1,0,0,2,0,2,1,2,0,2,2,0,4,0,0,0,5,0,0,0,4,4,0,1,2,0,0,2,6,2,0,1,3,0,0,0,0,7,0,0,2,4,2,5,0,1,0,4,1,0,2,0,5,4,6,5,6,0,1,2,4,2,0,0,4,0,0,2
Siva1,5,2,9,5,10,18,7,1,17,4,20,0,1,6,11,6,2,4,10,13,7,2,25,0,2,14,2,6,4,10,7,9,10,11,6,11,1,0,13,2,7,4,5,12,24,10,1,0,4,21,2,8,12,4,6,5,0,6,3,21,11,0,5,8,4,10,2,4,19,4,14,2,1,5,11,0,3,8,5,6,12,11,2,18,8,0,1,14,10,0,11,7,4,11,14,14,13,9,5,16,15,18,4,11,15,3,4,4,4,1,1,6,12,6,1,2,3,0,10,7,13,10,9,2,5,1,0,13,2,6,17,0,8,1,4,4,1,11,1,4,4,2,6,14,2,16,5,2,16,4,3,10,7,3,4,9,4,0,12,5,12,4,4,12,6,0,6,4,19,14,3,1,5,6,2,6,3,19,17,11,8,9,3,4,2,0,19,16
Skap2,4,8,5,0,0,3,4,3,8,7,9,0,0,2,6,3,0,2,3,6,8,5,5,6,0,7,0,0,0,5,0,0,0,0,4,3,1,0,4,0,7,0,4,0,6,0,0,3,3,1,3,7,2,6,3,4,8,0,0,2,3,1,4,3,0,8,6,5,0,5,0,3,0,2,0,0,1,5,0,9,0,3,6,5,0,7,1,0,5,4,10,4,0,0,0,5,2,6,8,0,0,6,6,1,0,1,2,8,5,5,0,8,2,0,0,2,0,0,4,3,0,2,0,0,8,0,0,0,5,7,0,5,0,3,0,3,5,2,0,4,8,8,0,1,0,0,5,7,6,4,1,0,2,1,0,11,2,2,3,8,2,3,1,6,0,5,1,9,5,0,1,9,6,2,5,4,1,0,0,0,3,5,2,6,0,4,0,7
Ski,0,4,0,3,2,0,0,0,7,5,0,0,3,3,1,0,0,5,0,0,0,0,0,0,2,0,0,8,4,2,0,5,0,6,6,0,0,0,0,7,0,3,0,0,6,3,0,0,0,0,0,8,0,0,0,0,0,0,0,5,5,0,0,0,0,0,0,0,0,0,0,6,5,3,6,0,2,6,0,0,0,7,0,8,5,0,0,2,0,0,0,0,5,0,0,7,6,3,0,5,0,0,0,6,0,4,0,3,9,0,1,0,6,0,0,8,0,0,0,4,4,0,7,0,4,0,5,2,6,7,0,1,0,0,0,6,0,0,0,0,0,0,7,6,4,0,3,6,0,5,9,0,0,5,7,0,0,4,0,12,5,0,0,0,0,0,0,0,0,0,0,1,0,0,0,4,0,0,7,0,0,3,0,0,0,0,0,0
Skiv2l2,4,5,2,6,3,0,0,1,1,5,3,0,1,5,1,1,0,8,0,6,3,2,1,1,3,11,0,0,0,1,2,0,3,0,1,0,1,2,4,1,1,0,1,3,3,4,1,2,1,1,0,2,1,3,0,1,0,4,6,2,0,2,0,3,2,4,0,1,5,2,6,0,0,0,4,0,0,0,3,7,2,10,2,3,5,3,3,11,4,1,1,3,0,4,6,4,0,1,3,3,3,2,1,3,3,1,0,1,2,0,1,1,2,5,3,0,5,2,3,6,0,1,1,0,1,1,4,2,4,2,0,2,7,1,2,3,1,6,3,3,3,1,0,1,8,9,1,2,2,1,0,6,4,1,2,1,1,4,4,6,2,4,2,0,2,1,0,5,0,7,2,2,2,4,0,1,1,2,0,2,3,2,3,2,7,1,1,0
Skp2,6,2,0,6,0,0,0,0,6,0,0,0,5,0,3,0,0,4,0,1,4,4,2,1,0,0,2,3,3,0,5,3,1,1,2,2,0,3,5,0,6,0,5,1,2,3,3,0,5,1,1,4,0,0,0,1,1,2,3,1,0,1,2,2,1,3,2,1,0,1,7,0,1,0,2,3,5,1,4,0,2,2,2,3,0,2,0,1,0,2,0,3,4,0,0,0,5,1,0,2,3,3,3,3,1,2,2,3,2,4,1,4,1,3,0,0,0,0,3,2,2,0,5,1,1,0,1,1,0,4,0,3,4,2,0,5,3,1,0,7,2,0,2,0,4,1,6,0,1,5,3,3,1,3,0,1,0,1,3,1,4,4,1,4,5,1,0,0,4,5,5,2,4,0,4,3,4,2,0,2,4,1,2,3,4,2,0,0
Slc25a1,13,11,8,11,21,8,6,12,16,16,5,5,10,10,18,4,12,3,2,3,3,3,1,7,6,2,32,17,3,7,23,29,14,1,22,15,25,13,2,10,2,9,5,16,6,13,27,14,4,23,22,10,27,7,13,3,1,11,24,28,1,11,6,13,13,4,9,23,6,11,14,4,15,18,8,8,16,13,5,5,17,3,7,4,7,16,18,8,3,1,15,6,1,5,8,3,6,6,7,6,11,16,11,6,20,5,22,6,10,18,18,4,3,18,19,25,11,12,6,7,16,5,0,5,7,8,13,14,12,11,0,23,16,10,2,18,23,18,15,5,6,9,21,22,8,7,9,19,11,4,6,10,18,22,18,4,6,7,23,12,6,4,11,4,0,16,14,5,10,6,25,9,19,28,12,0,11,11,23,0,2,10,3,3,6,0,2,24
Slc27a3,0,0,2,0,5,1,0,0,0,0,1,0,0,0,1,5,0,2,0,0,0,0,0,2,0,0,1,0,0,2,3,3,2,3,0,5,4,0,0,2,2,5,6,0,2,0,6,1,0,4,2,0,0,0,3,0,0,4,2,0,0,0,1,0,1,0,3,0,0,2,3,0,2,1,0,1,0,0,4,0,3,0,4,4,0,4,0,2,5,0,0,1,1,3,0,3,0,5,8,0,1,0,2,0,3,0,0,2,2,0,0,2,1,0,1,0,3,2,3,0,0,0,0,0,1,1,0,0,0,0,1,2,0,0,0,0,5,3,1,2,0,3,0,0,0,0,0,0,0,2,0,0,0,0,4,3,4,0,0,5,0,1,0,0,2,1,0,0,0,0,3,4,0,4,0,0,0,1,0,0,0,0,0,1,0,0,3,2
Slc2a3,9,20,32,7,14,26,35,8,7,18,27,9,23,6,4,2,28,31,24,22,11,37,9,10,19,8,24,9,16,16,10,17,28,8,25,3,8,27,13,20,23,8,13,15,18,6,13,49,27,13,12,13,11,14,8,10,29,16,5,10,33,16,14,13,19,10,5,29,9,17,26,6,4,16,14,34,17,40,38,6,13,12,41,17,32,15,23,28,28,32,40,11,40,16,13,8,10,7,7,28,5,3,19,34,11,2,25,30,13,9,20,39,4,12,3,4,11,21,35,9,24,8,13,24,18,8,17,14,5,28,26,18,30,4,8,10,20,37,7,8,20,13,38,19,15,48,19,46,11,12,21,12,23,4,16,32,7,20,13,20,25,10,28,8,8,33,6,30,24,9,16,14,12,29,32,23,24,6,24,21,33,21,34,23,36,9,12,21
Slc7a1,3,0,8,0,8,8,5,0,8,0,0,2,0,1,7,6,1,4,3,4,3,6,1,1,3,3,4,5,0,0,1,0,5,4,0,2,0,0,5,7,0,10,1,0,3,0,7,8,7,2,0,0,8,2,0,6,3,3,1,0,0,0,0,0,1,5,4,1,1,0,7,0,0,0,9,8,1,5,5,0,3,0,0,0,1,1,0,7,3,0,0,4,12,2,5,0,0,0,4,9,0,6,5,6,7,6,1,8,9,0,6,3,6,6,5,6,5,1,0,10,10,6,1,1,0,0,4,3,4,9,0,7,7,9,6,0,0,5,5,4,0,5,6,3,7,3,0,9,9,9,0,10,9,0,3,2,0,11,1,5,0,2,6,0,0,4,0,5,0,6,6,0,0,4,4,3,7,0,0,7,4,8,1,7,0,1,7,0
Slc7a5,5,1,5,7,0,7,13,13,0,12,7,0,5,2,6,2,4,5,0,6,3,9,2,11,13,8,13,1,4,8,0,0,2,10,1,3,0,0,0,2,1,5,3,0,3,0,16,7,4,1,0,12,1,5,7,1,7,7,1,7,2,1,1,11,1,1,0,9,7,2,4,5,2,8,0,1,1,2,3,5,13,3,5,3,13,1,4,9,6,2,3,6,5,1,0,1,1,2,3,4,3,5,9,1,1,7,1,10,8,0,0,0,0,9,3,1,0,12,8,7,0,6,0,8,6,1,2,4,4,0,3,8,6,2,0,0,6,6,7,4,5,7,7,5,3,1,2,3,3,3,0,7,0,2,6,8,1,11,2,4,3,1,2,6,3,4,0,0,12,1,4,7,2,8,0,1,8,0,13,0,7,7,6,8,4,6,3,7
Smc5,0,1,2,0,3,2,3,0,1,0,3,0,0,0,0,0,4,3,0,0,2,2,2,6,2,0,2,5,0,1,2,5,1,0,1,0,0,5,0,0,4,0,2,0,1,0,0,3,2,0,1,5,0,0,1,3,0,1,3,1,0,0,0,0,3,0,4,2,2,1,1,0,0,2,0,3,0,3,1,5,2,1,0,7,0,0,6,5,1,2,0,0,1,0,0,3,0,2,3,0,7,1,3,0,0,5,0,1,0,5,0,0,2,0,2,2,0,0,0,1,2,2,0,2,0,1,0,0,2,7,0,1,0,0,0,2,0,2,1,2,0,0,1,0,10,0,3,1,0,3,0,6,2,0,4,4,0,5,5,1,1,0,0,1,4,4,0,0,9,1,4,2,1,0,0,0,1,10,3,0,0,0,1,3,3,0,0,0
Smc6,15,0,2,0,1,1,9,12,11,1,0,1,2,19,1,0,0,0,3,6,1,4,6,20,2,8,7,2,18,0,7,15,6,0,8,1,3,14,10,9,9,7,7,17,0,7,3,6,5,3,1,0,14,1,22,7,4,2,0,4,3,6,0,26,16,3,4,1,11,9,2,11,15,17,6,2,11,0,14,6,0,0,6,9,14,9,5,1,3,11,13,20,14,1,7,10,7,8,2,14,9,23,10,14,15,11,14,26,6,7,7,5,0,2,5,25,7,3,6,7,8,16,9,14,5,2,1,10,2,7,11,7,6,0,3,10,3,1,6,3,1,2,14,8,8,18,5,0,14,2,4,4,0,11,4,1,2,9,9,17,5,2,10,3,2,20,0,4,1,0,20,3,16,3,5,18,15,0,1,9,10,25,0,1,9,20,22,1
Snhg1,0,0,12,5,0,0,0,0,0,1,8,0,0,0,0,0,0,4,0,7,0,0,0,4,2,4,0,0,0,10,7,0,0,0,0,0,1,0,0,0,0,0,0,8,0,0,0,0,0,0,0,0,0,5,0,8,0,0,0,0,0,0,0,0,2,2,0,0,7,0,0,0,0,0,6,13,0,0,0,0,10,0,0,0,0,0,0,0,0,0,0,0,0,0,0,7,0,1,0,8,0,0,0,0,0,0,0,3,0,0,0,0,9,6,0,0,13,3,0,0,0,0,6,10,0,0,0,0,13,0,0,0,5,4,0,0,0,0,0,0,0,0,4,0,0,0,0,0,0,0,0,0,12,0,2,8,0,0,0,0,0,0,0,0,0,2,0,0,5,9,0,0,0,0,6,0,0,0,0,0,0,0,0,0,0,0,0,0
Snhg3,14,13,11,16,6,10,2,0,8,16,23,2,23,1,8,33,4,7,4,1,12,9,14,15,1,4,4,6,18,5,9,5,1,4,3,9,10,8,4,0,7,1,15,0,12,2,2,3,13,3,6,17,23,5,18,17,29,6,1,15,12,4,11,25,1,24,3,0,15,3,6,22,29,0,12,23,32,9,19,12,10,8,14,9,8,2,5,12,8,5,10,20,9,23,5,5,7,12,12,0,16,4,23,7,0,3,0,26,1,22,2,9,4,4,15,10,25,6,17,1,15,7,3,10,2,12,15,3,27,3,3,8,3,7,26,8,5,14,6,4,10,18,1,21,5,2,9,11,11,0,13,2,17,10,5,25,6,11,6,26,3,11,3,3,10,18,24,12,18,8,10,8,3,10,20,0,5,9,2,1,4,0,25,11,3,3,6,1
Snhg6,5,5,0,0,4,5,1,0,0,0,10,1,0,3,3,8,2,6,6,0,0,0,4,6,3,0,5,5,0,7,10,0,2,1,8,9,0,1,0,1,2,2,1,1,0,7,0,0,0,9,8,3,1,7,3,0,5,10,0,1,4,1,3,0,0,0,5,0,4,5,0,3,3,5,4,2,7,8,0,2,1,3,1,0,0,5,6,0,11,3,8,2,0,5,0,0,1,5,0,1,0,0,2,0,2,0,4,1,3,2,3,1,9,0,3,7,2,2,0,5,0,6,5,6,0,5,3,0,0,0,0,4,1,1,4,2,6,4,3,4,9,2,4,9,12,0,8,1,3,7,0,0,1,0,4,0,7,2,8,1,4,5,0,0,0,1,3,5,9,0,0,5,0,5,0,0,0,4,2,4,6,6,4,5,6,1,5,2
Sod2,17,45,23,33,49,21,11,17,5,15,62,36,22,2,27,18,7,9,3,14,27,33,50,22,23,28,40,25,1,32,27,4,39,30,48,34,39,5,41,47,23,22,38,21,5,19,26,6,9,17,31,26,0,28,24,43,29,13,41,28,14,5,21,39,51,1,12,28,41,26,28,1,16,50,16,38,5,28,38,24,42,24,11,19,28,2,30,11,7,15,26,40,5,32,25,48,41,37,30,8,27,30,29,28,53,23,41,10,13,31,10,13,55,44,23,25,7,1,17,48,14,6,28,47,30,27,59,19,47,37,22,51,50,20,31,12,2,26,28,4,39,2,18,28,6,15,11,44,6,14,54,25,42,32,4,35,39,4,18,49,20,24,3,21,36,35,2,29,5,26,11,19,42,29,25,22,33,5,15,4,19,27,25,34,36,16,46,36
Spcs1,1,2,6,5,6,10,9,17,7,3,17,3,0,12,10,2,7,4,0,17,0,3,7,6,7,10,15,7,0,2,3,11,7,5,14,0,0,15,7,4,11,1,8,8,5,0,10,12,1,0,14,3,17,21,9,7,1,7,7,7,1,9,13,6,21,0,3,9,1,0,6,0,0,8,13,9,15,9,16,7,5,1,15,18,12,10,5,2,5,3,10,3,21,1,13,12,18,22,2,9,8,7,1,5,15,13,6,2,1,10,16,0,11,4,4,22,6,4,5,12,0,0,1,1,4,1,11,2,17,3,3,8,0,16,3,17,0,4,9,7,7,0,7,5,4,2,4,3,10,3,7,10,17,8,13,6,13,6,2,2,1,22,0,0,1,3,13,1,9,2,1,5,1,17,12,5,0,7,4,0,22,11,24,8,9,0,6,6
Spcs2,4,4,1,18,2,3,6,1,0,0,2,11,10,1,12,0,0,0,2,10,17,2,5,7,0,5,1,1,0,11,0,0,1,12,5,1,0,2,7,2,9,5,3,2,2,3,0,8,8,1,1,0,6,2,3,5,2,1,2,2,0,8,2,3,0,2,1,2,7,2,13,10,8,2,3,0,5,3,4,0,6,10,0,8,10,3,0,9,3,13,5,11,2,2,7,5,5,1,2,4,1,6,10,10,0,13,10,5,7,3,1,4,5,2,6,2,5,1,2,1,10,10,3,7,4,24,8,8,7,7,0,0,3,1,2,3,2,5,1,4,4,3,14,2,4,3,8,5,6,1,5,4,3,18,3,4,6,7,1,26,6,2,2,8,4,3,7,2,17,4,6,2,4,5,1,0,3,3,4,1,4,1,4,15,1,2,10,0
Spp1,5,7,14,10,3,12,13,6,0,11,8,6,3,0,8,2,1,16,12,2,12,5,16,14,10,7,6,0,10,5,10,1,4,3,2,6,10,15,8,17,9,18,3,9,2,11,10,6,5,13,8,10,9,17,1,11,7,1,0,16,6,11,7,5,11,16,3,10,7,7,8,1,7,10,1,0,7,4,2,13,11,6,15,7,13,2,2,0,7,6,13,1,7,9,4,13,0,11,3,6,14,13,15,21,4,17,10,11,2,2,17,8,11,6,8,0,3,12,3,2,20,2,0,10,10,4,8,8,12,12,6,12,6,13,7,6,14,9,8,6,5,8,0,8,9,8,3,11,5,16,8,2,9,9,12,4,11,18,8,1,17,9,11,18,14,2,1,1,7,14,13,0,11,13,12,11,3,1,4,7,14,19,3,16,5,5,8,8
Srek1ip1,6,9,0,0,8,0,1,6,0,7,15,1,1,7,7,0,0,6,0,0,8,0,9,4,0,9,0,1,8,4,5,10,0,0,0,1,1,5,0,3,0,10,0,1,0,0,0,0,1,0,3,6,0,0,0,0,0,0,12,0,0,0,0,0,3,1,0,0,0,0,0,0,0,7,0,10,0,0,6,0,1,0,6,0,0,1,0,7,0,5,0,0,0,9,0,5,4,7,7,5,0,0,3,8,0,5,0,0,11,0,0,5,0,0,0,1,0,7,0,0,3,0,0,0,0,0,5,0,0,0,3,12,0,3,0,4,0,0,0,5,0,0,0,6,0,10,0,0,0,6,1,1,4,0,2,14,10,0,0,4,0,0,0,0,7,0,0,0,7,0,4,0,0,0,9,4,0,8,0,0,4,0,2,0,0,8,0,0
Srp19,8,1,0,11,2,14,11,1,15,0,1,0,0,13,3,8,0,7,9,2,4,9,5,9,2,7,2,4,5,0,0,7,9,7,2,0,0,4,14,8,9,5,3,0,4,4,1,0,3,10,3,0,1,0,12,3,2,4,9,0,2,4,3,2,9,3,3,0,8,1,2,7,11,2,1,13,0,0,7,11,0,3,9,6,1,0,2,5,0,1,4,5,1,0,1,7,2,3,11,2,2,8,0,3,5,4,2,0,8,11,16,0,0,14,13,2,21,5,5,0,10,4,9,14,0,8,4,7,0,9,5,0,0,0,2,0,0,0,8,5,2,4,2,0,8,1,8,4,2,9,0,12,0,10,0,17,0,2,8,13,5,0,14,4,0,4,3,0,9,0,17,1,10,8,10,9,7,2,14,0,0,6,9,16,3,16,21,1
Srpr,13,3,16,7,1,11,0,11,6,7,2,10,13,5,3,14,10,2,1,10,0,1,7,3,2,1,2,7,7,3,8,11,0,8,5,5,1,8,1,9,5,5,10,9,6,5,3,8,7,6,3,3,1,18,2,6,1,7,19,14,6,4,7,0,13,4,8,2,4,6,8,7,17,9,8,9,5,2,9,2,31,14,7,1,6,11,5,7,8,6,4,7,2,18,1,4,1,1,9,9,11,5,9,4,4,14,3,9,13,12,3,15,6,2,3,5,4,8,7,7,4,10,5,8,19,11,0,2,1,7,1,4,23,2,1,14,5,2,9,6,9,3,9,12,19,8,3,5,7,17,16,8,12,1,5,4,5,2,2,20,10,2,7,18,4,4,6,18,9,10,2,7,8,15,4,5,13,10,5,9,11,7,4,3,2,6,3,4
Srrm2,26,3,18,23,0,24,6,0,22,0,0,0,3,0,0,2,0,17,0,27,38,0,16,30,25,0,0,0,0,0,0,0,22,0,0,0,5,26,0,0,26,0,11,11,1,5,0,18,0,0,0,0,0,37,0,28,0,0,0,0,0,7,31,21,33,0,0,0,8,36,0,23,3,1,0,2,33,5,0,0,25,0,10,0,5,0,0,30,0,23,0,0,0,30,9,8,0,0,0,0,0,6,0,0,0,5,32,0,19,1,0,0,0,15,13,0,36,0,30,0,4,26,8,0,2,8,18,23,0,31,0,0,0,0,28,11,25,12,0,25,26,0,2,0,3,0,0,0,2,0,29,0,2,2,10,0,0,0,11,0,0,0,0,0,0,0,0,0,22,24,0,32,12,17,0,0,22,27,9,0,0,4,28,0,0,31,1,0
Srsf11,8,7,5,5,0,5,6,7,4,2,0,3,0,5,2,15,0,4,0,5,7,0,12,2,2,4,3,8,5,4,0,1,15,5,0,4,1,1,4,0,8,1,5,0,9,4,23,11,9,1,11,6,3,1,0,19,6,6,3,2,0,9,11,10,0,7,16,10,10,8,7,3,1,16,4,8,7,6,1,8,2,3,7,2,2,1,12,11,9,1,16,0,8,1,12,1,3,10,1,0,1,13,0,7,1,5,2,1,0,0,1,8,2,5,5,14,0,1,4,6,10,5,13,17,4,1,16,4,2,4,2,1,10,6,1,0,4,12,1,8,10,6,7,4,10,8,2,5,11,12,5,1,13,1,7,1,2,5,0,16,0,2,8,0,1,0,5,1,17,5,12,4,6,5,1,0,9,0,12,0,2,8,9,8,16,1,18,4
Srsf2,3,3,6,7,3,6,5,11,0,12,10,10,11,0,21,3,2,12,10,8,10,1,3,11,3,11,7,4,11,2,6,4,0,9,0,9,1,4,3,1,0,4,1,3,6,11,1,12,0,9,6,13,4,3,6,8,1,2,4,8,9,9,8,10,9,8,12,7,2,0,10,20,0,9,7,0,14,9,3,4,12,0,10,6,14,4,9,0,0,0,12,15,15,11,19,17,0,8,16,13,2,0,10,15,14,2,17,1,8,8,6,11,8,12,7,9,0,0,6,0,9,13,7,15,8,1,4,12,6,0,19,6,6,13,13,0,15,12,1,11,9,12,4,1,5,8,13,0,1,7,14,1,15,2,6,11,1,3,8,1,1,0,10,2,7,13,0,14,18,0,9,11,8,8,15,10,1,10,3,6,2,7,10,4,0,8,15,16
Ssbp1,14,20,9,14,0,4,15,19,17,9,10,3,7,5,3,12,8,2,3,9,10,11,5,15,11,17,19,15,15,1,4,8,4,29,11,2,3,9,8,18,13,7,12,11,3,4,17,10,11,7,4,5,4,20,5,8,16,8,14,5,10,9,18,11,5,4,12,12,1,10,7,14,1,11,18,11,4,13,17,7,10,10,6,23,11,7,24,15,18,15,5,5,5,6,2,12,12,21,23,3,12,3,16,6,7,25,3,2,14,8,13,3,24,6,0,7,11,13,20,8,17,23,11,6,17,7,0,4,10,4,10,10,5,4,13,2,1,15,4,10,14,12,11,7,15,12,7,11,20,5,7,4,11,12,7,32,12,29,5,4,11,16,12,13,8,6,10,19,16,3,7,8,0,10,20,14,14,3,10,6,7,4,6,13,11,9,9,1
Ssbp4,2,0,4,2,0,0,5,5,2,1,3,0,5,2,0,0,1,7,1,2,2,0,2,3,2,2,0,2,6,1,0,0,6,0,2,3,0,9,3,3,3,0,5,0,2,2,0,0,7,0,3,0,5,3,7,3,7,3,9,0,0,0,4,6,0,2,2,0,6,5,2,0,0,0,1,6,0,5,6,1,6,4,3,0,2,0,3,3,0,2,1,5,2,5,5,2,2,1,5,1,0,3,0,9,0,5,0,4,1,4,0,0,1,5,0,0,0,0,8,5,2,0,4,0,6,4,5,7,3,5,8,2,0,4,5,2,4,4,0,3,3,1,4,1,5,3,8,0,0,2,1,0,7,6,6,3,0,4,4,0,0,4,2,4,1,0,2,3,6,3,5,0,3,0,3,2,1,4,2,0,0,2,4,0,1,1,0,0
Ssrp1,0,0,20,2,15,2,6,17,4,7,1,0,7,1,8,7,0,4,10,24,2,18,2,9,26,5,0,15,14,13,9,0,20,21,10,20,16,31,4,15,12,19,1,2,20,8,8,15,11,1,9,4,9,11,20,18,19,23,16,22,18,5,1,20,5,0,3,21,8,4,11,11,1,23,27,4,4,24,14,2,6,31,16,20,18,2,30,21,31,0,8,3,11,21,3,10,17,12,0,18,1,25,17,13,3,14,15,23,11,12,1,2,11,2,12,15,16,20,9,6,25,14,3,19,0,3,0,18,16,10,16,3,2,11,13,6,0,9,16,2,21,6,15,1,20,14,0,2,0,8,19,3,1,2,15,8,15,3,16,14,11,25,6,3,5,11,21,18,1,1,12,12,21,21,16,9,8,7,23,17,4,31,0,9,21,0,7,9
Ssu72,5,5,1,8,8,7,2,1,4,4,3,4,11,10,10,4,1,4,4,2,16,8,6,11,5,5,7,1,5,3,2,16,5,3,4,5,2,3,13,2,4,3,6,9,3,4,6,6,6,9,12,6,4,2,8,1,12,5,3,3,2,5,9,7,11,7,5,7,7,2,6,3,6,2,11,4,7,3,7,7,7,5,0,6,0,0,11,4,4,3,5,2,2,6,3,6,4,10,4,5,6,1,3,13,1,5,8,5,5,0,8,3,2,8,3,8,5,9,6,8,4,3,5,7,1,7,1,10,15,9,6,6,5,1,5,7,12,2,5,7,5,2,1,3,5,6,2,0,4,2,0,6,10,7,13,10,8,1,4,5,5,8,9,7,8,6,6,1,9,5,8,5,2,5,0,3,5,11,6,9,6,3,1,3,9,0,11,3
St13,13,6,23,12,13,3,14,4,11,8,3,12,19,4,22,13,6,5,12,10,7,4,5,19,1,21,11,27,27,21,0,1,16,6,7,21,10,2,2,4,20,2,2,20,5,9,1,3,12,3,2,35,8,6,18,21,25,13,14,7,8,8,23,5,3,15,9,0,9,10,4,3,6,5,14,25,17,2,12,5,0,18,0,0,5,26,7,5,1,6,8,18,3,14,1,19,10,16,5,2,21,33,1,9,5,13,18,24,4,7,3,9,27,3,8,15,1,16,11,10,23,3,0,13,4,5,16,2,6,26,19,12,10,18,25,9,3,8,37,4,11,11,0,3,6,0,1,6,23,7,9,32,20,29,5,3,16,2,1,6,14,7,8,12,1,5,0,7,19,16,16,6,3,15,0,0,0,9,3,13,26,2,24,1,1,2,17,6
Stoml2,17,2,4,9,3,0,4,4,11,3,2,0,7,6,3,0,1,13,4,7,3,4,9,1,14,1,0,9,1,12,1,9,12,7,4,6,0,15,4,3,2,0,0,3,3,2,6,1,10,2,5,1,16,7,1,9,21,1,3,4,0,0,3,6,9,1,12,3,1,11,9,3,5,6,8,5,13,1,5,4,3,8,5,10,10,2,4,8,0,0,15,11,13,5,6,4,4,3,12,6,8,7,3,0,7,1,8,14,2,3,0,8,3,5,7,3,4,8,0,10,1,10,4,0,2,6,3,7,1,1,14,11,5,3,1,10,9,9,3,2,13,13,20,8,0,4,1,3,1,0,1,8,2,12,2,15,6,9,3,12,4,1,10,0,1,0,1,1,15,1,0,5,7,1,10,5,7,5,3,4,2,15,0,0,1,2,1,4
Sugp1,0,0,0,0,0,0,0,2,8,3,2,0,5,1,1,6,0,4,0,0,6,0,0,4,1,2,4,0,1,3,4,0,4,0,3,0,6,4,0,4,0,2,4,0,0,2,3,6,1,2,3,5,0,3,9,7,3,5,1,0,6,2,0,4,0,4,1,1,0,6,4,2,2,4,1,1,1,5,2,2,2,1,5,4,5,0,2,1,1,4,0,5,0,5,0,2,6,1,0,7,1,1,6,1,4,0,8,1,1,0,4,2,0,1,5,1,1,4,3,4,0,0,2,1,0,1,1,1,5,7,2,3,3,7,0,0,5,0,3,0,0,0,1,2,6,5,0,6,3,2,1,0,1,8,0,3,0,6,1,3,2,5,4,3,1,2,0,0,2,3,8,4,0,3,5,4,0,3,6,7,3,4,8,4,0,5,1,0
Syncrip,7,0,0,6,0,4,0,6,2,5,0,7,0,2,1,0,4,1,3,0,0,0,1,6,3,6,0,7,0,1,0,0,4,5,4,7,0,0,6,2,0,2,7,4,8,6,0,0,2,6,9,5,0,1,6,0,0,0,0,4,0,1,0,0,9,0,3,8,0,7,0,5,0,0,0,7,4,0,8,3,0,1,0,7,4,4,9,0,4,5,0,0,3,9,0,4,0,4,0,6,4,0,10,0,0,0,2,4,0,2,3,3,5,3,0,10,0,1,6,5,9,6,10,0,0,0,0,0,3,5,9,0,1,0,0,0,10,0,0,0,6,12,3,5,6,5,1,0,1,2,1,0,4,5,0,1,0,7,0,0,5,0,0,3,0,3,2,0,3,8,7,5,0,9,0,0,0,2,1,3,0,9,1,6,9,0,8,2
Taf7,10,2,8,9,4,0,10,2,0,8,23,5,0,4,1,1,15,10,9,14,11,1,11,0,1,9,2,6,5,15,9,0,1,5,8,8,0,0,1,4,7,2,6,0,6,8,8,8,8,5,3,14,11,11,4,9,9,3,0,8,9,7,5,15,6,0,8,12,8,1,3,1,10,4,9,9,9,5,1,1,7,2,9,5,16,10,10,4,5,0,8,10,12,8,0,8,6,9,14,13,7,1,8,7,1,0,15,10,7,15,1,10,9,6,10,8,6,13,17,0,4,12,4,16,1,1,6,6,0,8,8,4,19,12,4,11,1,4,4,3,15,8,2,1,8,0,13,6,6,4,7,3,5,3,12,9,7,12,13,2,8,4,1,8,8,9,4,10,4,7,8,2,4,17,8,10,6,2,9,5,21,0,4,8,0,8,15,10
Tbc1d13,18,8,6,0,20,0,13,12,0,0,15,0,0,0,16,8,16,6,14,0,8,0,8,0,9,3,0,15,0,3,0,0,0,0,0,1,0,0,15,0,15,0,12,1,11,17,2,21,23,8,18,14,0,0,0,0,0,0,16,0,0,0,0,0,8,0,0,4,0,0,15,0,7,0,0,0,16,0,0,0,0,15,8,4,0,19,12,8,0,0,3,0,15,0,0,11,0,3,0,11,0,0,1,6,13,0,0,0,0,0,0,10,0,0,0,0,17,0,0,5,0,0,16,0,17,0,14,0,12,0,0,15,0,14,3,6,14,0,0,0,0,8,0,1,17,0,4,0,13,0,13,10,0,0,7,0,0,0,0,0,3,0,0,0,0,0,16,0,15,0,25,0,0,0,0,5,0,0,0,0,0,0,17,0,4,11,7,0
Tbcel,0,0,0,0,1,0,0,5,0,1,3,3,0,2,0,0,0,0,1,1,0,0,0,1,1,0,4,0,2,0,0,2,0,0,4,0,0,0,0,0,0,2,3,0,0,2,0,0,2,1,5,4,0,0,2,0,0,0,0,2,0,2,0,1,4,4,3,0,0,4,0,3,0,1,0,0,0,4,4,0,0,2,0,2,0,0,2,0,0,4,0,0,1,0,0,0,0,0,0,0,2,0,3,0,0,3,0,2,4,0,0,3,0,0,2,0,2,3,0,0,0,0,2,2,0,0,0,0,0,4,5,1,1,1,0,2,3,0,1,3,0,0,3,3,0,0,0,0,3,3,0,2,2,3,0,0,0,0,0,0,0,1,0,0,2,4,0,3,4,0,4,0,0,2,0,0,2,2,1,0,0,0,0,3,1,2,0,0
Tcerg1,0,0,2,2,0,1,0,8,4,1,13,0,0,3,0,0,0,2,0,0,2,0,0,8,0,0,0,18,17,0,13,3,2,30,0,0,0,2,15,0,0,0,0,0,0,13,8,0,12,0,7,7,1,3,12,0,5,7,16,17,0,0,1,0,1,1,0,9,0,1,7,0,0,0,0,0,0,15,11,1,0,6,0,0,0,0,23,0,0,3,9,7,0,0,2,0,2,1,0,0,0,0,6,6,0,10,0,0,5,1,0,3,4,0,10,2,0,1,0,5,4,17,0,12,0,0,14,1,1,3,0,0,0,0,1,3,7,11,10,1,15,4,0,12,1,0,9,0,0,0,11,0,1,10,1,2,0,0,0,0,1,6,4,0,2,0,18,0,7,7,0,0,10,7,1,0,0,0,0,1,15,3,0,7,0,3,0,0
Tcf25,0,5,1,0,2,9,0,0,3,13,2,0,1,3,3,0,0,11,3,2,3,0,1,2,1,0,9,0,2,6,4,1,2,1,7,3,6,4,3,11,0,0,0,1,0,6,6,0,0,6,7,8,0,2,0,1,0,0,0,8,4,3,5,4,6,3,0,4,0,9,3,2,0,0,9,3,0,0,0,0,1,0,3,6,6,2,4,4,5,10,9,0,5,4,1,5,3,6,5,4,1,1,2,0,3,1,0,5,0,1,3,2,6,4,0,4,10,0,1,7,1,1,1,0,2,0,0,3,3,6,5,2,0,1,1,3,5,3,5,0,7,1,1,2,5,5,2,6,3,5,5,5,3,3,0,7,8,0,1,1,3,1,7,0,1,0,4,4,0,4,5,0,4,2,10,7,2,6,7,3,4,2,3,1,8,8,0,2
Tcof1,26,4,1,1,41,22,0,21,7,18,21,2,30,10,0,31,18,1,12,10,29,10,0,0,22,4,1,23,4,0,19,4,3,6,40,1,16,16,30,21,2,0,23,0,0,25,0,1,2,10,3,27,11,30,31,0,0,13,0,5,29,0,23,3,21,40,1,7,23,29,2,0,13,0,0,8,14,28,9,8,15,8,37,1,19,27,1,6,19,18,13,25,3,2,2,22,0,0,1,0,0,34,0,15,18,25,17,1,0,24,24,22,34,0,34,8,27,13,8,24,19,9,34,24,14,14,10,2,15,21,22,17,8,0,20,34,20,12,7,28,9,9,25,0,0,10,30,0,11,4,3,10,6,36,24,20,0,0,4,13,9,33,3,9,18,34,27,0,32,23,0,34,28,27,27,27,6,1,32,11,26,21,0,11,12,18,14,38
Tdp2,2,5,5,8,0,5,5,1,5,6,0,4,3,4,0,1,0,0,7,2,9,0,0,5,7,3,3,0,0,3,1,2,0,3,7,0,1,5,0,5,6,14,5,6,1,5,0,4,5,4,1,1,5,5,0,3,9,0,9,0,7,4,8,2,4,3,8,7,0,1,1,4,6,0,7,5,0,3,3,2,3,5,5,6,3,4,0,4,4,3,1,4,8,0,5,7,7,1,4,8,0,5,0,4,3,0,0,2,1,9,3,0,0,2,3,2,3,4,0,0,3,0,0,2,8,8,0,3,4,8,5,10,8,0,2,0,4,7,7,8,7,1,0,1,6,0,4,2,6,3,1,0,0,2,6,5,4,2,0,0,0,5,1,0,3,4,5,1,0,0,2,0,2,0,1,0,0,0,3,3,12,1,0,1,5,3,4,6
Tex10,7,10,1,12,1,4,13,3,9,0,7,0,8,7,4,0,0,2,7,5,8,12,1,8,11,0,0,3,7,0,4,1,0,6,0,0,2,11,0,6,0,0,3,0,4,1,0,3,0,0,0,5,0,10,0,0,2,7,6,0,6,10,1,4,13,2,2,1,2,11,0,4,0,12,0,9,14,13,0,2,6,0,0,0,2,0,4,11,0,0,1,8,1,1,11,3,4,16,15,0,1,4,0,10,7,1,2,3,10,1,10,7,9,8,6,10,15,1,5,0,14,11,12,6,9,0,0,5,7,4,14,0,4,11,13,2,6,0,1,8,1,14,3,9,2,0,1,6,0,0,3,1,8,6,0,0,11,6,0,2,0,6,8,2,1,19,2,2,3,0,1,15,2,5,6,7,5,9,2,0,8,0,8,1,0,5,0,0
Tfpi,7,6,6,3,1,5,4,8,9,0,0,0,0,4,0,1,2,0,0,5,0,9,0,0,0,0,5,4,8,3,3,6,4,5,0,0,4,0,2,4,0,1,3,0,7,2,5,2,8,0,0,4,0,5,2,0,0,0,0,10,3,3,0,0,5,1,11,0,6,0,0,3,0,1,4,4,3,0,10,2,1,1,6,0,8,0,2,0,13,0,3,5,4,0,5,2,9,5,0,4,6,4,2,6,3,9,3,0,4,6,1,4,2,4,0,0,2,0,5,7,6,0,4,1,5,11,5,10,6,4,7,1,3,8,0,0,3,2,3,0,0,0,3,5,4,0,1,0,10,7,2,0,0,5,0,3,2,5,3,0,3,4,1,3,1,2,3,4,0,6,0,0,0,0,2,0,3,0,0,8,12,3,4,6,0,5,0,8
Tgm1,0,4,0,0,0,0,0,4,0,0,0,0,0,7,0,1,0,0,2,0,4,0,2,2,0,0,5,0,4,13,0,6,3,0,9,0,0,0,7,4,5,2,2,8,0,7,0,6,1,0,0,6,3,0,1,11,0,3,2,0,4,4,4,0,5,0,3,1,0,1,0,0,0,0,1,6,1,1,0,7,5,6,0,0,2,0,0,7,0,3,0,8,0,0,0,1,0,8,1,0,0,0,1,0,6,1,3,6,2,0,6,7,0,8,13,1,0,0,0,6,2,0,2,0,4,5,0,1,4,3,3,2,0,4,3,0,0,3,1,2,4,0,0,1,3,0,1,3,7,0,0,5,0,2,0,4,0,0,7,4,0,3,1,0,3,0,1,2,2,0,0,1,0,4,1,0,1,0,4,0,2,6,2,0,1,0,8,0
Thoc3,11,19,14,6,0,12,11,6,18,11,17,2,16,17,4,12,0,13,9,16,4,1,9,0,2,3,2,17,9,1,7,12,0,14,7,12,0,15,5,0,7,20,3,6,14,1,13,14,10,0,14,21,0,1,15,3,3,18,12,8,3,0,14,1,9,0,12,13,0,8,6,10,12,2,0,10,23,14,1,16,1,0,8,12,12,5,0,0,25,9,13,13,2,6,2,0,1,13,13,0,0,7,3,0,3,12,0,6,11,10,4,10,14,16,1,11,3,1,1,16,4,16,7,10,0,3,1,14,1,13,4,21,0,10,0,17,5,12,15,5,5,2,4,3,0,6,20,3,5,8,2,7,4,0,13,13,19,14,16,6,10,0,0,11,1,16,12,1,8,3,9,0,0,6,4,3,6,8,3,11,6,2,0,15,13,10,16,2
Timm44,5,17,15,12,7,5,7,6,2,14,3,7,3,5,7,4,0,1,7,0,4,0,0,1,1,8,7,9,0,12,20,11,8,6,13,8,4,19,10,3,3,4,9,0,2,4,17,14,5,6,8,9,6,6,5,2,9,14,10,11,0,4,7,5,3,9,11,9,22,5,1,4,9,18,21,9,1,7,20,4,3,0,6,6,16,6,7,0,9,0,10,0,1,13,3,6,0,2,11,11,8,1,2,0,0,2,1,6,2,12,2,2,6,3,2,3,11,7,1,12,7,0,0,22,15,1,6,0,2,10,3,4,6,6,19,2,1,2,8,20,8,5,0,1,4,5,11,1,6,8,12,8,4,9,6,1,5,5,11,6,10,20,2,9,0,8,2,10,1,4,3,13,0,15,10,3,6,1,2,8,8,3,1,8,3,3,10,10
Timm8b,9,14,0,0,0,0,0,1,6,0,0,0,0,17,0,0,9,4,0,0,0,0,0,0,0,0,0,13,0,0,0,0,0,0,0,0,0,0,0,0,0,0,4,0,0,0,0,16,0,0,0,0,16,0,0,0,0,7,0,0,0,0,16,0,0,0,0,0,0,0,0,12,0,0,0,1,0,0,7,5,0,0,0,0,0,0,0,0,0,0,0,0,0,0,0,0,0,0,0,13,0,0,13,0,0,0,0,0,0,0,12,0,0,1,0,0,0,0,0,0,0,0,0,0,16,0,0,0,0,0,0,0,1,0,1,0,0,0,0,0,0,0,0,0,4,0,11,0,0,0,0,0,0,0,0,0,0,0,0,0,0,0,0,0,11,0,10,3,0,8,14,0,0,0,0,0,0,0,0,0,0,0,0,0,1,0,0,0
Tmem101,0,0,0,0,0,0,0,0,0,0,0,0,0,0,0,0,0,0,0,0,0,0,0,0,0,0,0,0,0,0,0,0,0,0,0,0,0,0,0,0,0,0,0,0,0,0,0,0,0,0,0,0,0,0,0,0,0,0,0,0,0,0,0,0,0,0,0,0,0,0,0,0,0,0,0,0,0,0,0,0,0,0,0,0,0,0,0,0,0,0,0,0,0,0,0,0,0,0,0,0,0,0,0,0,0,0,0,0,0,0,0,0,0,0,0,0,0,0,0,0,0,0,0,0,0,0,0,0,0,0,0,0,0,0,0,0,0,0,0,0,0,0,0,0,0,0,0,0,0,0,0,0,0,0,0,0,0,0,0,0,0,0,0,0,0,0,0,0,0,0,0,0,0,0,0,0,0,0,0,0,0,0,0,0,0,0,0,0
Tmem147,0,5,0,8,3,0,4,3,4,0,8,6,7,0,1,0,0,6,1,7,4,0,0,4,9,1,3,0,1,3,2,11,0,0,11,0,0,3,7,0,4,5,4,1,4,0,0,7,2,5,10,4,12,4,2,2,5,2,5,1,2,9,1,3,4,2,0,1,4,8,0,1,6,2,1,0,0,7,6,0,0,0,1,9,7,4,2,4,6,0,4,11,9,9,1,2,3,2,8,0,0,0,0,0,0,0,2,2,4,0,1,0,4,0,4,7,9,1,3,13,10,10,3,10,5,0,6,6,0,8,0,1,0,2,5,1,0,4,0,7,7,3,8,8,6,10,1,1,0,6,6,4,1,0,4,0,0,2,11,10,0,8,1,9,1,5,6,1,0,0,0,3,0,3,0,1,0,6,0,5,11,1,0,4,0,0,0,9
Tmem14c,4,10,4,0,0,1,2,6,0,0,8,9,3,5,7,9,0,3,3,6,5,1,8,0,2,1,5,4,9,7,1,6,9,11,4,8,9,7,3,0,6,4,2,3,10,7,0,3,6,1,2,8,9,14,0,7,6,0,0,5,3,3,2,1,6,7,5,9,0,5,8,2,1,9,1,7,1,4,0,0,0,10,6,5,3,1,5,10,0,13,7,13,4,9,8,1,1,0,0,7,0,5,2,0,4,0,3,1,5,13,7,1,6,5,11,1,7,9,10,1,7,11,1,3,1,0,5,1,5,6,1,3,4,0,0,3,8,0,2,14,2,0,6,8,3,0,2,7,7,4,0,0,10,5,2,2,0,0,5,0,5,5,0,4,7,9,0,2,9,0,0,0,8,10,0,1,2,12,5,8,0,8,0,3,9,1,7,6
Tmem223,6,6,2,1,3,5,0,7,0,4,1,6,18,0,5,1,1,6,3,3,7,8,7,0,7,7,3,2,3,4,1,1,8,2,0,4,4,3,4,8,9,0,2,4,4,7,1,11,3,2,3,2,2,3,1,6,0,1,0,3,3,2,1,2,0,2,0,8,4,4,1,1,3,0,3,1,3,1,3,0,2,0,1,2,2,6,1,1,0,2,0,3,4,11,2,0,0,4,0,5,0,5,7,0,5,1,1,2,3,1,1,4,1,5,1,3,1,3,4,6,3,2,0,3,2,2,8,2,7,9,1,8,1,5,8,4,3,5,1,2,3,4,9,0,3,9,1,9,4,3,0,4,0,5,2,3,3,5,20,5,1,7,0,0,4,5,9,4,6,2,5,2,5,4,1,4,6,0,2,1,1,1,2,6,2,4,1,3
Tmem59,1,7,2,2,1,4,8,5,10,6,5,0,5,7,3,6,1,2,3,1,8,1,12,2,7,3,10,3,12,5,3,3,0,1,13,2,1,4,9,3,3,9,7,2,7,10,6,13,3,3,2,0,10,1,1,5,12,3,3,6,6,1,1,6,12,7,7,7,0,8,0,1,0,1,16,3,7,6,2,1,6,0,0,8,2,4,2,1,5,3,5,4,5,4,7,13,4,6,1,13,3,1,3,0,4,4,7,6,6,5,5,8,3,2,0,7,7,9,5,3,1,9,3,0,7,6,8,9,8,0,18,7,2,1,9,0,3,8,13,5,11,5,5,8,9,3,3,3,8,1,1,0,2,9,20,1,18,11,2,4,6,5,5,3,2,6,6,2,10,10,0,7,0,10,0,3,8,5,9,3,1,4,0,7,4,10,10,6
Tnks2,10,9,13,8,11,9,0,6,0,7,9,3,0,8,4,0,7,2,0,12,0,7,0,0,0,11,0,0,10,0,9,6,1,15,0,6,5,12,0,0,8,6,0,9,11,0,0,2,0,0,7,0,0,8,1,0,0,0,0,0,8,0,7,0,0,11,0,0,0,0,0,0,3,0,7,7,7,0,10,4,6,9,0,8,0,0,5,6,1,0,0,9,2,0,4,3,0,6,0,0,1,10,8,7,0,0,0,1,0,7,0,16,12,5,0,1,11,4,0,15,0,0,14,10,9,8,0,0,5,0,0,0,0,2,0,11,15,12,13,8,0,0,11,1,4,1,9,6,1,10,6,0,0,8,2,9,0,0,0,0,0,9,0,7,7,0,8,6,9,0,0,9,4,8,11,3,12,0,0,6,0,5,13,11,8,11,6,7
Tnrc6a,0,1,0,0,4,0,1,0,0,0,3,10,0,5,6,1,3,0,8,9,1,4,4,6,5,4,3,4,0,1,0,2,1,10,0,0,0,0,0,4,3,3,2,2,0,4,0,2,0,0,0,0,2,4,15,5,0,2,12,0,0,0,9,0,9,0,1,0,1,0,0,2,2,4,0,0,1,7,0,1,1,2,5,0,3,0,15,0,3,1,7,1,0,0,8,5,3,0,1,1,0,10,3,1,10,6,0,0,0,5,0,12,10,0,0,2,3,2,5,4,6,4,0,0,1,1,0,4,0,2,1,8,0,0,6,0,0,1,8,3,12,4,2,0,0,0,2,4,4,4,0,1,0,0,3,9,0,3,0,0,10,2,9,8,10,3,7,0,8,0,0,0,0,1,0,10,2,3,3,0,1,4,6,2,5,0,3,0
Tomm22,2,3,4,3,7,2,0,5,2,0,11,8,4,0,0,6,0,17,4,0,1,4,5,4,5,5,0,7,5,4,5,6,6,5,0,10,6,17,0,2,0,3,2,0,6,0,4,9,0,5,1,12,0,12,4,5,2,2,2,10,5,0,2,3,3,0,4,2,3,2,1,2,2,4,6,2,1,2,0,0,2,2,1,0,8,8,5,6,0,4,7,6,7,1,2,7,1,1,1,1,9,11,1,9,6,0,2,6,7,2,9,4,2,2,0,0,15,4,4,2,9,3,0,2,12,2,1,10,1,5,7,12,2,0,4,0,3,7,2,4,0,0,0,1,6,1,3,1,8,15,0,4,0,2,2,0,0,2,4,2,4,1,2,6,5,2,6,2,0,2,1,4,7,1,3,6,12,3,8,12,13,12,4,8,0,2,1,2
Tomm6,20,41,57,34,15,24,29,14,21,41,36,35,35,51,10,19,16,19,12,29,30,32,74,9,31,22,55,35,39,39,23,15,11,6,78,41,31,26,3,38,14,30,39,25,21,29,51,35,46,37,31,27,33,23,22,43,12,33,16,25,39,10,10,27,39,44,34,24,10,24,28,30,13,16,17,44,38,19,27,54,19,13,33,32,22,22,9,32,31,16,37,52,39,33,5,6,15,36,6,16,4,54,27,30,25,16,28,25,10,50,24,31,12,41,46,17,53,16,48,47,29,22,47,44,38,6,18,30,6,10,54,50,6,27,3,34,43,5,21,39,59,6,66,6,23,44,31,63,14,9,37,29,39,53,60,1,21,9,4,32,3,18,37,19,28,38,25,47,3,6,48,13,41,25,12,6,13,49,10,7,16,32,29,29,30,23,37,57
Top1,1,3,10,15,16,9,7,1,6,0,0,0,4,8,0,12,10,0,0,6,6,11,1,4,13,4,6,3,0,4,0,1,6,9,0,6,7,0,7,1,8,0,11,4,8,11,16,0,2,0,12,2,1,0,3,0,2,2,0,6,0,5,0,1,0,8,7,1,8,0,11,3,0,0,0,0,0,16,13,0,12,7,2,1,0,7,1,11,17,0,11,4,5,7,0,6,0,10,0,8,15,9,0,13,7,0,0,0,8,6,2,0,11,0,1,4,3,0,19,13,9,0,3,12,9,4,0,0,7,1,0,12,1,0,0,2,14,4,16,7,7,16,0,3,17,2,13,2,4,1,0,11,8,8,3,7,1,2,0,0,7,4,0,0,2,0,2,5,11,16,0,0,6,2,2,3,4,8,0,12,1,5,0,2,0,0,0,13
Tor1aip2,10,7,8,11,9,6,5,2,0,7,7,8,3,3,0,3,3,4,8,0,0,2,2,8,9,0,6,5,0,2,3,1,8,2,0,13,3,3,2,4,0,4,0,8,10,8,10,3,14,11,4,3,4,13,0,2,1,7,0,2,1,0,0,0,8,0,4,5,0,0,3,7,3,10,9,12,1,0,1,8,4,0,0,11,5,0,0,6,1,4,14,6,3,2,1,9,0,0,2,6,3,6,5,6,5,6,0,2,4,0,4,1,5,8,9,4,2,2,0,4,1,9,6,2,1,0,2,5,0,8,0,1,12,3,7,13,2,1,9,1,2,9,12,6,0,1,2,10,4,0,14,5,8,6,0,0,8,7,5,10,1,2,8,2,5,1,2,8,6,5,0,1,3,4,3,0,0,3,10,9,0,0,0,6,1,9,5,7
Trim27,9,14,11,0,0,0,0,0,0,0,7,0,5,9,0,0,6,0,11,10,0,1,1,3,6,15,9,13,0,0,0,0,1,0,3,11,0,11,8,0,0,0,4,11,0,0,0,0,12,0,0,5,0,0,1,3,3,8,11,9,2,7,3,10,6,0,0,0,0,0,0,4,4,12,6,0,0,0,10,0,13,0,0,2,0,0,0,0,0,0,0,0,0,10,9,0,17,1,0,5,0,0,11,0,15,0,3,0,0,11,0,0,0,7,13,0,0,0,15,11,0,0,0,0,11,0,0,9,0,0,0,1,0,4,0,5,4,0,10,5,0,2,11,12,7,12,0,2,0,0,0,0,0,8,15,0,0,0,14,0,13,1,0,0,0,1,15,0,16,12,3,15,11,0,11,0,21,0,0,0,4,14,0,0,0,0,0,10
Trip12,12,9,11,2,0,4,8,4,9,2,21,12,16,6,2,5,14,0,5,1,1,2,7,7,16,3,6,9,3,4,0,12,1,12,1,14,1,4,1,2,11,4,1,8,2,4,6,16,4,1,7,5,3,0,8,0,2,4,8,19,2,5,10,5,7,13,4,10,3,7,2,5,9,14,2,0,14,7,11,10,3,6,1,11,6,10,7,11,6,9,5,0,3,1,0,1,4,15,1,8,3,3,0,11,5,9,8,8,2,10,20,2,2,0,6,2,10,4,3,0,10,6,2,3,7,0,7,14,16,6,10,2,12,9,8,21,8,1,2,9,2,4,8,14,6,5,17,2,8,15,6,3,10,4,7,1,3,4,3,8,2,1,2,15,1,12,9,14,7,10,6,1,1,2,1,7,12,4,10,2,8,1,4,8,8,2,6,2
Trnau1ap,0,3,0,0,5,0,3,3,0,2,0,4,6,2,6,3,5,0,2,3,0,1,2,5,3,5,3,1,0,0,7,0,2,0,1,2,4,4,5,0,3,0,3,2,0,0,0,0,3,0,0,0,0,4,5,2,0,2,0,3,6,4,0,0,2,2,0,6,8,2,0,0,3,0,0,0,2,0,0,4,0,0,0,3,5,0,2,6,1,3,0,0,0,0,3,2,6,0,0,1,1,0,0,0,2,0,3,2,0,1,3,0,4,4,2,6,0,0,0,3,0,6,1,0,3,0,5,1,0,4,4,0,2,4,4,4,4,6,0,5,6,0,4,3,0,0,2,0,4,3,4,6,0,9,3,0,0,0,0,2,0,4,0,0,0,3,0,3,0,0,0,0,4,6,0,3,2,0,0,3,1,0,6,0,3,4,0,4
Tubb5,114,74,0,37,0,84,4,3,79,12,10,0,29,54,0,1,53,0,38,0,0,8,0,48,1,0,27,0,8,0,91,34,96,77,0,0,0,2,0,0,76,66,30,0,12,47,76,4,7,0,6,56,46,0,55,3,7,67,56,2,102,0,20,9,73,1,10,1,34,4,0,0,24,0,7,0,20,33,7,6,41,27,30,1,78,0,59,77,0,26,4,0,4,13,1,53,0,7,100,12,0,19,0,0,0,35,28,0,10,8,57,6,28,0,96,0,4,1,0,56,8,54,65,0,28,29,1,29,3,0,8,18,16,12,48,6,0,0,1,0,2,4,39,18,17,49,7,27,0,56,0,103,9,0,0,12,1,0,0,78,93,4,88,0,99,1,11,4,27,5,88,0,35,88,0,101,3,91,0,0,0,81,0,0,0,29,0,0
Tubgcp4,0,0,9,0,0,0,0,1,6,0,6,0,0,0,3,0,0,0,0,0,0,1,4,1,5,2,3,6,0,0,0,0,0,0,0,0,6,0,0,1,0,0,0,0,7,0,0,5,5,0,0,0,4,11,0,0,0,6,3,0,0,0,6,0,0,7,0,0,0,0,0,6,2,0,0,0,1,0,0,0,0,5,0,0,0,7,0,0,0,0,0,0,0,0,0,0,5,0,2,5,2,0,0,0,0,3,0,0,8,0,0,1,2,0,0,0,0,5,0,0,0,0,0,0,0,7,3,5,4,0,0,0,0,0,7,6,3,3,0,7,0,0,0,0,6,0,0,0,0,0,0,0,4,0,0,0,0,3,0,0,0,0,0,0,2,0,0,7,0,0,1,0,8,6,0,0,0,7,0,0,0,0,4,0,0,0,0,0
Txn1,0,0,0,0,0,0,0,0,0,0,0,0,0,0,0,0,0,0,0,0,0,0,0,0,0,0,0,0,0,0,0,0,0,0,0,0,0,0,0,0,0,0,0,0,0,0,0,0,0,10,0,0,0,0,0,0,0,0,0,0,0,0,0,0,0,0,4,0,0,0,0,0,0,0,0,0,0,0,0,0,0,0,0,0,0,0,0,0,0,0,0,0,0,0,0,0,0,0,0,0,0,0,0,0,0,0,0,0,0,0,0,0,0,0,0,0,0,0,0,0,59,0,0,0,0,0,0,0,0,0,0,0,0,0,0,0,0,0,0,0,0,87,0,0,0,0,0,0,0,0,0,0,0,0,0,0,0,0,0,0,0,0,0,0,0,0,0,0,0,0,0,0,0,0,0,0,0,0,0,0,0,0,0,0,0,0,0,0
Txnl4a,5,25,9,10,0,41,19,26,16,3,6,27,21,3,16,20,24,20,4,6,13,18,7,8,0,24,4,13,6,15,25,10,18,0,20,7,5,5,21,19,20,18,25,16,6,11,14,19,4,23,32,3,12,10,23,5,17,5,4,17,7,17,8,14,23,13,13,23,5,7,24,8,9,4,2,16,16,11,11,6,14,1,31,6,7,9,13,25,22,18,5,11,26,18,14,13,10,5,8,3,10,4,8,2,6,3,0,18,3,15,14,23,27,6,13,0,14,18,28,14,5,10,35,15,21,3,15,19,1,14,8,1,26,10,11,17,21,13,1,10,10,8,9,12,8,10,7,3,21,3,29,3,16,26,13,7,5,6,12,22,2,15,5,15,11,10,15,10,6,22,13,23,3,4,15,31,25,17,25,2,17,17,10,4,17,4,16,9
U2af2,9,2,1,3,0,6,1,8,3,8,8,8,7,4,0,7,0,5,3,6,5,4,1,0,0,0,7,0,2,0,9,11,2,4,6,6,0,8,2,10,0,11,0,0,5,2,3,0,11,0,7,13,2,1,0,0,11,0,12,12,6,8,1,6,0,8,6,2,4,5,1,8,10,0,9,0,5,6,7,2,1,2,0,12,12,2,9,5,3,7,0,0,13,5,8,5,1,12,6,0,0,4,10,0,11,8,3,15,11,0,0,7,0,0,7,10,5,0,4,5,10,0,3,0,1,3,0,9,0,7,5,0,0,0,1,9,6,5,7,8,0,0,0,10,9,5,4,0,0,3,10,7,6,13,9,0,0,1,0,0,8,0,0,4,1,3,0,0,1,5,8,2,0,3,9,9,1,2,9,7,11,9,8,1,4,0,0,0
Ube3a,0,0,12,8,8,0,0,0,0,0,0,0,0,0,0,0,2,0,1,0,8,1,0,0,0,0,0,0,0,0,0,0,0,6,0,0,0,3,0,2,0,0,0,0,6,0,1,0,0,0,0,0,0,0,1,0,10,0,0,0,1,0,0,0,0,0,0,0,0,8,0,0,0,0,8,0,0,1,0,0,4,0,10,0,0,0,0,0,2,0,4,0,0,0,0,5,0,0,0,0,10,0,0,0,0,0,0,0,0,2,0,0,0,0,0,7,0,0,0,0,0,1,0,0,0,0,7,0,0,6,0,0,0,0,0,0,0,0,0,0,0,0,0,0,3,3,0,0,0,0,0,0,0,0,6,0,0,0,2,0,0,0,0,0,0,0,0,0,0,1,3,7,0,4,0,7,0,0,13,0,0,0,0,0,0,6,0,0
Ubqln1,1,4,2,8,2,1,10,3,0,0,11,1,8,3,0,1,0,1,0,3,11,0,0,1,1,1,8,0,6,4,0,0,0,0,1,6,0,0,0,2,13,10,12,0,7,1,6,0,6,4,3,0,2,7,10,0,9,0,5,9,8,2,6,0,0,0,6,0,0,5,2,0,10,0,9,9,0,0,5,0,1,1,10,0,3,0,1,2,0,4,4,3,1,3,2,8,3,0,0,0,0,5,0,0,0,3,14,4,0,6,6,0,6,6,6,0,0,0,3,6,0,8,0,2,7,3,3,6,0,4,3,2,4,3,4,7,2,0,2,1,0,6,0,0,2,2,0,0,2,0,1,15,4,0,3,0,2,1,10,0,0,5,0,0,3,1,1,8,1,3,6,0,8,6,8,5,4,0,8,2,0,0,0,7,9,0,8,1
Ubr4,1,7,4,7,15,5,1,8,2,5,3,6,0,4,0,12,1,6,7,3,0,6,5,16,10,10,6,7,6,2,14,7,1,10,8,17,3,21,2,16,5,5,5,4,3,1,2,9,3,8,2,0,19,5,0,5,9,9,17,6,11,5,6,16,5,6,7,0,2,7,6,8,2,3,10,14,7,0,16,6,19,5,4,8,2,13,3,6,2,19,11,3,2,6,17,5,4,12,8,4,8,0,5,12,4,12,10,6,0,3,3,8,1,7,3,3,5,0,15,16,17,1,11,17,3,6,10,9,0,0,8,9,14,5,3,0,1,1,0,14,0,7,0,0,6,3,4,5,13,11,16,8,3,8,0,8,8,7,3,12,5,9,11,14,2,14,7,12,17,6,5,8,2,2,0,6,1,7,14,3,1,5,2,11,5,6,7,12
Ubr5,4,1,5,8,10,13,21,13,16,4,1,3,0,0,11,12,6,17,0,4,14,17,0,17,8,4,2,7,0,5,0,9,7,4,0,3,2,8,24,0,1,0,3,0,0,16,1,1,1,11,2,3,5,7,2,5,11,11,10,8,4,6,6,6,11,0,1,2,2,7,9,5,4,17,3,0,9,7,11,13,10,8,7,9,12,14,2,1,15,6,5,9,11,8,4,9,17,0,2,0,9,13,0,2,0,0,4,10,0,15,3,1,2,1,4,2,1,9,7,2,13,7,3,14,12,0,1,8,2,5,4,5,9,0,9,0,12,1,13,2,1,11,8,15,1,8,0,2,11,13,16,0,7,10,7,0,7,5,6,2,5,11,13,16,6,2,1,7,7,5,0,2,3,5,12,17,3,1,0,3,0,3,2,12,4,6,5,0
Uchl3,5,3,4,9,6,3,10,5,9,8,11,9,1,0,4,11,2,18,7,3,10,3,28,6,5,10,9,14,7,7,6,11,6,9,3,1,11,0,10,21,7,17,2,12,3,5,9,11,2,4,11,4,4,7,1,9,8,6,7,2,5,14,4,2,4,0,3,11,2,0,5,11,2,11,4,4,10,5,8,5,19,10,7,3,8,12,9,3,2,20,1,11,8,1,7,0,2,4,5,8,4,3,9,14,10,15,4,7,2,13,0,20,5,9,11,3,10,15,11,2,10,6,9,15,3,16,11,8,6,2,5,8,3,3,1,13,9,3,11,3,14,6,3,1,0,7,12,11,7,4,3,7,24,5,9,10,3,0,13,5,10,1,2,0,8,14,3,6,15,1,22,8,11,4,6,7,10,15,8,12,9,5,5,3,12,8,7,6
Umps,1,21,19,14,2,2,20,0,1,4,16,33,0,18,18,14,15,22,2,14,13,1,12,10,30,18,1,19,12,3,10,15,4,15,21,19,6,20,7,0,5,15,9,2,10,7,1,19,11,22,5,9,0,26,37,17,17,12,3,2,1,2,0,4,6,6,13,10,23,5,9,16,19,5,11,18,5,3,12,12,4,0,14,12,3,17,16,9,18,13,19,6,13,8,20,3,3,2,23,18,3,11,12,0,5,15,3,5,11,21,2,1,13,1,20,10,10,15,3,14,23,5,10,1,9,1,10,5,7,17,14,15,5,19,11,23,0,9,13,8,15,12,22,9,12,4,2,8,5,13,17,15,19,20,6,21,7,14,15,29,12,3,3,16,15,1,9,7,5,7,12,1,4,2,19,20,24,13,20,3,39,26,6,3,12,12,8,22
Upf1,1,0,0,0,0,0,0,1,0,0,3,0,2,0,0,0,0,0,0,7,0,0,0,0,1,0,0,0,6,0,0,8,0,0,0,0,0,0,0,0,5,0,0,0,6,7,0,0,0,0,9,7,7,0,9,0,0,0,1,6,0,8,0,0,0,0,0,0,4,0,5,0,5,9,0,0,9,0,7,0,0,0,0,7,0,0,0,0,4,0,4,7,0,9,8,0,4,0,0,0,0,0,0,0,5,3,0,0,0,0,0,6,3,0,0,0,0,8,0,0,0,0,7,0,0,0,6,11,0,0,10,2,0,9,1,5,12,0,0,13,0,0,0,0,0,8,0,0,0,0,0,0,0,5,0,0,0,0,1,11,4,7,6,0,0,2,0,0,9,0,0,0,0,0,0,3,7,9,0,0,8,3,10,8,0,2,5,7
Upf3a,0,9,0,0,11,2,2,5,4,6,9,3,7,2,0,2,13,1,0,3,1,1,0,3,1,0,0,2,10,4,2,0,3,5,2,4,3,7,9,5,1,0,2,2,0,0,0,0,6,9,9,3,0,5,4,6,1,10,5,0,0,2,6,1,9,5,8,1,3,6,10,0,0,0,2,2,1,4,0,3,0,1,1,3,0,0,10,2,0,5,3,2,1,10,3,2,1,1,3,7,5,8,1,0,3,3,3,2,0,1,0,6,4,0,6,3,5,7,6,3,4,3,1,13,7,6,0,1,11,6,2,0,0,4,0,3,0,3,2,0,1,0,5,9,0,1,4,8,1,4,6,2,0,1,1,0,1,8,1,3,12,0,8,10,5,8,0,9,8,1,6,0,0,6,6,0,10,5,1,2,0,0,6,0,1,0,2,5
Upp1,4,10,30,40,27,48,13,36,5,33,11,12,19,12,10,12,66,18,7,9,12,7,0,71,32,16,2,6,7,23,9,20,7,54,50,38,20,16,23,3,5,32,26,29,20,10,40,30,5,15,19,33,21,20,12,26,5,2,14,43,9,28,17,18,31,1,8,20,12,13,17,7,16,15,34,3,10,16,8,26,39,21,0,34,13,9,12,41,15,19,16,38,33,24,3,16,36,33,13,38,19,45,0,4,22,29,8,0,9,12,22,3,41,26,15,11,26,5,31,15,3,9,15,22,30,5,14,5,36,48,3,22,28,37,5,18,4,15,6,24,19,10,38,4,39,8,69,6,19,17,3,25,54,27,21,11,19,12,50,0,18,3,42,30,28,7,5,16,0,1,28,7,8,15,29,29,22,14,1,9,49,8,8,15,25,25,2,24
Uqcrc2,10,10,4,8,4,11,3,1,7,7,7,4,0,4,8,5,3,0,0,6,1,3,3,0,0,0,0,2,6,5,2,0,7,3,7,3,8,5,4,2,1,3,0,6,5,7,1,8,6,3,2,4,4,1,12,3,6,2,4,4,2,4,1,5,3,1,8,4,3,4,7,1,2,3,0,1,5,5,1,5,4,6,1,3,8,1,5,5,0,1,6,0,7,1,3,1,2,1,1,1,2,5,4,7,5,0,5,3,1,7,7,5,0,4,0,2,2,6,5,0,5,5,11,10,1,7,7,8,1,6,3,0,6,0,1,4,0,0,9,4,4,4,5,6,0,10,3,1,5,6,4,3,6,8,5,4,8,10,2,0,1,7,2,10,3,6,0,2,1,5,9,5,3,7,4,0,4,0,2,3,6,3,2,9,3,4,2,3
Usmg5,14,6,12,42,18,14,14,9,19,12,19,11,5,23,30,19,6,22,12,3,9,22,16,6,5,17,17,34,6,6,1,26,31,10,27,18,14,11,25,25,25,12,28,10,26,16,30,16,21,12,22,14,17,22,17,22,7,11,16,25,9,10,28,25,13,23,4,24,23,21,12,17,14,14,20,28,10,26,16,0,10,18,29,7,29,5,21,21,25,36,4,11,20,10,22,20,15,34,18,11,18,21,30,41,18,12,7,27,18,19,30,21,24,11,14,36,33,17,17,10,23,13,17,17,6,20,44,22,7,33,21,2,34,25,14,32,21,12,30,19,21,24,27,22,12,14,15,24,27,8,36,19,21,8,26,4,5,36,23,15,26,7,34,18,24,12,26,14,26,14,12,26,18,3,1,31,23,16,9,4,12,21,9,22,9,10,14,11
Usp48,0,9,0,12,0,7,0,0,6,0,0,0,0,8,8,12,3,6,6,0,0,0,0,0,16,2,9,8,0,0,4,0,7,0,0,10,10,0,10,0,2,13,0,0,0,0,0,0,0,6,3,1,5,0,7,0,18,0,6,0,12,10,0,8,1,15,0,0,6,5,0,11,0,0,0,0,0,0,0,5,2,0,14,6,0,1,0,0,10,0,0,0,2,5,14,4,12,0,3,3,7,10,2,0,0,11,0,8,11,8,0,0,18,8,3,0,6,2,15,0,2,0,5,8,13,5,7,14,0,1,0,0,0,3,0,13,2,3,13,0,0,0,4,0,3,0,0,17,6,3,0,9,9,0,1,13,0,7,2,0,0,0,0,11,7,0,5,4,0,10,0,1,6,1,8,0,14,9,0,0,0,0,0,0,8,0,3,14
Usp7,6,14,3,4,12,8,4,10,4,1,9,5,0,9,12,8,1,12,8,12,10,7,17,11,16,2,10,4,4,5,4,13,4,0,12,7,11,11,4,10,1,6,13,0,12,12,7,5,6,11,4,9,4,10,5,10,6,13,11,1,0,9,0,13,14,7,9,12,7,1,2,15,10,5,16,7,11,0,15,2,7,7,1,7,11,20,0,5,11,21,5,9,4,7,5,1,2,10,1,13,3,1,5,11,6,9,8,17,17,9,3,12,6,0,0,6,11,7,3,7,5,8,12,12,4,1,2,11,11,14,5,5,8,2,13,5,1,14,4,16,0,11,4,4,4,0,11,8,7,6,5,1,6,4,8,1,2,11,13,8,5,15,13,15,12,9,10,12,9,5,11,14,5,3,8,9,15,8,7,8,7,8,0,9,8,9,10,13
Utp11l,18,1,11,8,13,5,2,1,9,1,12,10,7,12,0,0,10,0,9,13,7,8,2,9,0,4,12,1,9,14,4,7,11,9,15,0,14,2,11,4,9,1,0,0,5,11,0,12,10,16,0,3,17,10,4,7,0,10,0,4,4,4,8,2,0,3,1,4,10,9,16,6,8,0,2,10,6,5,5,8,2,5,5,11,11,0,7,6,6,1,6,0,14,0,0,7,0,7,7,0,0,7,12,2,2,7,2,8,3,6,0,9,2,8,10,15,11,12,0,6,0,0,7,10,12,2,7,1,0,1,4,9,1,3,10,0,3,8,6,0,18,2,4,10,3,8,1,10,11,2,0,0,11,0,0,2,3,0,11,0,6,15,1,4,7,12,2,0,1,1,9,12,7,13,0,0,11,1,1,12,10,11,0,5,8,1,0,4
Utp3,18,3,0,4,4,1,10,0,13,4,12,5,11,0,13,13,10,0,9,0,0,0,8,1,0,0,16,7,2,10,2,0,14,6,14,0,11,0,3,0,1,0,15,0,0,9,14,0,8,13,0,11,5,0,3,1,1,6,8,0,3,9,10,18,3,2,8,15,14,12,8,3,0,13,1,0,2,0,0,3,3,4,0,6,0,15,4,2,7,1,2,1,0,11,1,1,2,9,6,1,6,0,0,0,1,0,0,0,5,10,14,2,1,3,19,8,17,0,11,10,11,3,11,6,1,0,7,12,13,12,0,0,0,4,3,5,1,1,0,7,0,6,4,7,13,0,0,0,6,6,4,0,0,9,4,1,13,0,0,0,8,0,8,0,9,4,21,5,0,0,3,1,12,13,7,4,12,0,6,11,0,0,0,1,1,0,2,0
Vangl1,5,0,5,0,0,3,6,0,5,0,0,1,1,0,3,1,0,0,0,2,5,1,9,1,0,0,2,0,1,2,6,0,0,6,0,0,0,0,3,1,0,2,0,0,0,1,1,0,1,0,0,6,3,1,6,0,1,8,3,2,3,1,0,1,0,1,1,0,1,3,1,5,5,0,4,1,0,0,2,0,0,0,0,1,0,0,6,1,0,0,0,0,1,0,0,3,0,3,2,2,4,1,4,0,6,0,2,4,6,0,1,0,1,0,0,3,1,3,0,2,1,0,0,2,0,3,1,0,0,6,0,0,0,2,0,0,1,3,1,0,0,0,0,6,0,0,0,0,5,4,4,3,3,0,0,2,0,3,0,0,2,4,2,0,6,2,0,0,7,0,0,0,5,0,2,1,0,0,0,3,2,3,0,0,4,2,0,0
Vmp1,0,77,0,0,23,4,4,157,0,111,0,0,10,79,170,0,53,29,19,64,0,0,65,0,1,26,0,0,13,179,0,19,0,0,116,12,74,29,0,170,69,170,1,54,5,102,171,76,155,2,0,20,0,103,96,0,28,170,94,1,0,73,0,6,0,58,46,116,0,0,0,0,0,183,0,134,118,0,112,0,45,45,0,0,8,0,8,0,0,146,0,110,58,0,178,0,29,28,111,0,4,155,0,155,8,99,0,123,0,0,92,44,172,1,21,0,0,190,4,91,83,175,142,194,80,186,38,0,4,1,66,51,119,94,75,3,143,112,0,0,29,15,4,63,18,0,3,44,74,45,6,47,129,0,0,0,7,165,5,142,15,43,0,0,0,84,111,133,19,121,115,26,1,168,123,1,0,0,2,0,0,0,13,2,161,27,0,6
Wapal,3,3,2,2,6,5,1,5,4,0,0,0,5,6,5,4,4,2,0,2,6,7,1,5,6,6,3,3,7,7,0,2,1,3,0,4,3,1,4,7,4,1,0,1,6,1,0,7,4,3,2,2,5,0,0,1,2,6,8,5,5,2,5,8,3,3,1,1,4,4,2,0,3,4,6,4,3,0,3,5,3,2,0,4,1,1,2,8,1,0,6,0,2,6,0,4,1,7,3,2,6,3,0,3,8,1,3,6,2,3,3,6,5,7,0,3,1,7,2,0,3,4,1,2,2,3,2,5,5,0,6,5,1,2,5,3,4,6,0,6,5,0,7,6,5,4,0,3,1,2,4,3,2,4,0,3,4,4,4,5,5,0,2,9,1,3,1,6,0,8,4,0,0,3,2,3,0,5,3,4,0,3,5,0,0,7,0,2
Wbp2,0,1,3,0,1,5,2,5,0,7,0,7,3,4,9,0,2,3,0,2,0,0,6,0,6,0,5,1,6,1,0,1,8,6,5,5,1,4,7,6,0,4,0,6,8,0,10,2,0,2,6,8,5,3,5,10,4,9,5,8,1,1,5,6,0,1,4,4,4,3,2,5,5,1,2,0,5,0,7,2,3,0,1,0,2,9,5,10,5,4,10,1,9,5,7,1,3,1,0,1,0,9,5,5,2,8,3,1,0,7,9,4,3,5,9,7,4,9,2,9,7,1,6,1,5,8,4,5,0,5,1,8,0,0,5,1,4,2,0,7,5,0,4,4,2,8,0,11,0,5,0,1,4,4,3,5,5,0,4,6,2,1,1,3,1,5,9,1,4,5,9,1,8,4,4,5,0,4,1,6,5,5,3,8,8,4,5,5
Wdfy1,9,0,2,8,0,0,3,1,1,4,2,2,5,6,12,2,2,3,0,0,5,0,1,2,0,6,4,1,8,2,0,3,0,5,7,9,0,7,7,6,8,4,1,0,6,6,3,4,5,3,0,1,0,9,2,6,9,8,11,12,1,6,3,2,0,7,2,1,4,9,0,7,1,2,8,1,0,5,2,9,4,0,3,3,2,1,0,6,0,7,3,1,1,5,2,7,6,2,3,2,2,4,1,4,7,0,0,6,6,3,0,9,2,6,2,3,3,5,4,0,6,0,8,3,0,6,2,9,6,6,3,9,5,2,6,6,2,1,1,6,0,5,4,5,1,6,9,5,6,11,5,1,9,1,10,6,0,0,4,10,5,2,4,2,6,8,7,4,10,8,5,4,2,0,0,0,3,6,3,3,4,2,6,4,0,7,10,5
Wdr26,0,6,0,2,12,5,9,0,11,10,4,10,16,12,0,4,2,0,0,2,12,0,12,0,0,8,0,6,0,0,0,3,0,11,0,2,0,3,0,10,3,0,14,15,1,0,0,11,1,15,15,0,10,14,4,10,0,3,3,10,10,0,16,0,0,1,5,6,12,13,0,0,2,0,2,0,0,0,8,7,0,0,0,0,2,9,0,6,12,0,0,2,11,9,9,0,0,2,0,0,0,5,11,0,2,0,13,14,0,4,0,0,2,1,1,0,0,8,9,14,18,16,0,10,0,0,1,5,13,0,6,0,3,1,0,8,0,0,0,1,3,0,11,9,1,5,0,7,9,1,0,0,5,3,7,10,0,11,4,11,0,10,2,0,11,0,0,0,9,0,2,0,12,0,0,12,0,0,0,19,14,5,13,6,1,6,0,2
Wdr43,4,4,5,18,15,23,16,22,10,11,22,7,10,15,16,33,16,13,27,30,24,21,0,16,10,24,26,12,21,10,17,2,4,11,10,22,14,9,7,1,4,2,3,19,3,11,19,5,12,8,1,17,22,16,11,17,9,17,16,18,7,27,3,6,9,1,20,1,17,16,14,6,21,8,15,18,6,12,7,2,5,18,9,10,5,13,21,21,6,29,22,20,18,27,2,11,25,12,17,16,9,5,17,21,18,20,21,7,6,24,7,5,3,15,2,19,25,14,13,8,7,20,14,6,16,9,7,8,2,18,25,21,18,14,5,3,23,17,28,18,24,23,12,13,10,17,4,12,10,11,21,2,4,9,0,1,3,4,21,18,26,11,5,12,3,3,0,15,3,15,6,3,2,21,20,2,2,26,15,21,1,6,15,23,23,4,8,5
Wdr5,2,13,7,3,6,10,1,1,4,8,0,0,2,1,9,1,1,2,5,6,4,7,3,4,4,9,3,10,0,1,6,5,14,3,3,0,1,3,2,6,3,4,0,7,0,0,6,2,1,1,4,10,7,1,2,2,10,2,2,1,6,15,2,2,2,4,3,2,2,6,0,1,10,11,3,5,2,4,10,0,1,0,1,2,6,4,0,0,0,4,1,0,9,5,4,4,6,1,0,1,1,3,14,0,3,6,8,3,2,5,1,6,7,6,4,7,0,3,1,5,5,2,1,0,0,5,7,11,4,2,2,2,0,15,0,3,10,2,0,7,1,0,10,3,4,10,2,2,5,0,3,4,1,5,5,0,6,4,1,0,0,14,7,1,0,7,8,4,1,8,3,0,0,0,2,4,8,5,6,4,1,10,2,7,6,1,3,11
Wdr55,0,11,8,1,5,10,0,3,8,4,5,0,5,5,1,6,1,0,0,4,3,5,0,0,4,1,2,2,10,0,4,2,9,3,0,0,0,6,0,4,1,0,5,5,5,0,2,4,7,3,4,3,0,1,0,7,0,5,0,3,0,7,3,6,10,1,1,3,3,0,2,1,0,1,8,0,7,1,5,8,0,0,6,0,7,6,2,0,1,1,0,3,10,0,6,0,9,7,1,13,1,0,0,2,7,3,0,3,0,1,0,3,7,0,2,0,0,0,4,4,11,1,5,6,0,2,0,7,5,7,0,0,5,5,0,6,7,4,2,2,2,0,8,9,5,4,7,3,0,6,4,0,2,0,8,9,2,7,7,3,0,4,2,8,6,7,1,0,8,8,3,2,1,0,0,2,11,7,2,0,3,0,2,5,0,6,2,0
Wibg,5,4,2,0,6,3,1,1,1,5,0,2,3,7,1,0,2,1,1,6,6,0,2,0,3,1,7,3,5,1,0,4,4,3,4,0,0,0,1,2,1,4,1,7,1,3,4,2,4,7,11,0,5,2,0,2,0,5,2,6,1,1,0,0,6,0,6,2,1,2,1,0,2,3,4,1,0,0,0,0,6,6,3,3,1,0,3,3,5,1,0,7,0,0,1,9,0,7,2,0,3,0,5,2,3,0,0,5,1,4,2,5,4,2,6,8,0,5,0,0,4,1,4,1,0,0,0,1,0,1,0,3,8,7,0,0,4,2,0,0,3,7,2,0,0,0,3,3,3,1,0,4,3,1,0,1,3,5,5,6,0,6,0,0,1,0,2,1,9,3,0,5,6,6,8,6,1,0,3,1,0,7,5,0,1,1,2,0
Wnk1,0,0,0,4,0,2,0,9,5,0,13,22,0,9,1,3,3,0,7,0,15,0,23,18,13,23,0,0,3,22,0,1,0,12,17,21,1,0,14,0,0,4,0,0,20,17,0,2,0,0,0,1,1,20,4,20,11,15,0,0,5,0,3,22,0,0,6,14,0,0,0,0,2,0,18,0,5,0,0,0,19,4,0,3,28,0,0,3,0,0,0,14,0,0,16,19,12,0,35,0,18,5,28,0,21,11,5,21,16,8,0,14,0,25,0,8,17,11,0,0,3,4,1,20,0,12,26,0,4,6,25,0,0,0,0,0,1,19,0,0,0,2,0,0,0,0,19,0,20,1,21,1,12,0,5,24,0,0,0,11,0,22,3,0,0,4,1,6,18,24,0,0,17,1,0,4,8,11,0,1,0,0,14,2,10,5,12,9
Xpo1,8,0,0,9,0,8,8,0,10,13,0,13,15,15,0,0,13,3,0,0,13,9,1,8,0,0,15,9,10,1,0,0,0,2,14,16,3,13,9,0,8,0,11,0,6,0,2,0,12,3,9,10,0,6,11,5,2,0,3,10,7,0,0,0,0,0,10,0,1,14,0,0,13,12,0,5,11,6,5,13,8,0,11,0,0,1,0,17,1,0,0,0,9,12,7,0,9,5,1,0,0,0,3,0,0,0,0,1,0,0,0,10,0,3,0,12,9,0,0,0,0,9,6,0,0,1,10,11,13,11,1,10,0,18,0,3,1,15,18,9,13,14,3,3,0,0,0,7,4,0,14,14,14,0,14,0,0,7,0,0,13,6,0,8,19,0,0,12,20,7,4,19,1,14,4,2,22,11,6,5,0,2,10,5,2,15,0,0
Ybx1,23,0,0,0,0,0,0,1,0,0,0,0,0,0,0,0,0,0,0,0,1,43,0,0,0,0,0,0,0,51,48,0,0,0,0,0,0,0,0,0,0,0,65,0,0,0,0,0,0,0,0,2,0,0,0,0,52,0,0,7,0,0,0,0,0,1,0,0,0,0,0,0,0,0,0,0,0,0,0,0,0,0,0,0,0,0,0,0,0,0,0,0,3,0,0,0,0,35,0,0,0,0,0,0,0,0,0,0,0,0,0,0,0,1,0,0,0,0,0,0,0,0,0,0,0,0,0,0,0,0,0,0,0,0,0,0,0,0,0,41,0,0,29,0,0,0,0,0,13,0,0,0,0,0,0,0,51,0,0,0,26,0,0,0,0,0,0,0,0,0,0,0,0,0,0,0,0,0,0,0,0,1,0,0,1,0,0,6
Yif1b,0,0,8,8,4,3,7,10,1,9,3,7,9,5,5,3,12,8,0,8,12,2,3,6,3,4,1,15,4,8,5,10,9,7,9,1,11,2,7,7,7,8,13,3,9,5,2,0,9,5,9,0,3,12,6,9,7,18,3,7,0,10,0,6,2,11,7,13,8,6,10,7,6,4,4,1,7,1,5,9,0,0,14,8,6,10,4,1,7,11,1,6,7,13,8,4,13,6,7,13,4,0,0,9,12,7,9,1,9,1,9,10,10,11,12,1,10,2,7,1,10,7,13,0,11,6,3,8,8,13,1,13,1,6,8,1,6,6,11,10,12,1,13,9,8,5,5,0,14,10,0,9,8,11,3,11,7,5,8,1,3,10,5,5,3,6,2,8,0,1,7,7,10,0,8,2,12,7,8,7,3,6,8,6,5,11,1,7
Ywhag,13,19,17,11,4,20,3,1,16,1,9,8,4,15,17,9,9,4,26,8,4,5,19,8,2,11,5,8,4,3,8,12,4,5,4,10,7,12,9,3,3,23,1,9,0,13,9,10,15,10,4,17,22,1,6,6,19,8,12,15,2,2,5,5,6,2,17,10,9,10,7,2,13,9,10,13,7,13,7,8,10,15,17,3,10,12,2,18,10,3,9,12,15,5,10,3,11,9,0,13,3,6,4,3,5,11,3,5,10,2,0,4,2,5,4,15,2,10,9,7,5,20,4,5,5,6,6,12,6,7,9,5,20,6,6,8,1,4,9,12,4,5,14,2,4,9,10,24,12,1,10,12,12,5,14,5,20,3,7,9,7,6,24,8,1,4,4,3,5,5,1,14,15,9,7,2,1,7,3,0,4,3,15,7,4,6,3,4
Zc3h13,14,13,1,9,16,3,2,2,6,11,17,9,7,3,11,2,2,6,6,0,0,1,12,1,3,6,0,3,4,3,11,6,2,6,6,2,9,0,14,4,12,0,14,8,10,28,22,16,0,11,1,17,13,16,3,2,0,12,5,5,6,11,5,6,1,5,3,0,5,1,1,3,9,3,9,1,9,6,3,1,6,7,15,10,2,1,5,0,11,12,3,11,0,1,0,8,27,3,2,2,1,16,6,3,32,12,4,6,1,1,1,10,2,2,4,7,15,4,21,1,10,6,3,9,18,6,0,3,12,6,1,6,2,3,0,4,1,11,2,18,4,0,18,2,2,17,4,1,4,0,4,3,11,4,17,17,4,12,4,5,19,8,0,2,12,3,1,2,6,3,4,0,3,4,8,2,4,0,21,0,10,4,6,20,8,13,2,7
Zc3h15,4,11,1,8,12,9,11,10,1,9,13,10,5,13,2,7,13,11,7,5,5,2,16,12,3,8,14,18,1,0,12,0,0,10,1,6,1,1,10,3,17,10,9,0,1,5,7,0,0,3,0,4,14,0,1,11,4,12,13,9,15,2,5,16,6,15,2,10,14,1,7,15,1,7,13,0,0,14,7,10,5,6,1,0,10,14,9,0,12,6,0,5,7,0,4,1,15,7,0,4,1,10,3,0,1,4,1,8,10,5,0,2,12,0,5,12,11,2,0,4,12,11,4,1,10,4,15,15,5,0,0,0,4,1,0,0,2,5,1,13,2,18,7,9,14,8,6,1,0,6,0,2,9,7,7,13,1,4,8,15,0,11,8,5,7,15,6,7,10,3,3,11,1,3,7,7,0,1,11,1,16,0,3,0,6,11,7,10
Zc3h18,6,0,2,11,4,6,2,1,0,8,7,0,4,4,0,7,0,0,1,0,6,0,9,3,14,2,2,0,9,0,0,3,2,3,10,5,6,1,1,7,15,9,13,1,6,0,19,2,2,6,3,13,2,0,16,6,12,0,0,8,7,3,5,10,5,0,1,0,5,12,7,1,13,13,15,3,2,3,9,10,7,11,14,4,0,7,7,3,1,10,1,1,8,2,5,15,10,0,0,15,2,6,1,4,0,0,18,5,22,14,2,13,12,11,23,0,9,7,3,0,14,0,0,15,12,6,0,0,5,13,13,17,20,3,17,0,12,0,0,0,7,16,2,2,4,2,2,0,1,0,1,5,1,16,2,0,2,2,3,0,1,8,0,8,0,5,0,11,6,0,19,15,12,0,3,7,0,17,0,1,6,2,1,9,2,1,5,0
Zfand5,0,0,5,0,2,0,0,3,3,0,0,8,0,0,1,0,2,4,0,0,1,4,0,4,0,2,0,4,0,2,4,0,0,3,1,0,0,0,1,0,0,5,4,1,0,0,0,0,1,1,0,0,0,2,5,0,4,0,3,0,5,2,1,0,0,0,2,0,0,0,4,0,0,0,0,0,1,2,3,3,0,0,0,0,6,0,0,0,1,4,0,2,0,5,0,3,0,0,0,0,0,1,0,4,6,3,0,2,0,2,3,3,0,0,0,2,0,2,5,0,2,3,2,0,2,0,0,3,2,4,4,1,0,0,0,0,0,0,0,0,0,0,4,0,0,4,4,0,2,5,0,5,0,3,6,0,4,0,2,0,0,0,1,3,2,0,0,6,0,6,0,0,1,0,0,0,3,5,0,3,0,0,0,6,0,0,3,0
Zfp106,3,6,7,4,1,4,4,8,12,6,7,5,4,16,14,5,4,13,8,13,6,16,8,5,13,10,9,6,3,10,1,1,0,12,5,19,0,0,9,6,1,14,2,7,13,13,0,9,0,12,2,9,0,1,6,6,8,10,4,20,11,10,10,5,7,1,6,5,2,13,2,9,7,5,2,1,2,2,1,8,17,2,4,3,0,2,18,17,11,2,10,10,6,13,3,1,0,0,0,6,4,6,22,8,8,20,2,7,3,1,6,0,6,1,1,11,11,1,2,0,14,19,6,3,0,0,8,8,9,6,3,1,2,8,0,13,16,9,8,1,2,6,4,10,0,0,8,19,17,3,3,5,10,0,12,1,13,9,7,7,10,11,3,14,1,0,5,9,14,4,9,13,1,0,8,0,1,6,12,0,9,6,14,17,0,14,5,14
Zfp292,0,27,0,4,13,8,6,0,0,18,0,10,0,0,0,0,0,4,3,0,7,0,0,0,0,0,0,0,0,0,0,8,2,7,16,18,0,0,0,0,0,0,24,0,10,2,11,18,0,0,1,12,0,0,0,3,16,10,3,0,0,0,21,11,2,15,0,6,23,0,0,0,0,0,25,0,0,0,0,20,2,0,0,0,0,0,0,17,0,1,0,0,23,0,1,1,14,13,0,15,0,0,0,9,0,4,8,1,3,2,1,0,0,21,0,0,0,18,3,17,0,20,0,16,0,0,14,0,0,0,6,5,0,14,0,0,2,0,0,4,25,5,1,5,0,3,0,0,6,0,0,0,15,0,6,2,0,0,0,1,4,0,0,5,1,5,0,0,0,0,10,2,0,0,0,26,24,0,15,0,0,21,2,16,17,0,2,11
Zfp511,1,2,3,1,0,0,3,1,2,0,0,1,3,2,0,2,0,0,0,1,0,0,5,0,3,2,1,1,4,1,0,0,0,1,3,3,0,1,3,0,1,0,1,0,0,1,1,0,0,0,0,2,0,0,1,0,0,0,4,4,0,2,0,1,0,3,1,0,1,1,0,1,3,0,0,0,2,1,1,2,1,2,2,3,3,0,2,2,2,0,1,0,2,5,1,3,2,0,2,1,0,2,2,0,2,0,0,1,1,3,0,0,0,4,0,2,4,0,0,0,2,0,3,0,1,2,0,2,0,0,1,1,2,0,0,2,2,2,0,1,0,0,0,2,3,0,2,1,0,1,0,3,0,0,3,1,0,3,6,1,0,0,3,2,0,3,1,0,2,1,0,1,0,1,1,1,0,1,1,2,1,3,2,1,3,1,2,2
Zfp512,2,5,1,0,5,0,6,3,3,7,0,4,4,4,0,5,0,3,5,4,0,0,1,2,2,3,0,0,0,6,2,0,3,0,7,1,8,4,8,4,1,0,3,2,0,2,1,12,3,0,6,1,1,3,0,1,2,4,2,1,5,8,0,2,0,8,0,4,3,4,0,8,0,1,4,2,3,0,0,10,5,3,3,9,2,1,0,0,2,0,2,3,0,0,2,1,11,1,11,0,6,0,11,3,0,3,2,0,12,1,0,10,9,5,1,0,5,4,2,1,0,0,2,0,2,6,1,6,2,0,8,5,0,7,6,4,8,2,8,1,4,1,1,11,1,1,3,0,2,5,1,1,20,0,0,0,2,7,13,3,3,7,1,0,1,4,2,2,1,6,3,8,0,10,8,2,0,5,6,0,0,2,1,1,4,1,8,1
Zfp568,4,7,3,10,1,15,2,5,1,6,6,0,5,7,1,1,2,7,1,6,1,6,6,5,3,0,9,1,0,12,3,7,0,0,7,6,4,10,10,5,1,3,18,4,8,2,9,4,5,0,5,0,7,1,7,23,7,1,6,6,1,2,8,8,2,8,10,5,10,3,4,0,1,3,1,16,2,5,4,3,5,4,2,0,0,9,2,3,1,3,0,8,8,15,10,7,7,6,1,4,2,10,4,6,8,3,7,1,4,11,6,3,1,4,8,11,2,2,1,5,1,1,3,0,7,2,0,15,13,4,4,1,1,0,1,10,3,3,0,4,3,2,5,16,4,7,4,11,8,6,3,1,0,3,8,5,10,17,6,2,0,9,1,1,5,1,2,4,3,2,0,4,6,0,3,0,4,1,1,13,4,10,1,1,1,11,9,16
Zfp622,8,0,0,0,0,0,0,1,1,0,1,0,0,0,0,0,5,8,6,7,0,2,0,6,0,0,0,0,0,0,2,0,0,4,2,2,1,0,0,3,0,0,7,1,0,0,0,2,7,0,4,4,3,6,4,1,0,0,0,0,1,3,3,6,4,0,0,4,6,0,6,7,6,0,0,0,0,6,3,1,0,6,0,10,5,4,0,0,2,4,3,0,0,0,0,0,2,2,0,1,0,0,3,7,4,0,1,5,4,2,5,0,0,6,0,8,0,0,0,1,2,0,7,5,1,0,4,1,3,8,10,9,16,4,2,1,5,0,1,0,1,0,8,4,0,0,8,1,0,0,1,0,7,10,5,8,0,0,8,4,0,3,3,0,0,0,0,0,2,1,0,12,0,0,2,0,1,6,0,2,6,0,0,0,6,0,0,5
Zfp655,0,3,0,8,0,0,0,0,0,0,0,0,8,7,0,1,6,2,13,9,3,0,5,0,4,0,0,7,4,0,0,8,1,9,8,1,4,2,0,1,1,0,9,0,0,0,8,4,5,0,0,1,0,8,0,0,8,0,2,1,11,0,0,4,3,7,0,0,1,9,0,7,0,1,7,2,0,6,4,0,0,0,0,2,0,0,9,11,3,0,3,0,0,0,0,1,2,2,0,1,8,4,0,1,7,0,0,0,5,0,0,7,0,7,1,3,5,0,5,3,0,3,0,0,6,0,0,2,6,1,0,3,0,2,0,0,0,0,3,1,0,7,7,1,0,0,0,0,0,0,0,10,2,7,8,0,0,4,3,8,0,1,0,0,5,0,7,6,1,0,7,0,3,3,9,0,3,0,0,3,6,7,0,8,9,6,9,7
Zmat2,0,0,0,0,0,0,0,0,0,0,0,0,0,0,0,0,0,0,0,0,0,0,0,0,0,0,0,0,0,0,0,0,0,0,0,0,0,0,0,0,0,0,0,0,0,0,0,0,0,0,0,0,0,0,0,0,0,0,0,0,0,0,0,0,0,0,0,0,0,0,0,0,0,0,0,0,0,0,0,0,0,0,0,0,0,0,0,0,0,0,0,0,0,0,0,0,0,0,0,0,0,0,0,0,0,0,0,0,0,0,0,0,0,0,0,0,0,0,0,0,0,0,0,0,0,0,0,0,0,0,0,0,0,0,0,0,0,0,0,0,0,0,0,0,0,0,0,0,0,0,0,0,0,0,0,0,0,0,0,0,0,0,0,0,0,0,0,0,0,0,0,0,0,0,0,0,0,0,0,0,0,0,0,0,0,0,0,0
Zmym1,0,3,0,0,5,3,0,0,0,4,0,0,1,4,4,3,0,5,0,4,0,3,0,0,6,1,0,3,0,0,5,2,0,0,0,3,0,4,3,0,1,0,2,0,0,1,1,4,3,6,1,0,0,0,1,0,3,0,5,0,4,0,0,0,0,0,1,0,1,1,1,3,0,0,0,4,3,0,1,0,0,2,0,6,0,1,0,7,0,0,6,3,0,1,0,0,0,0,2,0,3,0,0,4,0,1,6,1,0,7,1,4,2,3,0,0,1,4,0,0,0,6,0,4,0,0,5,2,0,0,2,4,0,5,0,0,0,3,5,5,2,5,1,1,10,6,2,4,1,3,0,2,2,0,5,2,6,1,1,3,3,2,2,0,0,0,1,0,4,3,4,0,2,0,3,2,4,1,0,0,0,2,0,5,3,3,1,3
Zmym4,6,6,0,0,0,3,0,5,0,0,0,0,1,0,0,10,10,4,0,0,6,0,0,0,0,6,8,6,4,0,0,0,0,0,1,6,0,0,0,0,0,0,1,0,0,0,0,0,6,8,4,0,0,0,3,3,0,0,0,8,0,0,0,5,5,0,2,2,5,0,0,0,8,0,0,0,0,2,0,0,0,0,0,3,4,0,0,8,0,0,6,0,0,0,0,0,0,6,0,4,6,0,0,10,3,0,7,0,4,6,0,0,0,0,0,0,3,0,0,0,6,0,0,5,0,9,0,0,0,8,2,0,2,9,0,2,0,2,0,0,0,0,0,0,0,8,1,0,3,4,6,4,11,0,0,0,7,3,7,0,4,6,0,0,0,5,0,0,5,0,13,7,12,0,0,0,0,0,6,1,0,0,0,0,2,0,0,0
Znhit1,2,5,0,0,0,4,3,0,1,0,1,0,4,1,4,0,2,2,0,9,6,3,0,1,1,0,0,0,3,3,0,4,0,0,1,2,3,6,2,0,0,5,4,0,3,4,4,3,5,3,1,3,2,3,1,0,0,3,0,3,6,1,5,0,6,0,0,3,0,4,4,0,0,0,4,4,0,3,3,1,2,1,2,0,0,3,1,2,0,4,4,0,3,0,1,7,9,2,0,4,2,0,0,7,4,0,1,4,0,1,4,0,0,9,4,2,0,2,3,5,4,2,8,1,2,5,6,9,7,6,0,0,0,1,2,0,0,5,1,5,7,4,0,0,6,4,3,4,6,2,5,6,0,0,0,5,6,2,0,0,7,2,5,0,5,1,1,0,1,0,0,0,6,0,0,0,9,1,0,2,0,3,1,7,1,3,2,0
Zranb2,0,8,2,0,0,0,0,13,0,0,13,0,18,6,3,0,0,9,0,0,0,6,9,8,23,16,0,0,17,2,7,0,9,6,0,1,1,0,16,16,0,0,2,0,2,0,13,1,15,1,0,11,0,0,0,0,0,8,0,2,0,4,0,0,7,5,1,5,0,11,4,1,8,0,11,0,17,8,6,0,0,5,1,7,13,2,24,9,0,9,0,0,0,0,6,0,7,0,11,0,0,11,0,23,14,14,0,4,6,0,0,0,4,15,5,2,6,0,24,1,0,0,19,11,0,1,6,2,3,10,0,16,1,17,0,3,15,0,0,0,2,1,20,0,6,0,4,0,0,0,20,2,5,1,0,5,7,0,0,14,2,10,0,1,0,4,0,0,0,9,6,13,0,2,16,3,6,0,3,10,0,0,3,0,1,0,0,0
