Row,cell1,cell2,cell3,cell4,cell5,cell6,cell7,cell8,cell9,cell10,cell11,cell12,cell13,cell14,cell15,cell16,cell17,cell18,cell19,cell20,cell21,cell22,cell23,cell24,cell25,cell26,cell27,cell28,cell29,cell30,cell31,cell32,cell33,cell34,cell35,cell36,cell37,cell38,cell39,cell40,cell41,cell42,cell43,cell44,cell45,cell46,cell47,cell48,cell49,cell50,cell51,cell52,cell53,cell54,cell55,cell56,cell57,cell58,cell59,cell60,cell61,cell62,cell63,cell64,cell65,cell66,cell67,cell68,cell69,cell70,cell71,cell72,cell73,cell74,cell75,cell76,cell77,cell78,cell79,cell80,cell81,cell82,cell83,cell84,cell85,cell86,cell87,cell88,cell89,cell90,cell91,cell92,cell93,cell94,cell95,cell96,cell97,cell98,cell99,cell100,cell101,cell102,cell103,cell104,cell105,cell106,cell107,cell108,cell109,cell110,cell111,cell112,cell113,cell114,cell115,cell116,cell117,cell118,cell119,cell120,cell121,cell122,cell123,cell124,cell125,cell126,cell127,cell128,cell129,cell130,cell131,cell132,cell133,cell134,cell135,cell136,cell137,cell138,cell139,cell140,cell141,cell142,cell143,cell144,cell145,cell146,cell147,cell148,cell149,cell150,cell151,cell152,cell153,cell154,cell155,cell156,cell157,cell158,cell159,cell160,cell161,cell162,cell163,cell164,cell165,cell166,cell167,cell168,cell169,cell170,cell171,cell172,cell173,cell174,cell175,cell176,cell177,cell178,cell179,cell180,cell181,cell182,cell183,cell184,cell185,cell186,cell187,cell188,cell189,cell190,cell191,cell192,cell193,cell194,cell195,cell196,cell197,cell198,cell199,cell200,cell201,cell202,cell203,cell204,cell205,cell206,cell207,cell208,cell209,cell210,cell211,cell212,cell213,cell214,cell215,cell216,cell217,cell218,cell219,cell220,cell221,cell222,cell223,cell224
Mrpl15,0,4,8,4,0,14,0,10,1,3,11,0,5,0,9,5,5,4,14,0,6,17,0,3,0,8,13,12,4,6,1,9,0,1,4,10,0,22,16,2,9,1,0,9,0,11,0,1,11,6,1,0,0,0,1,0,10,7,7,9,0,16,8,2,3,1,1,0,8,17,4,1,6,0,15,7,12,6,1,3,3,2,7,0,10,0,11,2,5,2,3,0,11,8,2,3,8,4,14,2,2,10,13,2,0,2,0,7,15,6,12,0,4,30,6,5,0,6,11,0,4,5,4,1,6,1,6,4,6,0,4,3,0,3,1,3,8,1,5,7,1,1,0,7,1,9,5,0,3,5,9,1,2,3,4,4,0,10,3,6,4,0,5,5,4,4,4,3,6,3,4,0,6,0,12,0,0,11,5,0,5,7,8,4,6,6,3,4,7,5,1,3,0,0,2,3,6,5,7,2,2,8,1,0,5,5,9,8,2,7,9,2,0,5,6,8,4,0,10,4,11,0,6,0
1110058L19Rik,5,1,0,9,5,3,6,8,0,13,3,2,3,5,8,5,0,1,4,0,2,0,0,1,3,1,4,5,8,0,4,10,5,0,0,13,1,3,14,1,0,13,1,5,9,11,2,4,7,0,4,0,5,8,8,2,2,7,1,0,6,6,1,0,3,0,3,0,8,0,7,1,0,8,6,0,10,2,3,6,2,2,3,2,0,0,7,0,4,4,5,4,0,5,2,7,0,4,4,12,3,3,5,0,0,7,0,12,3,9,4,0,0,4,5,12,4,3,2,2,0,3,1,1,4,1,2,0,11,5,0,1,0,1,2,2,17,3,1,1,3,2,4,4,2,6,1,0,3,3,0,0,8,2,5,3,3,3,2,5,6,5,6,5,1,4,3,8,6,3,3,3,2,0,4,3,0,1,7,2,1,1,8,5,4,6,0,4,1,4,0,3,0,3,10,3,1,8,3,0,0,6,10,0,4,5,2,7,2,2,8,2,10,1,2,16,1,2,6,16,7,2,2,4
Phf3,0,5,0,0,0,12,0,0,8,0,10,0,0,0,5,0,0,0,0,0,0,0,4,0,0,0,0,12,0,4,0,0,5,0,0,0,0,0,0,2,0,0,0,0,5,1,7,0,4,0,0,0,0,0,10,0,0,0,0,0,4,17,0,0,0,0,0,0,6,18,2,21,0,0,0,4,0,0,0,0,1,0,1,0,0,0,0,0,0,0,6,2,1,0,0,4,0,0,3,2,0,16,0,2,0,5,0,5,3,0,0,0,7,0,2,12,0,10,7,0,0,0,0,0,0,0,0,0,0,0,0,4,0,0,0,2,0,0,0,0,0,0,0,5,0,0,4,0,4,0,0,0,0,0,2,0,3,0,0,3,0,5,0,5,0,0,0,0,3,6,0,0,0,0,0,0,1,0,4,0,0,0,0,0,0,1,0,2,0,0,0,10,1,0,6,2,0,0,0,0,0,2,0,0,3,4,6,0,0,0,4,0,0,0,0,9,0,0,1,0,4,0,0,0
Sf3b1,10,32,2,11,4,59,19,23,3,14,35,8,4,13,25,13,0,8,16,4,17,10,18,3,0,3,9,14,6,8,33,26,23,4,16,0,0,11,17,9,0,24,4,0,0,30,12,17,3,1,11,16,12,27,21,23,8,11,16,0,11,6,6,2,21,0,0,20,14,69,8,18,17,33,9,1,15,2,0,1,0,0,16,10,9,12,7,6,0,0,12,4,14,12,0,25,8,10,14,8,10,14,25,7,12,3,0,7,5,27,29,0,14,3,17,4,0,2,4,1,0,0,6,7,0,4,1,0,0,14,0,5,6,8,0,13,0,15,19,3,0,0,22,0,0,12,3,0,5,10,2,0,2,12,7,18,11,13,7,4,14,19,1,1,19,12,0,12,0,10,2,0,7,0,4,0,0,11,12,0,5,2,8,0,4,12,0,8,3,4,10,9,5,4,24,8,23,8,6,20,8,6,12,6,9,22,20,10,6,3,5,8,1,7,18,21,0,0,17,9,9,0,8,12
Bzw1,4,6,13,9,2,25,0,0,0,14,18,18,9,8,12,3,0,2,19,0,4,8,1,11,0,5,24,6,4,3,9,5,5,16,0,21,0,12,17,4,1,10,7,1,0,16,12,9,4,0,7,1,4,18,16,13,15,6,20,2,5,1,5,0,0,0,0,18,9,0,15,19,34,0,0,0,30,4,2,0,0,0,4,4,10,4,7,9,8,2,4,0,7,14,0,3,10,5,10,8,6,5,12,8,0,14,0,4,17,10,5,0,5,5,10,5,0,4,7,1,0,1,5,0,3,4,4,3,9,6,1,3,0,3,0,0,0,4,0,4,3,0,8,5,1,10,2,3,4,2,4,0,0,7,9,4,5,3,0,10,6,1,6,5,7,4,1,2,5,6,6,3,6,0,6,0,0,4,17,2,0,2,3,12,1,4,1,4,11,6,1,4,0,2,11,11,2,6,7,4,1,7,3,6,8,6,11,0,0,6,2,7,0,5,4,13,1,0,7,15,3,0,1,2
Bmpr2,0,0,0,0,0,3,2,3,0,0,0,0,1,0,1,0,0,0,0,0,4,0,0,0,0,9,0,0,0,0,0,5,1,7,0,0,0,0,0,0,0,0,0,4,0,7,0,0,8,0,0,5,0,0,6,0,6,0,0,0,0,0,0,0,0,0,0,0,0,2,0,0,2,0,0,0,2,0,0,0,4,0,0,6,0,0,0,0,4,13,0,0,0,0,0,5,0,2,0,4,2,0,9,0,0,5,0,3,0,0,2,0,3,0,1,0,0,0,9,1,0,0,0,0,0,0,4,0,0,0,3,3,0,0,0,0,0,4,1,3,0,0,2,0,0,0,0,0,0,0,0,0,0,0,0,0,3,0,2,8,1,1,0,0,0,0,0,4,0,3,2,0,0,0,0,0,0,0,0,0,0,0,0,0,0,0,0,0,0,0,2,0,0,0,0,0,8,0,9,0,0,0,0,0,0,7,0,0,0,0,0,0,0,0,0,0,0,0,2,0,0,2,2,0
Eef1b2,0,0,0,0,32,0,0,0,0,59,0,0,0,0,0,0,0,0,0,0,0,17,0,0,0,0,0,42,0,0,0,0,0,0,0,0,0,47,49,0,0,0,44,0,0,77,28,85,0,0,0,0,0,0,53,0,0,0,0,0,0,0,0,0,0,0,0,0,0,0,0,0,0,0,0,0,0,0,0,0,0,0,43,0,0,0,0,0,0,0,0,0,0,33,0,0,0,0,0,0,0,0,0,0,0,0,0,0,12,13,0,0,0,0,32,0,0,0,0,0,0,0,0,0,0,0,0,0,0,0,0,0,0,0,0,10,10,0,0,0,0,0,0,0,0,0,0,0,0,30,0,0,0,0,0,0,26,0,37,0,0,0,0,0,27,0,8,0,0,0,0,0,0,0,0,0,0,0,0,0,0,0,0,0,15,0,0,0,0,0,0,52,0,0,26,0,0,0,0,23,0,0,0,0,0,58,0,7,0,12,0,0,0,0,53,11,0,0,0,61,24,0,0,0
Aamp,35,25,23,24,9,21,21,18,12,31,12,9,12,7,20,16,0,4,8,0,15,13,22,1,1,11,41,29,21,9,25,6,22,10,18,30,2,19,26,9,13,15,0,1,0,28,19,10,16,2,8,23,0,54,33,21,25,3,27,6,20,17,4,0,27,6,7,0,8,51,18,23,28,16,4,3,20,6,1,8,0,3,23,7,13,17,15,0,5,6,9,7,20,8,2,13,3,3,12,14,2,16,13,5,3,11,0,29,20,13,9,0,26,14,22,13,0,3,16,16,0,3,9,0,0,2,2,6,7,18,0,8,3,3,7,4,3,4,8,19,0,4,14,17,0,12,11,0,0,20,8,1,2,0,10,15,8,8,17,20,9,3,9,9,21,11,2,10,20,15,8,5,15,0,13,0,1,11,13,5,3,0,13,0,2,10,1,3,16,17,0,12,8,5,7,15,9,8,21,5,0,5,8,5,16,12,2,8,0,5,10,17,1,2,9,12,7,2,12,12,16,5,6,13
Psmd1,4,0,14,5,18,19,15,31,6,8,14,7,13,1,10,9,0,4,8,0,3,17,17,18,1,5,12,18,12,14,15,3,5,6,11,12,6,11,28,9,0,16,10,0,0,27,19,7,8,3,13,20,0,27,18,14,26,12,12,4,6,21,0,4,13,0,0,30,5,5,16,47,22,18,8,12,31,4,7,26,6,5,22,4,17,13,24,0,8,19,6,11,19,20,4,11,2,4,37,14,9,19,10,9,4,5,0,15,21,21,33,3,10,13,25,8,0,14,21,5,0,0,0,0,0,5,16,0,0,6,9,24,0,0,0,4,0,15,18,4,0,1,15,17,4,31,14,6,12,9,12,3,0,0,20,13,13,9,9,24,21,1,13,14,16,9,2,8,25,11,0,16,14,0,33,0,0,8,13,0,2,1,6,11,12,13,2,3,18,10,8,15,0,13,5,14,17,6,20,17,14,14,14,12,13,28,11,15,0,16,6,18,5,11,12,25,9,5,21,20,9,7,7,13
Cops8,3,3,4,7,4,5,1,9,5,3,7,5,4,3,2,6,0,3,3,0,2,8,4,2,0,5,4,5,3,4,9,4,0,2,2,5,2,8,13,3,9,7,3,0,0,11,8,1,9,3,2,7,2,11,10,4,5,5,9,3,5,6,0,8,0,0,0,6,6,13,4,6,22,0,2,3,3,0,6,2,0,1,2,3,4,5,7,0,0,1,9,4,2,2,2,9,3,0,8,6,0,6,6,1,2,0,0,3,1,10,0,1,1,8,9,3,0,5,6,3,0,0,1,1,0,1,5,7,0,0,0,1,0,0,0,1,0,0,8,5,0,0,2,4,1,3,0,1,1,4,4,0,0,3,5,7,1,2,0,5,2,3,2,7,3,1,0,1,7,0,1,4,1,0,6,0,1,8,6,0,0,0,4,4,3,3,3,4,6,5,0,5,0,1,6,5,3,5,2,4,1,4,5,2,2,5,6,1,2,1,4,2,1,2,5,2,0,0,4,13,0,4,1,2
Ndufa10,8,1,19,1,11,56,2,12,12,14,27,6,11,8,7,16,0,2,2,4,19,9,18,18,7,12,34,14,25,21,13,15,10,13,16,19,2,22,16,7,21,17,24,6,0,27,15,11,23,2,6,28,7,67,18,12,26,6,19,2,4,8,4,12,14,2,4,9,11,31,22,29,34,12,49,16,22,5,2,9,0,1,13,0,20,13,15,0,7,11,10,16,29,18,10,17,8,1,21,15,9,20,11,11,7,16,0,24,16,26,42,1,21,24,29,9,3,8,22,13,0,1,4,11,5,2,11,11,0,8,0,13,7,0,0,6,10,0,11,8,6,5,19,23,1,43,14,7,7,10,13,1,0,4,16,9,5,10,8,18,19,7,20,14,14,13,5,7,13,16,5,7,6,2,20,0,1,16,20,3,1,5,4,8,7,17,3,14,12,12,3,16,15,17,28,9,7,5,9,13,8,8,12,4,12,17,12,7,4,17,13,14,9,5,18,36,4,2,38,23,23,7,3,2
Tpr,3,4,7,13,6,27,13,19,10,15,30,5,13,0,49,16,1,6,10,1,12,18,5,2,0,9,6,17,15,6,17,24,8,4,9,19,8,31,20,3,7,32,4,12,0,21,28,49,12,9,12,31,7,28,13,20,40,0,14,0,1,22,8,0,0,0,4,34,12,32,9,56,0,7,15,26,25,5,3,5,6,0,12,12,15,14,17,6,3,9,13,7,9,26,0,14,10,11,15,15,18,11,12,11,11,7,0,22,18,47,38,0,24,25,19,17,2,20,14,7,0,3,6,0,0,2,10,14,0,16,0,21,0,0,0,8,0,14,18,9,0,0,21,8,0,22,3,1,8,24,7,0,1,2,16,23,24,9,11,21,16,4,19,10,15,15,4,14,18,11,0,10,14,0,15,0,3,7,10,0,3,0,16,13,6,26,3,10,27,17,12,11,9,11,28,27,14,4,17,8,7,14,3,5,22,26,18,7,2,14,7,16,12,7,23,30,13,1,11,26,6,9,9,6
Gas5,10,19,5,12,28,38,28,32,33,25,53,15,34,8,20,26,0,8,21,1,33,36,58,24,12,14,40,28,28,31,42,32,36,16,10,19,0,47,17,16,20,31,15,3,11,39,4,73,31,17,40,9,15,58,19,0,8,24,37,3,15,14,9,0,43,14,12,0,15,39,29,64,36,26,13,19,48,16,15,20,7,0,32,8,18,23,17,4,14,11,32,6,24,13,11,34,11,31,20,23,20,17,20,20,15,9,6,35,16,29,30,0,30,25,17,30,0,13,31,22,10,4,17,6,0,6,30,37,7,22,11,13,4,8,13,4,5,16,7,10,10,5,17,33,9,22,29,17,19,19,5,7,2,8,12,27,40,20,6,29,12,17,12,10,13,12,4,24,19,14,5,18,19,12,15,0,5,25,17,3,10,8,14,14,23,28,6,37,30,19,18,30,3,18,33,14,9,31,13,23,11,16,24,2,27,29,16,22,3,13,19,17,11,7,21,18,1,2,23,31,13,5,4,16
Prdx6,0,0,0,4,14,93,33,36,0,37,41,21,17,17,18,0,0,0,0,0,41,18,41,30,8,20,78,24,8,18,58,11,14,36,0,24,19,42,47,11,0,31,64,11,16,54,37,71,0,17,24,0,0,33,10,34,7,0,73,26,0,0,0,0,0,0,18,42,20,32,21,110,70,24,16,0,43,16,6,8,10,4,23,6,45,16,22,1,29,27,26,26,45,43,16,24,15,13,17,24,23,12,9,38,19,13,11,40,45,25,34,1,29,28,37,30,6,29,28,18,8,10,23,22,1,8,24,16,6,29,17,6,14,2,1,2,6,0,16,12,7,0,22,21,12,22,9,3,18,33,13,2,10,19,29,17,37,11,3,5,41,21,14,9,16,12,16,8,42,22,16,11,14,0,11,0,2,27,8,8,3,19,28,20,10,25,11,8,12,50,10,28,8,13,26,52,11,5,24,7,26,18,17,5,33,33,17,7,6,2,12,36,11,18,38,30,3,0,16,15,29,5,13,12
Kifap3,2,0,1,11,0,7,4,12,0,6,8,0,5,2,7,3,0,1,0,0,2,0,0,0,0,0,7,0,4,0,3,0,0,1,7,2,0,4,7,0,0,4,2,0,1,2,5,3,4,0,0,0,1,6,5,7,4,0,0,0,2,0,0,0,4,4,0,0,0,5,0,0,2,17,9,0,8,0,0,6,0,0,1,5,6,0,0,0,0,3,4,7,2,3,1,0,2,6,2,4,0,3,4,2,0,0,0,6,9,8,2,0,4,4,6,3,1,1,5,6,4,0,0,0,0,0,7,2,0,2,0,0,1,4,0,6,1,0,1,2,0,0,0,11,0,5,0,0,4,2,7,6,0,0,0,2,0,0,4,0,7,3,0,2,5,2,1,5,2,4,3,7,2,0,0,0,2,2,6,0,0,0,5,0,10,0,3,4,1,7,3,2,0,0,4,0,1,7,3,0,4,2,7,4,4,4,1,3,2,0,0,0,0,10,4,1,0,0,4,0,2,2,2,2
Ndufs2,8,15,8,0,0,45,0,0,0,0,0,0,19,0,5,0,0,0,0,0,0,0,0,12,0,22,45,8,0,0,17,14,0,16,0,16,0,23,0,6,39,32,2,0,0,13,0,0,0,0,0,13,11,22,13,0,22,0,21,0,0,12,0,0,0,0,0,0,34,0,0,68,0,10,0,0,11,0,0,10,0,0,2,0,0,19,0,0,0,11,21,0,4,27,0,8,0,0,26,8,0,35,4,21,0,9,0,31,0,19,27,0,10,10,13,11,0,0,0,5,0,0,6,0,0,0,12,0,0,10,0,12,0,7,0,0,0,3,3,0,0,0,18,22,0,11,13,0,0,0,0,1,0,0,0,0,0,0,12,0,14,10,14,16,3,0,0,14,2,15,0,7,17,0,22,0,0,6,0,0,0,0,9,0,7,3,0,0,0,7,0,7,0,0,12,8,18,10,0,11,0,0,20,3,19,16,19,13,0,0,0,22,0,0,0,0,0,0,0,0,0,0,0,12
Wdr26,0,4,0,12,0,29,4,7,0,6,0,0,0,0,15,1,0,0,8,0,0,10,2,14,0,12,22,0,11,8,7,5,5,0,0,0,1,20,2,0,14,0,0,2,6,8,13,3,22,0,4,0,3,16,16,16,11,0,5,0,0,0,0,0,0,0,3,12,0,30,5,20,11,3,7,2,7,4,1,8,0,0,5,2,4,7,0,1,0,4,6,1,10,1,5,15,14,5,8,9,19,10,4,6,6,0,6,10,13,27,18,0,2,3,3,10,0,8,5,4,0,8,12,3,0,0,4,0,0,5,8,10,4,2,6,2,0,1,6,0,0,0,9,7,0,4,9,5,6,9,3,3,0,4,5,7,14,4,4,3,6,1,7,0,0,0,2,0,2,0,0,5,8,2,10,0,0,0,9,0,0,0,0,7,6,7,0,3,12,2,3,3,6,9,8,5,0,3,16,0,0,6,2,2,2,11,16,1,3,6,2,15,7,4,4,6,9,0,1,4,16,9,4,0
Pcmt1,14,11,3,0,15,26,27,6,5,12,5,6,4,1,6,3,0,5,14,0,6,15,5,9,1,0,18,20,3,10,8,3,8,11,4,0,4,19,8,4,4,9,15,0,5,14,13,11,16,5,0,6,0,14,0,3,29,0,4,0,3,13,2,0,1,4,9,24,15,8,5,19,27,5,4,11,30,0,3,3,6,0,11,6,12,25,13,0,0,6,7,0,15,17,8,6,5,4,14,11,8,21,12,5,4,5,0,21,12,8,14,0,9,14,9,4,0,5,13,1,0,2,8,0,1,5,10,5,2,12,2,6,0,0,0,0,3,5,15,0,4,0,13,12,0,12,4,11,4,8,2,0,1,2,17,18,4,2,0,13,11,6,7,7,14,12,4,5,6,6,4,2,11,1,3,4,2,16,9,0,3,6,1,9,5,5,0,2,11,6,0,20,3,13,5,15,3,9,7,4,2,6,8,0,13,6,14,7,3,1,2,9,3,3,6,26,0,3,10,4,7,8,1,2
Sgk1,0,0,0,0,0,0,0,56,0,0,0,0,0,0,0,0,0,0,0,0,0,0,0,0,19,0,0,0,0,0,0,0,0,0,0,0,0,0,0,0,0,0,0,36,0,0,0,0,0,0,0,0,0,0,0,0,0,0,12,0,0,0,0,0,0,0,0,0,0,0,0,0,0,0,0,0,0,0,0,0,0,0,0,22,0,0,0,0,0,0,21,0,0,0,0,0,18,16,0,0,0,0,0,0,0,0,0,0,0,0,0,0,0,0,0,0,0,0,0,0,0,0,0,0,0,0,0,0,0,0,9,0,0,0,0,0,0,0,0,0,0,0,0,0,0,0,0,0,0,0,0,0,0,0,0,0,0,0,0,0,0,0,0,0,31,0,0,0,0,0,0,0,0,0,0,0,0,0,0,0,0,0,0,0,0,19,0,0,0,7,0,0,0,0,0,0,0,0,12,0,0,0,0,0,17,0,0,0,0,0,0,0,0,0,0,0,0,0,0,33,0,0,0,0
Lims1,0,3,7,6,6,14,1,4,3,8,12,3,0,5,3,1,0,1,3,10,6,7,0,5,3,6,11,5,1,2,8,4,3,0,7,0,2,6,11,3,5,2,2,2,0,4,6,0,2,8,3,0,5,8,2,6,1,2,2,2,6,13,0,2,0,5,0,0,2,17,0,12,9,3,22,2,6,1,4,0,0,3,4,6,0,5,5,5,4,8,3,12,5,5,4,8,4,8,5,1,17,2,3,5,11,12,3,10,2,4,10,4,4,6,5,1,0,7,0,2,2,1,2,3,1,4,6,6,2,5,0,4,4,0,1,1,7,7,8,2,0,0,2,2,2,3,10,7,7,6,0,7,1,4,1,9,4,0,0,5,5,5,3,7,3,7,8,1,1,8,3,1,5,2,0,5,3,5,3,1,5,5,7,9,1,2,0,5,11,4,5,11,5,6,4,5,9,3,8,3,6,1,6,6,2,14,2,1,2,0,0,4,2,5,4,2,2,0,1,14,5,11,0,0
Ccar1,1,7,6,0,11,30,8,0,14,0,3,0,4,0,14,3,0,1,6,0,4,3,7,0,1,0,8,5,0,4,5,2,1,0,3,4,0,8,2,8,6,6,0,4,0,7,8,11,9,0,0,6,0,13,12,16,10,0,16,0,0,4,0,0,6,0,0,7,0,4,5,23,17,0,3,8,19,0,0,10,0,0,6,2,1,2,3,0,0,0,6,10,1,2,4,7,4,3,8,2,0,2,3,3,3,2,3,9,3,9,0,0,8,1,7,0,0,4,20,6,0,0,0,5,1,3,11,0,0,1,3,4,5,1,1,0,0,4,0,0,0,0,4,9,0,0,0,0,3,11,5,0,0,0,0,4,2,4,2,10,5,5,7,1,3,4,0,6,4,0,1,4,10,0,6,1,3,7,5,0,0,0,3,4,3,5,2,1,1,5,0,4,1,8,5,2,8,3,8,6,3,8,2,1,0,14,1,1,2,3,4,4,0,0,4,3,4,0,10,2,0,0,4,1
Col6a2,19,10,0,12,6,14,14,6,1,15,8,1,15,7,15,8,3,0,4,0,10,10,0,0,8,12,18,15,8,56,16,19,7,4,4,0,2,13,5,11,9,5,1,2,5,44,2,3,14,3,17,16,3,35,44,18,8,10,1,0,8,0,11,0,16,11,3,0,9,48,1,29,20,5,10,0,16,6,5,3,0,0,18,2,30,10,6,0,0,0,18,7,1,6,0,11,0,7,22,5,12,22,8,7,9,9,2,2,8,15,15,0,7,0,20,19,0,7,20,3,0,8,2,15,0,0,4,9,1,10,8,13,0,0,2,0,1,15,10,6,1,0,3,17,0,8,3,0,0,8,1,6,5,0,6,27,17,16,17,2,1,0,7,5,6,7,3,7,7,4,0,8,4,0,2,1,0,7,15,0,11,0,0,6,16,5,0,22,0,5,0,2,0,1,3,7,5,23,2,0,8,16,6,4,10,8,6,5,3,1,12,5,3,5,12,2,3,0,16,35,18,10,0,3
Wdr18,0,9,11,4,4,14,0,4,8,6,12,3,8,0,11,9,0,4,0,3,12,4,7,5,1,0,12,10,15,11,5,0,2,5,9,19,2,17,8,2,0,0,4,0,4,3,4,14,4,7,0,16,6,11,2,0,7,6,0,0,2,24,4,0,0,0,0,0,0,3,11,38,3,7,2,17,15,2,0,1,0,4,9,2,9,5,10,0,8,0,4,0,11,10,6,4,2,3,7,8,6,2,5,6,0,0,5,4,14,10,5,0,13,18,18,9,0,0,5,2,0,0,6,3,0,0,7,4,4,5,1,2,0,3,2,0,2,11,2,4,2,0,3,1,0,7,6,3,1,6,8,2,1,3,7,4,8,6,6,7,9,5,9,8,3,2,4,6,15,5,6,8,1,0,8,0,0,15,8,0,1,2,6,8,0,5,6,4,5,15,0,11,1,3,7,14,6,6,2,3,0,12,7,0,8,16,13,2,1,2,4,12,5,7,4,25,5,4,6,8,0,3,0,7
Timm13,21,16,20,3,14,62,29,16,0,15,25,16,15,24,37,22,2,8,14,0,15,18,10,15,0,19,48,38,38,6,32,18,7,8,4,18,2,30,26,19,10,24,10,0,0,12,10,68,26,5,14,33,4,41,17,18,18,29,44,4,12,21,15,0,16,0,7,62,15,22,14,79,36,11,17,27,33,9,10,19,1,1,12,4,14,15,27,11,5,29,30,2,19,30,4,8,12,3,35,36,4,19,14,12,6,11,6,17,21,21,20,11,30,24,26,12,0,10,21,5,0,9,4,1,6,8,7,9,4,19,6,7,5,3,7,4,6,7,10,5,4,5,16,18,3,14,9,0,11,11,0,2,0,0,43,16,14,18,15,21,11,15,12,9,21,7,4,13,25,14,15,13,21,2,13,7,1,11,26,0,3,7,11,9,10,20,3,10,19,7,8,38,0,10,29,15,6,17,11,5,13,12,10,4,24,18,27,2,7,7,14,14,8,6,9,17,2,2,20,18,37,4,6,4
Mrpl54,16,12,16,11,9,34,0,18,16,19,40,13,18,0,18,0,0,0,0,3,11,23,26,6,4,7,10,9,12,23,8,4,4,9,0,26,11,22,12,19,32,21,0,12,3,14,15,13,20,10,11,41,9,30,19,5,19,4,8,0,8,5,0,0,48,0,6,37,0,5,3,22,23,4,6,31,38,3,4,13,1,2,13,8,24,22,14,1,5,10,15,10,20,14,6,15,2,12,17,18,18,10,6,8,4,14,6,12,13,26,14,1,6,4,19,20,1,14,18,8,1,13,4,9,6,4,16,3,1,10,3,5,4,9,1,2,11,8,12,16,0,2,21,3,2,15,7,5,6,10,10,0,0,8,5,12,6,3,5,4,6,13,8,10,17,5,0,8,0,12,10,2,2,5,1,9,0,7,8,4,3,2,5,6,15,16,0,9,6,7,8,14,6,7,13,0,0,0,26,4,4,20,12,2,22,14,27,10,2,10,7,12,10,6,12,17,1,0,3,11,7,0,6,7
A230046K03Rik,5,6,0,0,0,5,4,6,0,4,9,0,1,0,0,2,0,0,0,0,5,0,0,0,0,0,4,0,0,1,0,0,3,0,0,0,1,0,3,0,5,2,0,0,2,4,0,0,3,0,0,4,1,13,4,5,0,0,1,2,3,0,0,1,0,0,1,2,0,0,0,9,13,0,0,0,0,0,0,1,0,0,0,4,2,2,1,4,1,2,4,2,2,4,0,0,0,0,3,0,0,0,4,3,1,6,0,9,0,4,2,0,3,6,4,0,0,4,5,0,1,0,6,4,0,0,0,1,0,0,0,2,0,0,4,2,0,5,0,7,0,0,0,5,0,10,1,0,3,3,1,0,0,0,4,2,8,3,5,2,3,0,2,0,5,1,0,1,0,0,1,4,2,0,0,0,0,1,5,0,1,0,5,1,0,4,0,1,2,0,6,0,0,0,6,4,3,0,0,0,3,5,0,3,4,4,0,0,0,0,1,0,2,0,0,0,0,0,0,0,3,0,5,0
Hsp90b1,45,50,12,20,16,59,28,93,35,31,26,12,12,43,60,27,8,10,73,0,24,34,20,26,15,60,68,55,52,19,53,33,61,0,19,38,10,38,81,46,59,56,29,8,7,91,45,35,35,0,18,60,5,94,40,34,33,24,83,6,43,24,19,0,80,21,4,125,33,58,34,127,139,17,38,72,43,13,15,21,10,6,60,35,27,45,49,6,15,19,43,64,38,56,18,42,28,29,76,28,42,82,23,73,20,52,10,37,55,43,12,0,33,87,80,19,0,31,35,17,0,0,19,23,9,12,35,21,6,51,12,33,7,14,8,6,0,48,44,16,4,6,62,33,0,42,29,9,36,34,53,3,10,12,44,45,64,26,45,27,27,16,31,24,59,19,9,24,42,13,12,15,32,0,37,4,9,24,38,0,36,14,14,32,22,24,10,38,29,57,42,24,11,14,34,17,12,22,42,24,35,23,30,1,21,85,23,10,11,37,6,46,22,21,57,41,22,0,62,46,58,42,35,26
Metap2,3,16,14,7,7,27,24,19,0,6,24,12,7,4,20,7,3,6,0,0,24,6,16,2,2,21,17,14,17,11,11,11,3,10,12,10,1,20,14,5,14,23,2,1,0,30,3,42,22,5,8,26,0,13,11,21,10,1,17,0,3,16,2,0,7,3,8,9,4,8,11,34,47,0,11,3,8,10,1,3,2,1,2,7,15,21,25,3,1,0,6,10,18,15,0,10,4,0,11,14,14,24,8,7,7,0,2,17,12,21,22,1,16,25,17,18,0,5,21,6,7,0,7,5,0,2,10,9,1,10,4,10,0,3,0,3,7,0,6,10,1,3,4,14,0,6,7,0,3,7,7,1,0,5,2,7,9,7,8,5,14,5,4,5,10,4,0,3,13,8,7,12,13,0,12,0,4,15,10,0,0,5,9,7,4,11,0,18,13,6,4,8,6,2,14,9,6,13,9,5,8,12,20,4,8,6,8,17,4,11,3,12,2,14,13,12,1,0,1,24,21,5,5,15
Cct2,19,14,17,27,12,20,11,17,9,11,42,3,7,4,26,1,0,0,17,0,11,20,13,39,0,46,25,10,41,0,26,25,20,32,9,15,10,17,31,7,25,30,3,0,0,52,34,33,22,8,27,26,10,23,33,8,28,10,24,0,6,3,7,0,24,0,4,51,2,11,22,30,53,7,18,9,33,0,8,26,19,1,6,5,3,33,17,0,14,12,1,9,44,32,2,10,18,15,45,8,9,30,22,4,1,10,0,23,1,39,24,0,12,19,31,9,5,21,10,24,0,16,6,7,11,0,32,12,6,11,12,16,0,0,0,4,0,25,10,9,5,0,21,20,0,17,7,3,16,27,18,0,0,6,32,12,21,6,18,49,4,5,9,12,9,16,6,3,16,25,10,2,16,6,13,11,0,13,7,3,0,12,22,2,16,9,9,18,17,13,5,12,4,22,19,18,17,15,15,8,11,11,28,11,38,46,22,19,5,12,23,34,0,3,8,41,6,0,25,14,13,0,20,21
Frs2,0,3,0,0,6,0,0,0,0,12,3,0,0,0,0,11,0,2,0,0,10,0,0,0,0,1,0,0,0,9,0,0,0,0,0,0,0,0,0,16,0,0,0,0,0,5,7,0,0,0,0,0,0,0,0,0,0,7,6,0,0,0,7,0,0,0,0,0,0,0,1,15,0,0,0,0,2,0,2,3,0,0,0,0,0,0,0,4,0,0,0,0,0,0,0,0,0,0,4,0,0,0,0,4,2,4,0,7,5,0,7,0,0,6,0,0,0,0,0,0,0,0,1,0,0,0,9,4,0,4,0,0,0,0,0,0,0,0,0,0,0,0,0,6,0,0,4,0,0,1,0,0,0,0,0,0,6,0,0,0,0,5,3,0,0,0,0,0,0,0,4,3,0,0,1,0,0,0,3,0,0,0,0,7,0,0,0,0,9,0,0,4,0,0,0,2,0,0,0,3,0,0,0,0,0,0,0,0,0,0,1,2,0,2,2,0,0,0,0,0,0,0,0,0
Cand1,0,0,0,0,0,0,0,0,0,19,0,0,0,0,0,0,0,0,0,0,0,0,12,0,0,0,0,0,0,0,0,0,0,0,0,0,0,0,0,0,0,0,0,0,11,0,0,0,0,0,0,16,0,0,0,0,0,0,0,0,0,0,0,0,0,0,0,0,0,0,0,0,12,0,0,0,0,7,0,0,0,0,17,0,0,0,0,0,0,0,0,10,0,0,0,0,0,0,0,0,0,0,0,0,0,0,0,0,16,0,0,0,0,18,17,0,0,0,0,0,0,0,0,0,0,0,0,0,3,0,0,0,0,0,0,0,0,0,0,0,0,0,0,0,0,12,0,0,0,0,0,0,1,0,0,0,0,0,0,0,17,0,6,0,6,0,0,0,0,0,0,12,19,0,0,0,0,0,17,0,0,0,0,0,0,0,0,0,0,0,0,0,4,0,0,0,0,0,0,0,0,0,0,0,8,0,0,0,0,0,0,0,0,0,0,0,0,0,0,0,0,0,0,0
Os9,15,10,0,0,0,40,12,16,4,24,6,4,4,3,11,1,0,3,0,0,10,3,17,0,1,0,6,11,7,4,0,0,2,2,3,6,4,4,1,7,15,6,4,1,6,21,5,8,19,0,11,5,0,7,26,10,10,0,6,0,2,5,0,0,16,2,0,19,5,9,6,16,7,1,0,10,20,3,1,0,4,0,6,0,2,5,7,0,0,2,14,1,7,13,0,16,0,0,2,10,0,13,6,2,0,0,0,16,12,13,6,0,9,2,6,5,0,8,11,5,0,0,0,0,0,0,3,0,0,8,1,7,3,0,2,3,0,0,2,6,5,0,9,10,0,8,0,1,0,6,8,0,0,0,14,11,16,8,3,4,3,5,4,10,4,2,2,8,4,8,0,0,8,0,5,0,0,9,7,1,0,1,8,0,16,8,0,1,3,6,1,3,0,7,1,9,1,6,9,2,0,9,9,0,15,16,6,7,0,0,0,10,2,5,10,7,2,0,6,10,7,4,3,0
Atp5b,14,31,37,27,49,69,56,27,38,30,40,21,15,13,46,26,0,13,16,2,33,24,19,18,12,48,66,47,46,22,24,28,34,30,27,22,4,49,52,28,11,35,26,18,1,64,44,26,35,17,22,42,16,48,37,27,43,16,43,0,30,25,2,0,29,5,6,25,14,90,39,101,70,21,13,60,44,11,21,21,5,14,16,12,31,26,31,13,30,17,26,6,38,29,0,25,19,27,34,43,46,29,16,28,5,17,9,30,24,26,25,0,17,20,29,29,0,16,16,16,7,11,17,24,17,9,25,14,15,11,11,14,11,0,15,3,11,10,26,6,10,0,35,28,1,35,25,3,8,11,28,14,9,9,21,22,21,20,15,20,31,17,26,26,29,32,5,19,33,23,13,25,19,8,19,11,0,19,19,3,6,26,15,27,20,27,4,26,23,29,9,30,17,31,21,17,13,11,24,16,11,7,25,16,20,38,39,19,6,12,15,26,9,13,27,31,8,0,22,17,34,27,21,5
Limk2,4,0,6,2,4,0,0,0,10,5,0,6,3,3,6,1,0,0,0,0,13,0,10,2,3,0,10,0,0,0,2,0,5,0,0,2,0,18,6,1,0,6,0,0,0,12,4,9,4,0,0,0,0,9,7,0,7,0,0,1,6,5,1,0,0,0,12,8,0,23,0,24,17,6,0,0,4,0,0,0,0,0,9,6,0,4,7,2,0,0,6,4,17,5,0,0,0,5,4,1,8,0,15,2,9,3,0,0,9,3,6,0,6,8,5,6,0,0,4,7,6,0,1,3,0,0,1,0,1,4,0,5,0,0,0,6,0,2,3,4,0,0,0,8,3,6,0,0,0,3,1,0,0,0,0,4,4,7,0,3,2,0,3,0,3,0,0,3,3,6,6,7,0,0,5,1,1,5,1,0,2,2,1,0,4,2,1,3,0,5,0,5,9,0,0,1,0,8,3,0,2,8,5,0,0,0,0,1,0,1,5,1,3,6,8,6,3,0,4,0,6,12,4,1
Ewsr1,0,3,11,2,5,12,4,10,13,19,11,0,3,3,6,4,0,2,2,0,2,3,3,0,5,1,5,5,13,1,7,1,0,5,5,10,5,8,11,10,9,13,22,0,0,9,8,14,1,0,6,10,0,9,17,7,9,0,4,0,16,16,2,3,4,0,0,4,4,5,9,14,35,0,2,3,8,2,0,8,0,1,5,0,11,8,8,2,0,1,4,0,6,4,0,1,2,0,7,7,1,8,4,2,3,1,0,9,10,5,4,0,4,11,5,8,0,7,7,0,0,0,0,1,3,0,2,1,0,9,0,8,5,0,0,0,0,3,0,7,0,0,6,5,0,5,1,0,1,4,0,0,0,0,5,3,5,4,0,8,18,5,7,10,3,7,0,1,8,6,1,6,4,0,5,0,1,4,15,0,2,0,5,0,4,3,0,9,6,1,2,14,1,2,3,2,2,4,0,2,4,11,4,1,4,8,6,3,1,0,5,4,0,3,6,7,2,0,4,9,2,0,0,3
Grb10,0,0,0,30,0,43,0,0,7,0,0,13,0,7,0,0,0,0,0,0,0,0,0,0,0,0,117,16,0,0,0,0,0,3,0,26,0,0,0,9,24,0,0,0,0,0,0,36,0,0,0,0,0,0,0,0,19,8,0,31,0,11,0,10,7,0,0,0,0,0,0,0,0,0,0,0,0,0,10,21,0,0,0,0,0,0,0,5,10,0,9,0,0,0,0,0,8,0,26,0,0,0,0,0,0,0,0,0,0,14,0,0,0,9,0,30,0,0,0,0,0,0,21,0,0,0,12,0,0,0,0,0,0,0,5,0,0,0,0,0,1,0,5,0,0,0,0,0,24,0,0,0,0,5,0,0,23,0,0,18,23,0,9,0,1,0,2,0,0,0,0,0,0,0,2,6,0,17,0,0,0,7,0,14,0,0,0,21,8,0,0,0,0,0,23,0,0,0,0,0,0,0,0,0,0,16,8,0,0,0,0,7,0,0,0,2,2,0,0,0,0,0,0,0
Commd1,7,0,0,0,0,0,0,0,0,7,6,0,0,0,7,0,0,0,0,0,0,0,0,3,0,0,1,0,0,0,0,0,4,5,0,0,5,15,0,3,0,12,1,0,0,3,0,9,0,0,0,0,0,5,0,11,0,0,0,0,0,1,0,0,0,0,0,9,0,0,0,46,0,4,13,0,25,4,8,0,0,0,0,5,0,0,2,0,0,5,0,0,8,10,0,0,7,0,7,4,0,1,0,10,0,0,2,0,0,0,0,0,0,0,9,6,0,0,0,0,0,0,0,0,0,0,0,13,0,2,0,4,0,0,0,0,0,0,4,0,0,0,8,6,0,0,4,3,0,5,2,0,0,0,4,0,0,0,0,0,0,4,6,0,8,0,0,0,3,6,2,0,0,0,0,0,0,0,6,0,9,2,0,0,0,0,0,0,5,0,0,0,0,0,0,12,0,0,0,0,0,0,4,2,0,0,8,2,0,6,4,0,0,0,8,0,0,0,2,5,0,0,0,0
Xpo1,0,0,0,1,0,5,8,0,11,0,14,0,1,0,9,2,0,0,6,0,0,7,0,0,6,0,5,5,2,0,0,0,0,0,0,4,0,13,0,0,0,9,10,0,0,0,0,5,13,0,0,0,0,0,3,0,5,5,0,0,0,0,2,0,0,0,0,0,0,0,6,13,1,0,14,11,7,0,0,0,3,0,0,2,0,0,8,0,0,5,0,0,0,3,0,0,0,0,0,5,8,0,0,0,0,0,0,0,1,0,2,0,4,7,0,0,0,2,4,7,1,0,0,0,0,2,12,0,0,2,2,4,0,0,0,0,2,0,0,0,0,0,4,6,0,0,0,0,0,3,0,0,0,7,6,2,3,0,2,6,0,0,11,1,2,0,0,0,6,5,3,0,3,0,0,0,0,0,9,1,0,0,3,6,0,9,0,8,0,8,0,0,0,2,14,2,0,7,0,0,1,0,0,0,8,0,0,0,0,5,0,0,0,7,9,10,6,0,0,15,5,10,0,2
Ccdc104,0,13,3,0,0,20,16,0,0,13,7,0,6,0,14,2,0,0,3,0,0,4,26,0,0,5,39,3,17,0,7,0,6,9,0,11,0,15,19,0,10,11,0,0,0,24,22,19,16,5,11,7,0,18,2,0,10,0,0,0,0,10,0,0,0,0,0,0,0,32,0,10,0,0,0,0,23,0,0,8,0,0,9,0,4,9,13,0,0,0,3,0,6,9,0,9,1,3,21,0,7,0,8,6,2,12,0,9,4,22,0,0,15,7,11,14,0,3,12,0,0,0,0,0,0,0,0,10,0,8,4,2,0,4,0,1,0,2,10,3,0,0,8,4,0,10,5,0,5,3,2,3,0,0,6,5,0,4,1,5,3,1,0,12,15,8,0,3,7,7,0,0,4,5,6,7,0,2,8,0,0,0,0,0,1,4,0,10,2,8,0,7,0,1,7,0,6,2,8,2,0,5,4,1,5,9,0,0,0,2,0,3,0,0,14,14,0,0,12,6,20,0,0,1
Zfp62,0,1,0,0,0,0,5,2,3,3,4,1,0,0,2,2,0,0,0,0,4,0,0,9,0,7,0,5,0,0,1,3,4,0,4,0,1,5,0,0,4,0,0,0,0,6,5,0,0,0,7,0,0,0,0,6,0,0,0,0,1,4,0,2,0,0,0,8,0,3,0,0,0,0,0,0,0,0,1,1,0,0,0,2,4,3,0,0,0,0,0,0,0,0,0,1,0,0,0,5,1,4,0,3,0,2,1,1,0,4,5,0,0,0,6,2,0,5,3,0,0,0,3,0,0,0,1,3,0,1,0,0,0,1,0,0,0,2,0,1,0,0,0,2,0,0,0,0,2,5,0,0,0,1,4,0,0,0,0,0,3,0,2,0,4,2,4,3,1,1,3,1,2,0,4,0,2,0,0,0,0,2,1,1,2,0,2,0,1,0,0,2,0,1,0,0,0,1,0,1,0,3,0,0,1,2,0,0,2,0,0,1,0,2,0,2,0,0,0,1,2,3,0,0
Mapk9,0,0,0,0,3,5,0,6,0,6,0,0,8,1,8,3,0,0,0,0,0,5,8,2,0,2,6,8,0,0,4,0,4,1,4,0,1,1,0,0,3,0,0,0,4,9,0,1,2,0,0,0,0,3,0,0,0,5,3,0,2,0,0,0,0,0,1,6,0,3,1,1,0,0,4,0,0,0,4,0,0,0,3,1,5,0,3,0,1,1,2,0,7,3,3,4,0,4,0,3,6,3,0,0,0,6,0,4,4,4,1,0,4,4,7,0,0,0,3,0,0,0,0,0,2,0,0,0,2,2,0,2,0,0,0,2,0,2,5,1,0,0,2,1,0,2,0,0,0,1,0,0,0,2,0,1,0,3,0,0,2,0,3,2,4,5,0,0,0,1,2,6,1,0,1,0,0,1,1,0,1,0,2,0,0,0,0,0,0,0,4,4,0,3,0,1,1,0,3,0,0,3,0,5,0,0,0,0,1,0,4,7,0,1,0,5,2,0,0,0,3,3,0,0
Rmnd5b,4,1,0,4,0,1,0,2,0,4,1,0,0,1,0,0,0,0,0,0,3,5,1,0,0,1,0,0,5,0,2,4,0,0,0,5,0,9,5,0,4,2,1,0,2,4,0,0,0,1,4,0,0,8,1,3,0,2,0,0,2,0,0,0,0,0,0,0,0,0,0,3,12,5,5,0,0,0,0,3,0,0,0,0,2,0,0,0,0,5,0,0,0,0,0,3,0,0,0,0,1,0,0,5,0,3,0,3,2,2,4,0,3,1,0,0,0,6,3,3,0,0,0,0,0,3,1,0,0,2,0,0,0,2,1,0,0,4,0,1,0,0,0,2,1,4,1,0,0,3,1,3,0,0,3,2,0,2,0,0,1,0,1,4,5,0,0,2,4,1,0,1,3,0,1,0,0,0,1,0,0,1,2,2,0,2,0,0,4,1,0,3,0,0,2,0,2,0,7,2,0,2,0,0,0,2,0,3,1,0,2,0,0,0,2,0,0,0,1,0,4,0,0,1
0610009B22Rik,10,4,0,0,0,14,26,6,1,2,11,2,4,0,4,2,1,0,3,2,4,5,9,2,2,2,13,7,2,4,0,7,4,0,0,0,0,0,5,0,3,1,0,1,0,8,10,0,12,3,1,9,4,0,5,0,0,10,10,5,0,3,2,3,0,0,2,9,6,19,9,4,17,6,5,0,8,7,3,0,3,0,10,2,2,3,8,2,3,2,3,3,4,0,9,2,0,9,7,3,8,11,2,7,0,0,1,8,5,10,6,1,8,2,4,4,3,0,2,0,0,8,6,6,2,7,9,6,2,4,6,9,0,0,6,0,1,3,5,4,0,1,3,6,3,5,6,8,4,3,3,3,1,1,9,1,1,0,4,4,6,3,1,5,2,2,0,2,6,0,9,2,1,1,2,4,0,5,0,0,1,2,3,6,4,4,0,3,3,9,1,11,0,6,3,0,3,4,8,3,1,0,4,0,4,5,2,1,0,5,0,5,2,1,6,5,2,1,14,0,1,4,3,2
Ppp2ca,6,16,4,2,7,24,7,14,0,6,2,7,2,5,5,8,7,4,0,0,5,9,7,9,0,17,16,15,11,10,13,4,16,8,9,21,0,15,12,10,3,2,4,6,7,28,6,14,16,16,5,11,4,3,17,0,6,0,12,11,13,5,3,0,3,0,0,0,11,8,5,24,20,0,6,8,5,0,0,5,2,0,12,5,5,7,12,0,4,10,3,6,16,18,0,13,9,5,6,14,0,3,6,13,0,3,4,17,7,5,6,0,18,15,10,4,5,24,12,2,0,4,9,3,5,0,7,8,0,3,0,11,5,4,2,1,0,6,4,4,0,0,5,6,5,8,6,5,6,2,5,0,0,4,12,7,4,6,4,5,6,8,6,2,14,0,0,5,7,6,0,13,4,0,3,4,5,10,8,1,0,8,2,8,6,4,0,10,17,10,6,11,11,7,7,17,8,1,4,7,4,7,5,0,10,5,10,1,7,0,14,9,2,8,14,10,3,0,9,7,3,0,0,9
Skp1a,0,6,25,0,14,17,0,27,0,29,27,22,14,0,21,17,5,15,0,3,27,0,27,0,5,0,21,21,27,15,18,10,19,10,12,32,8,34,32,23,10,0,9,2,4,39,23,0,14,9,4,28,6,22,28,0,3,10,18,0,10,23,6,11,0,2,18,19,3,59,10,25,26,25,22,0,17,14,7,5,2,0,11,14,23,12,19,0,6,21,19,7,20,6,4,9,5,10,22,12,5,13,17,6,12,4,2,16,15,14,4,6,10,8,26,24,0,10,25,7,9,6,6,10,2,9,5,13,5,7,1,14,6,6,4,3,15,9,2,2,3,4,14,10,5,16,9,8,8,8,0,1,4,8,19,12,5,6,9,19,19,12,8,12,15,14,10,7,15,4,18,0,15,2,19,12,1,9,0,5,10,11,10,15,2,17,7,6,15,11,0,40,6,2,11,17,9,9,21,8,6,13,22,3,13,22,21,4,4,0,9,10,3,12,32,16,9,0,0,0,0,5,4,1
Hspa4,5,0,21,3,1,26,27,5,20,2,19,1,6,1,27,6,0,5,4,0,8,10,13,0,3,25,24,7,12,6,9,7,7,3,14,8,1,11,14,5,9,2,0,1,0,19,7,20,23,0,2,20,3,7,9,3,9,12,6,12,1,2,2,0,9,0,0,7,2,22,12,11,5,9,4,14,29,6,7,4,7,2,7,4,10,5,3,0,3,6,23,6,10,19,8,12,8,0,9,11,14,7,11,12,0,3,0,13,5,8,9,0,4,12,13,5,0,9,2,3,0,0,16,10,0,0,14,4,0,2,2,11,0,0,0,6,3,3,8,3,0,0,9,6,2,6,5,5,6,9,1,0,0,2,7,5,9,2,6,12,3,4,5,2,8,11,0,4,4,2,8,3,9,0,16,0,0,6,14,0,4,1,8,6,2,8,0,8,10,16,2,8,5,5,1,8,2,4,4,0,5,5,6,2,10,15,6,4,3,1,0,12,4,3,5,5,1,0,2,6,15,0,3,0
Mprip,4,13,15,3,11,23,14,10,11,20,17,7,1,3,11,2,0,0,6,0,5,11,19,10,7,4,6,8,10,8,9,12,6,9,9,5,6,4,8,16,4,5,11,0,0,12,9,17,10,0,9,19,6,8,15,0,8,0,17,0,5,10,6,10,12,0,2,7,16,21,3,42,32,5,10,15,7,5,0,4,3,1,6,4,8,9,9,0,8,4,10,2,11,12,3,11,8,5,7,7,19,17,21,8,0,7,0,11,7,21,10,0,7,14,15,10,1,8,11,4,0,0,10,2,1,4,3,5,2,16,1,8,1,2,0,7,1,8,6,7,4,0,16,11,12,6,6,2,5,4,4,0,4,2,10,8,8,6,9,24,7,14,9,6,10,5,5,3,14,11,5,8,15,1,15,1,0,8,12,2,2,4,11,6,11,2,0,5,8,18,2,6,4,12,12,9,3,3,10,4,0,8,13,1,6,14,19,4,3,6,3,10,0,5,11,12,2,6,10,5,11,14,1,7
Chd3,0,0,0,0,11,52,0,0,0,17,0,11,0,0,12,2,0,0,0,0,0,0,0,0,0,7,0,0,0,13,0,0,0,17,0,4,0,10,0,0,0,0,0,0,0,16,0,9,0,0,0,0,0,0,14,25,18,0,0,0,0,15,0,0,0,0,0,0,0,0,0,0,0,0,7,0,0,0,0,0,0,0,0,0,0,14,14,0,0,0,0,0,18,11,0,0,0,2,12,0,4,0,5,0,0,12,1,0,0,0,0,0,4,0,14,18,0,0,2,0,0,0,0,0,0,0,8,0,0,14,0,6,0,0,0,0,0,0,1,0,0,0,0,11,0,6,0,0,0,0,6,0,0,0,6,0,0,4,9,0,0,2,0,7,0,0,0,0,0,8,0,4,0,0,2,0,0,4,14,0,0,0,0,4,0,13,0,4,4,0,4,0,0,7,0,8,11,0,0,0,0,0,0,0,4,8,0,0,0,0,0,14,4,10,0,0,0,2,14,0,11,0,0,0
Slc25a11,9,11,2,5,7,11,15,9,0,4,9,0,6,0,0,4,0,0,11,0,5,6,12,0,0,18,23,9,8,10,11,0,4,0,5,19,0,19,15,7,9,0,8,0,7,10,6,9,6,0,5,5,0,13,0,9,5,5,6,0,10,0,1,0,0,0,0,15,0,0,2,29,20,0,14,10,0,0,9,6,0,0,4,0,8,12,10,0,9,10,3,10,0,0,0,1,0,2,9,5,4,14,7,0,0,12,0,0,7,19,9,0,11,4,13,10,3,0,6,7,0,3,0,7,5,7,10,4,5,2,0,2,0,0,5,0,3,5,0,5,8,0,3,0,0,2,8,0,0,7,0,0,0,0,6,9,0,0,11,0,3,4,0,6,7,2,0,6,12,6,6,8,0,0,8,0,0,7,9,0,0,0,12,3,0,9,0,13,7,6,0,7,0,6,6,8,1,7,6,0,0,0,6,5,10,0,2,10,1,0,0,0,0,10,2,8,0,0,14,6,9,5,11,0
Spag7,4,1,7,4,12,3,0,6,0,8,5,3,6,1,7,0,0,0,0,0,4,2,2,6,0,3,8,8,7,12,6,9,7,1,2,0,1,1,16,4,2,6,0,1,0,9,2,8,6,0,8,8,0,9,0,3,8,0,0,0,9,12,0,0,4,0,0,0,0,3,7,0,11,0,0,9,8,2,5,4,0,0,5,0,8,1,12,0,0,7,10,2,2,0,1,5,0,0,4,2,0,11,3,5,0,5,0,0,5,8,2,0,5,7,10,4,0,0,8,0,0,0,0,0,8,0,0,1,0,2,0,4,0,2,0,2,0,3,0,5,0,0,5,8,0,7,5,0,0,3,0,0,0,0,1,2,4,9,4,3,4,4,0,0,3,0,0,2,1,9,1,2,0,0,3,0,0,2,4,0,0,0,1,0,5,1,0,3,0,6,3,5,2,0,7,4,1,4,9,0,5,5,2,0,5,4,8,4,0,2,1,5,2,1,3,1,0,0,3,4,0,0,0,2
C1qbp,19,22,32,12,12,55,35,10,8,16,24,6,22,2,7,8,0,3,13,9,9,19,18,19,7,11,66,18,21,8,19,13,7,8,3,17,0,32,25,8,23,17,0,9,0,16,32,5,13,0,6,40,0,15,54,13,20,20,32,0,14,13,6,6,18,3,9,33,32,18,0,43,17,21,35,19,41,3,2,24,6,0,2,2,11,21,32,0,18,11,13,3,19,20,6,7,12,10,23,25,11,3,6,19,3,10,0,22,16,27,14,1,24,35,20,9,1,24,14,6,0,9,7,3,0,0,19,15,15,15,4,22,4,3,1,4,7,25,13,10,0,0,14,4,4,15,12,0,10,6,7,6,4,6,21,18,10,10,5,14,16,0,7,8,10,11,8,7,11,10,13,18,8,4,25,7,4,7,10,0,2,3,11,2,7,17,3,27,24,14,3,23,0,10,17,22,11,9,12,5,4,12,12,4,29,29,11,3,14,5,6,13,7,11,8,32,5,0,28,30,12,3,0,12
Derl2,3,0,4,6,6,16,11,16,10,15,7,0,4,3,19,0,4,0,6,1,8,11,11,8,1,4,23,12,1,3,0,0,0,0,5,6,0,17,14,3,4,10,12,15,8,16,0,0,10,4,4,20,3,14,6,13,14,9,26,2,7,6,0,7,4,11,0,23,4,28,2,10,31,3,7,9,17,3,8,6,3,1,18,5,6,6,16,3,2,8,8,2,9,6,5,9,3,11,11,5,9,6,10,2,0,12,2,6,8,13,5,0,2,10,12,12,3,7,12,8,1,4,1,7,5,4,10,5,10,0,6,13,2,4,3,2,4,4,9,4,0,9,8,4,10,7,10,7,4,9,1,8,2,6,5,9,9,9,7,10,5,4,10,4,8,9,2,4,3,13,6,9,6,0,7,5,3,3,7,2,7,0,2,5,6,2,2,6,7,14,5,6,3,8,5,5,6,7,10,7,4,1,9,9,11,5,10,3,1,3,2,5,7,7,9,2,9,5,8,24,14,2,2,7
Pafah1b1,10,22,0,4,13,19,28,7,12,6,5,16,6,9,0,4,0,0,4,5,6,0,9,5,0,3,4,9,18,9,11,8,7,0,0,5,3,5,0,8,9,12,0,0,4,14,1,16,7,0,5,10,5,20,11,20,2,0,0,2,0,6,0,2,8,0,0,15,0,4,6,18,25,0,22,12,6,10,7,4,0,0,16,0,3,7,8,0,13,5,6,7,12,9,3,8,0,4,6,5,0,2,15,5,0,6,0,8,8,13,6,0,1,3,19,7,0,8,21,0,0,0,3,5,0,0,8,4,6,2,0,2,0,0,0,2,4,6,0,0,0,0,3,2,8,13,4,0,8,7,1,0,0,0,5,5,0,4,6,6,7,0,0,2,5,8,2,4,1,5,3,9,4,2,23,0,0,0,7,0,0,7,2,0,6,0,0,4,0,10,4,10,0,4,20,3,7,5,11,2,1,3,0,0,2,8,2,0,0,3,4,4,7,0,2,6,5,0,0,8,10,19,18,0
Myo1c,4,19,9,9,10,10,29,8,12,11,19,3,7,5,2,1,2,3,16,0,9,6,13,5,2,9,28,17,14,6,23,21,14,9,16,9,7,16,18,4,12,4,14,2,0,46,10,22,16,7,9,7,6,34,22,14,7,0,8,1,20,7,3,5,4,4,3,24,7,9,3,34,15,9,26,8,20,7,6,3,12,0,13,4,9,12,16,1,7,6,8,8,17,13,11,9,11,10,5,6,16,22,4,11,0,22,0,19,6,15,12,0,7,18,16,13,6,3,11,3,4,4,3,9,3,6,8,8,3,12,0,10,2,1,7,0,4,8,21,17,1,0,16,4,0,14,4,1,8,8,3,5,2,3,12,7,9,6,8,11,11,17,7,0,10,12,7,2,8,1,11,8,14,1,16,5,4,7,10,1,3,4,5,4,9,1,0,10,4,21,2,11,2,14,7,18,3,3,14,0,6,11,3,0,9,22,9,3,3,4,2,16,8,2,8,17,0,0,16,16,9,9,7,2
Glod4,3,7,2,0,0,0,2,12,8,10,0,0,5,0,9,0,0,4,0,0,5,3,0,0,0,7,21,0,14,4,4,4,5,7,13,0,8,4,6,6,0,2,0,0,0,0,0,14,1,0,11,10,3,1,0,0,0,1,10,0,6,0,15,3,5,0,0,9,0,10,6,3,25,2,4,2,13,0,2,8,0,1,0,0,4,6,9,0,0,3,9,0,10,3,3,21,5,4,2,1,4,8,5,7,5,0,0,2,5,16,10,0,5,6,12,15,0,2,8,2,0,2,4,0,1,0,5,4,0,2,3,4,2,0,0,3,2,0,5,5,0,0,6,8,0,8,0,2,2,9,1,1,0,0,11,0,2,14,0,0,12,3,3,7,6,5,0,4,5,4,2,0,7,0,5,0,0,0,0,0,3,0,4,0,2,0,5,8,5,3,4,3,3,2,5,3,0,6,7,0,2,1,4,0,11,8,16,5,0,0,0,2,0,4,6,10,2,0,10,3,4,0,0,0
Abr,0,0,1,0,3,0,8,0,0,3,0,0,0,5,2,0,0,0,0,0,0,2,0,0,0,6,1,0,5,0,1,1,1,0,0,2,0,3,2,0,0,0,0,0,0,4,3,5,2,0,0,0,0,0,1,1,0,0,0,0,3,0,0,0,2,0,0,4,1,5,0,0,6,0,0,4,1,0,2,0,0,0,3,0,0,1,0,0,0,0,0,2,5,2,0,0,0,0,3,3,3,0,3,1,0,4,0,3,3,6,7,0,0,2,5,2,2,1,3,0,0,0,0,0,0,0,3,0,0,5,0,0,0,0,0,2,1,0,3,0,0,0,0,0,0,0,3,0,1,1,0,0,2,0,0,6,0,0,0,0,2,3,0,2,1,0,0,0,0,0,0,3,0,0,4,0,0,2,0,0,0,0,0,1,1,0,0,0,0,0,1,1,0,1,0,4,0,2,4,0,1,0,2,0,2,1,0,0,0,0,0,2,0,1,2,2,0,0,2,0,0,0,0,0
Ggnbp2,0,7,5,2,4,2,4,10,0,18,17,0,5,7,13,1,0,3,0,0,11,3,0,6,3,6,12,7,8,6,6,8,3,0,0,4,0,13,19,2,0,6,7,0,1,10,0,11,10,0,0,11,1,10,2,11,4,4,0,0,8,11,0,0,0,0,0,3,1,23,5,31,2,0,0,5,6,0,0,0,0,0,5,2,4,1,16,0,0,0,16,0,4,1,4,8,0,0,3,2,7,6,2,0,0,8,0,14,5,13,2,0,9,1,7,1,0,7,11,1,0,4,4,0,10,0,4,5,0,4,5,6,0,0,0,6,0,9,14,3,1,0,3,1,1,11,0,0,4,6,10,0,3,0,3,3,14,6,10,8,2,4,2,4,7,0,0,4,5,2,1,0,0,0,6,3,0,5,10,0,0,0,3,0,8,5,2,6,1,2,0,14,1,1,4,2,0,6,9,0,4,6,4,0,4,8,3,3,0,0,1,7,0,3,13,1,0,0,4,10,10,6,0,11
Appbp2,0,0,0,0,0,0,0,0,0,4,0,0,9,0,0,0,0,0,0,0,0,3,2,0,0,1,0,0,0,3,0,0,0,0,0,0,5,0,3,3,0,0,0,0,0,4,0,0,3,0,7,0,0,9,0,0,0,0,0,0,1,0,0,0,0,0,0,7,0,0,0,14,0,0,0,0,1,0,10,0,0,0,0,0,0,0,4,0,2,0,0,4,0,3,2,0,0,2,8,3,0,4,0,0,0,0,0,0,0,7,0,0,0,0,6,0,0,0,0,1,0,0,6,0,0,0,0,0,1,1,0,0,0,0,0,1,0,0,0,0,0,0,6,5,0,0,5,0,5,0,0,0,0,4,0,0,3,5,4,0,0,0,4,0,0,0,0,1,5,0,1,0,0,0,0,0,0,0,0,0,0,0,0,2,0,0,0,2,0,6,1,5,0,11,4,2,0,0,0,1,4,6,0,2,2,1,5,3,0,0,4,0,0,1,3,0,1,0,5,7,2,0,1,0
Vmp1,17,6,20,14,0,51,19,27,0,28,23,19,13,2,44,0,0,16,0,0,15,11,28,16,0,40,24,17,9,23,13,11,36,0,0,7,7,49,0,30,31,9,44,11,0,33,28,8,24,0,4,11,10,46,10,25,30,27,27,0,8,8,0,5,38,0,0,18,20,6,6,0,56,20,21,19,21,12,17,35,0,0,16,0,4,21,20,16,0,32,7,7,0,17,0,0,17,0,25,22,0,23,8,12,0,37,8,27,24,15,25,0,16,21,22,9,7,3,20,17,0,10,9,0,2,0,10,13,0,8,9,11,0,2,0,2,3,14,11,14,0,0,11,10,7,4,14,11,11,10,15,0,0,10,9,16,15,10,8,12,7,7,10,12,10,11,0,10,26,11,19,13,24,6,21,6,0,13,13,0,0,0,10,0,20,7,0,18,13,19,10,20,0,13,7,12,4,9,11,12,7,11,25,0,12,2,15,13,3,3,9,21,0,5,9,8,9,0,10,14,10,0,18,6
Srsf1,0,0,0,0,12,0,0,0,0,7,17,0,0,0,0,6,0,0,0,0,0,0,0,7,0,0,11,0,0,0,8,0,0,0,0,0,0,0,0,0,0,0,0,0,0,0,3,0,13,0,2,21,0,0,0,6,0,0,0,0,0,0,0,2,0,0,0,0,0,0,0,0,0,2,0,0,0,0,0,0,0,0,10,0,9,5,0,0,0,7,0,2,0,5,0,0,0,6,0,0,0,0,0,0,0,0,1,2,1,0,0,0,0,0,15,0,0,0,0,0,0,0,0,5,0,0,10,3,0,0,0,0,0,0,0,1,0,0,5,0,0,0,0,0,0,0,0,0,4,8,0,0,0,0,0,0,0,0,0,0,4,4,0,0,0,0,0,0,0,0,0,0,5,0,0,0,0,0,6,0,0,0,0,0,0,0,0,0,0,0,0,0,0,3,5,0,0,0,0,0,0,0,0,0,0,0,4,0,0,0,0,0,0,0,2,7,0,0,11,0,2,0,0,0
Luc7l3,0,0,0,0,11,0,0,0,0,0,11,0,0,0,0,0,0,0,0,0,5,0,0,0,0,0,0,3,0,0,0,0,0,0,0,0,0,0,0,5,0,0,0,0,0,14,8,0,0,0,0,0,0,5,0,0,16,0,0,0,0,6,0,0,0,0,0,0,0,0,0,27,10,0,0,0,0,0,0,0,0,0,0,0,0,0,0,0,0,0,0,0,0,0,0,2,3,0,0,9,0,0,0,0,0,5,0,0,0,1,9,0,0,0,0,6,0,0,0,0,0,0,0,0,0,0,0,0,0,0,0,0,0,0,0,0,0,0,0,0,0,0,0,6,0,0,0,0,0,0,0,0,0,0,0,11,0,0,0,2,2,0,14,0,0,0,0,0,0,0,1,0,0,0,0,0,0,0,0,0,0,0,0,0,0,8,0,0,0,0,0,0,0,0,0,0,0,0,0,0,1,0,0,1,2,0,0,0,0,0,5,21,0,0,11,13,0,0,0,2,0,0,0,0
Col1a1,207,149,46,138,130,271,202,207,80,253,217,86,158,56,264,59,13,23,58,20,59,144,119,64,44,315,141,186,166,163,229,157,172,1,73,181,51,152,173,137,208,124,71,37,65,427,83,139,175,21,134,164,45,394,310,62,131,84,56,41,95,144,52,38,186,53,15,244,102,246,101,481,233,120,129,109,74,54,73,84,42,11,157,76,145,189,172,26,51,77,224,65,127,146,54,261,44,119,168,133,173,151,56,102,47,173,46,193,87,184,148,26,117,44,148,170,17,94,175,126,65,23,79,83,28,26,95,104,43,150,34,98,15,7,21,0,22,88,104,89,20,0,61,151,32,157,109,48,39,65,47,48,41,14,139,136,148,63,145,94,32,36,87,71,94,122,36,72,95,105,27,43,86,19,92,26,20,99,116,14,32,36,57,45,140,52,23,136,72,161,30,90,65,67,99,121,41,137,43,75,67,94,111,31,213,356,76,91,24,25,94,101,54,100,157,122,12,43,150,127,231,180,56,96
Spop,0,14,4,5,2,15,13,4,5,12,5,4,4,7,10,6,0,1,2,0,4,9,6,3,2,7,9,12,14,4,6,4,3,2,0,4,2,8,4,10,0,21,4,0,0,12,6,4,18,2,6,2,0,11,8,6,5,0,11,7,0,5,3,2,15,0,3,20,4,4,12,22,12,0,5,6,4,4,1,4,0,0,5,1,6,1,17,1,2,10,5,1,5,11,0,7,0,6,11,5,5,14,6,1,4,6,0,3,6,2,12,0,9,10,11,3,0,3,5,5,0,0,0,5,0,0,4,0,0,2,2,3,0,1,4,1,0,2,7,2,0,1,5,13,0,7,2,0,7,7,3,0,0,0,6,6,5,3,5,3,3,8,1,1,6,4,0,3,4,6,7,0,3,0,13,0,0,5,12,0,1,1,6,7,7,1,4,6,4,1,2,1,6,3,4,6,7,5,3,1,6,7,2,4,8,4,7,5,0,2,7,8,0,3,6,6,0,0,2,2,4,0,9,0
Nfe2l1,0,11,6,0,13,38,0,6,2,9,0,0,0,3,22,0,0,0,0,5,5,6,4,0,0,0,15,11,3,8,3,8,9,2,0,17,0,17,4,3,14,12,0,0,1,8,4,17,2,2,8,6,2,6,3,3,7,0,4,0,12,14,0,0,0,4,2,0,0,8,0,12,3,5,4,14,0,0,2,0,0,0,6,3,7,3,11,0,6,2,5,2,2,1,1,4,0,0,16,7,2,5,6,0,0,11,0,6,5,7,5,0,7,6,4,5,0,3,11,0,2,0,1,1,0,0,6,2,0,2,3,5,0,0,2,0,0,7,0,5,0,0,0,2,2,0,4,7,3,0,0,0,1,0,3,13,2,2,7,2,3,0,4,0,5,6,0,5,3,7,0,4,7,3,2,0,1,0,0,4,1,0,0,0,2,3,3,8,0,0,0,3,0,0,5,9,6,7,8,1,3,5,6,1,4,9,0,1,2,3,3,4,0,1,0,0,0,1,0,2,0,8,0,2
Mrpl45,3,4,3,1,2,6,1,8,8,2,8,1,2,0,12,1,0,7,0,0,4,2,3,0,0,3,10,2,1,5,1,3,4,0,3,0,0,4,11,4,0,1,0,0,0,0,12,16,1,4,2,2,0,20,2,3,6,0,2,1,1,3,1,0,2,0,0,6,7,2,3,17,3,0,3,1,3,1,0,7,0,0,2,2,1,5,4,0,0,3,3,2,0,6,6,5,7,0,7,11,0,1,6,1,1,5,0,5,7,4,1,0,4,1,9,2,0,1,8,2,0,1,3,4,0,0,1,2,0,3,0,2,0,1,1,1,0,1,6,0,0,0,4,0,0,7,4,0,0,2,1,0,4,4,3,2,3,3,0,5,5,5,2,5,4,5,2,4,3,4,1,4,1,0,3,0,0,6,9,0,5,1,0,0,0,3,0,7,8,4,2,7,0,6,1,2,0,3,3,5,4,6,3,0,11,5,4,1,3,0,8,3,0,1,3,3,1,0,7,5,0,4,2,3
Rpl23,10,3,19,0,17,0,0,0,5,16,15,5,18,6,13,13,0,4,4,0,0,11,0,0,1,0,10,0,7,3,28,9,9,0,6,0,0,44,0,0,12,0,11,0,0,5,5,9,9,0,18,17,2,0,4,0,12,0,20,0,10,0,0,0,6,0,1,16,0,18,13,10,40,0,21,0,31,1,0,0,2,0,0,6,13,0,18,0,0,0,11,0,5,0,9,4,1,7,6,7,0,4,10,0,0,7,0,6,7,15,14,0,6,6,8,17,0,6,0,7,0,4,0,0,0,0,9,0,0,4,8,16,0,2,4,0,0,2,6,1,1,0,2,0,2,0,0,0,5,7,6,1,2,5,3,19,2,0,9,5,10,0,4,5,10,6,0,4,8,2,6,0,0,7,8,2,4,12,19,0,0,7,0,7,0,8,0,2,0,0,0,12,0,0,0,0,0,8,4,1,0,7,2,0,21,0,0,1,4,0,5,3,0,0,1,15,7,0,11,0,0,0,0,6
Leprel4,0,8,7,3,2,39,16,15,13,9,19,5,6,4,22,9,0,2,4,1,10,11,23,2,5,15,16,21,16,14,25,5,10,0,9,23,13,18,41,6,9,1,3,0,3,38,2,20,12,4,10,3,3,14,9,8,4,8,10,0,3,9,1,0,16,0,2,12,2,34,6,51,6,6,0,6,26,10,0,1,4,0,11,0,4,14,35,2,0,11,23,0,22,18,0,38,3,3,5,7,31,10,7,9,4,13,5,29,13,11,4,1,21,3,12,25,1,11,19,3,0,1,3,3,0,1,5,10,15,14,0,1,2,2,5,1,0,13,5,14,0,0,5,5,0,11,5,0,6,14,4,0,4,0,7,8,11,2,3,10,5,11,4,5,9,13,7,8,15,6,4,10,8,1,9,2,3,9,14,0,0,6,5,12,10,5,0,10,5,4,6,5,9,19,10,18,2,6,8,6,2,12,3,0,18,15,12,3,0,1,6,11,9,6,5,10,2,0,12,7,15,25,1,3
Stat3,12,8,7,15,8,28,12,27,3,15,9,6,7,4,26,6,3,1,11,1,10,7,15,4,11,16,19,17,5,8,12,9,10,1,8,23,6,17,18,1,11,16,0,0,0,25,20,8,12,4,7,16,3,31,41,11,3,9,12,1,12,18,5,7,20,0,0,17,10,19,15,50,13,16,11,14,18,4,0,11,1,1,9,8,16,22,15,0,3,22,29,10,23,24,4,7,0,11,18,18,14,7,6,16,1,8,3,20,17,20,7,1,6,9,11,18,1,2,9,11,5,6,2,12,3,9,3,11,4,12,8,5,2,3,2,0,9,3,11,4,0,0,2,19,4,7,10,1,2,7,1,3,4,0,13,14,18,7,9,8,16,1,6,6,18,2,6,7,14,5,0,7,8,0,9,2,0,4,9,0,0,0,11,2,8,9,2,14,8,12,5,14,2,14,6,3,6,13,5,4,4,9,11,6,14,10,10,5,7,0,10,14,4,6,6,15,0,4,11,13,9,4,1,9
Bptf,0,6,0,4,2,4,0,0,3,3,13,2,1,1,11,6,0,4,0,0,7,0,4,7,0,12,5,8,9,3,0,0,0,0,2,6,0,11,11,6,5,3,0,0,0,0,0,0,11,0,0,14,1,6,14,2,6,1,2,0,5,6,2,0,0,0,0,0,1,4,9,9,1,1,4,0,0,0,1,4,0,0,7,0,5,11,4,1,1,4,5,0,9,3,6,0,4,1,4,12,1,0,0,1,0,8,1,1,2,2,2,0,0,6,4,10,0,7,9,0,0,0,3,0,0,2,7,6,0,2,5,2,2,0,0,0,0,2,7,0,0,0,8,7,1,6,2,1,0,6,0,0,0,11,12,4,0,4,10,0,0,8,4,5,2,9,0,0,9,3,0,5,11,0,11,0,0,2,4,1,0,0,0,2,7,4,0,0,9,2,0,6,0,2,5,2,1,2,4,5,1,1,2,0,0,8,4,2,2,0,0,3,5,0,5,9,1,0,5,5,6,0,0,4
Pgs1,1,2,0,0,8,5,2,8,8,0,5,1,5,0,6,1,4,1,0,0,0,0,4,0,0,0,3,2,6,3,11,6,0,2,0,0,0,6,9,0,0,6,0,0,0,9,0,7,4,3,7,0,0,6,14,12,8,0,10,0,1,0,0,0,0,0,0,0,8,0,0,0,6,7,15,0,1,2,4,4,0,0,0,1,6,9,7,0,0,0,5,1,7,8,1,4,0,1,4,6,0,3,4,2,0,1,0,6,2,8,9,0,7,4,1,1,0,3,0,1,0,0,0,0,0,0,0,5,1,3,0,1,0,0,0,0,2,0,7,0,0,0,3,3,0,1,3,0,0,3,0,1,0,0,8,5,2,0,0,1,0,5,0,3,2,1,0,1,4,0,0,2,2,0,11,0,3,0,5,0,0,0,3,0,5,2,0,1,3,5,0,0,0,0,4,3,0,3,5,2,0,1,0,2,4,6,8,0,0,0,1,8,3,5,4,4,0,0,5,3,0,0,0,0
Sdc1,9,0,0,0,5,52,19,50,0,22,0,9,0,11,50,0,0,13,0,0,23,7,15,34,0,15,5,9,25,0,37,4,0,0,0,0,10,11,0,4,0,0,0,28,7,12,10,0,14,0,0,10,0,37,5,77,2,0,26,0,31,10,0,0,0,0,0,152,22,18,9,16,23,28,29,19,18,4,6,26,0,0,25,0,4,10,6,0,0,42,35,38,1,28,0,42,5,6,14,10,23,25,30,27,8,0,0,6,16,4,24,0,2,12,0,0,2,3,19,0,0,1,0,0,0,7,5,3,0,9,0,8,0,0,0,18,0,0,14,4,0,0,7,9,4,21,0,1,0,1,8,0,10,0,29,20,15,0,5,12,7,24,27,3,18,17,0,15,15,4,3,4,15,0,11,0,0,2,8,0,0,0,0,0,45,5,0,5,14,17,9,0,11,17,7,1,11,5,31,10,0,4,0,4,4,8,5,9,4,4,0,6,10,4,22,17,0,8,29,23,19,0,0,0
Ddx1,11,22,10,9,11,11,26,2,4,2,5,6,1,2,15,5,0,0,12,1,7,11,3,1,0,7,19,6,9,12,4,4,3,2,0,12,0,3,15,3,5,7,0,1,2,7,4,4,7,0,11,19,1,18,1,6,5,3,16,3,3,5,6,1,5,2,3,24,4,8,6,17,3,0,0,4,16,0,6,10,2,3,6,0,6,3,16,0,0,5,4,1,9,15,5,15,0,7,12,2,0,8,5,4,6,7,1,12,3,6,9,0,5,10,17,8,0,6,4,3,1,0,3,5,2,3,6,3,2,8,1,6,0,4,1,3,0,10,1,6,1,0,5,13,0,10,4,0,4,7,0,0,6,1,3,8,11,3,0,10,5,1,6,5,4,5,0,4,7,3,8,1,8,3,7,1,0,3,10,0,0,2,5,1,6,14,0,10,13,10,3,10,2,5,13,7,4,7,2,6,3,10,3,4,8,13,13,4,0,9,11,6,1,3,11,10,0,1,7,5,3,8,8,1
Lamb1,2,5,6,2,6,9,2,7,13,7,3,0,5,6,8,8,3,2,0,2,10,2,4,8,2,8,27,8,13,7,10,8,7,0,4,8,4,13,12,5,11,6,1,0,1,11,8,14,8,1,3,8,0,10,16,3,7,0,7,0,2,6,8,1,7,0,0,14,6,13,6,10,17,2,5,8,13,4,0,3,1,0,2,7,3,4,11,3,0,1,7,2,9,14,5,2,11,7,4,5,8,2,8,3,4,3,0,5,8,9,6,0,5,6,23,8,0,0,5,3,0,0,0,0,1,0,4,5,0,5,2,4,0,0,0,2,0,5,5,3,0,0,1,4,0,7,3,7,3,2,2,0,0,3,3,3,1,0,1,5,6,2,10,8,8,4,0,3,8,7,11,5,10,0,4,0,2,4,7,0,2,3,4,4,5,2,0,7,11,3,0,6,0,0,11,8,8,5,8,5,4,11,4,0,0,4,7,4,2,3,9,16,0,2,0,3,0,3,6,0,8,3,2,3
Strn3,0,6,0,0,0,24,0,11,7,2,4,4,5,0,3,0,0,0,0,0,0,0,11,0,0,15,0,13,5,7,0,2,8,0,3,0,0,5,0,0,0,3,0,5,0,8,4,11,2,0,0,0,0,1,16,0,0,9,0,4,5,0,0,0,0,0,0,0,0,4,0,20,11,0,0,6,0,2,3,9,1,0,0,5,0,6,18,0,0,0,5,4,6,0,3,0,4,9,1,5,0,2,6,13,0,4,0,8,2,2,1,0,6,1,4,0,0,0,3,11,0,0,0,0,0,7,8,9,12,5,0,3,7,2,0,0,2,0,5,0,0,0,3,0,0,3,3,0,5,7,0,6,0,0,0,0,7,5,0,0,0,0,4,5,5,0,2,0,0,5,3,0,0,0,0,5,2,2,8,0,0,1,2,2,8,0,0,4,2,0,0,5,0,0,8,3,4,4,0,0,0,3,3,0,4,11,5,0,0,0,0,2,0,0,0,5,0,0,0,0,13,15,0,0
Snx6,0,6,15,9,10,26,12,10,6,8,14,5,0,3,3,4,1,0,0,5,0,8,9,0,0,7,9,19,7,3,10,21,9,6,6,4,5,5,13,2,7,8,6,0,0,8,11,15,12,5,8,7,3,19,10,9,11,3,1,4,0,5,1,0,2,0,6,15,0,6,7,3,14,4,17,1,7,2,5,8,0,4,11,1,5,12,19,0,0,5,9,8,6,0,2,7,7,2,13,4,5,0,3,8,3,9,0,11,10,10,6,1,2,4,12,4,1,2,8,4,1,0,3,6,0,0,3,3,4,6,0,3,0,0,2,1,1,5,6,0,0,0,16,12,4,12,11,1,5,7,2,0,0,3,6,6,6,4,6,18,5,7,5,5,6,3,0,1,12,5,5,2,5,3,7,3,0,4,6,0,3,2,7,2,6,9,2,9,7,7,2,1,3,3,12,2,12,5,4,3,2,4,11,2,18,9,7,2,0,1,8,9,2,3,12,5,5,0,9,1,1,0,2,4
Psma6,2,10,7,18,10,42,28,23,8,38,24,12,17,10,33,4,1,9,22,1,10,20,21,9,6,16,43,32,42,10,29,22,12,5,15,14,0,47,38,8,4,26,27,1,5,30,8,24,19,6,13,18,2,16,17,18,19,15,24,14,21,22,3,17,23,0,0,13,11,26,12,68,30,18,17,28,11,11,6,4,7,3,19,7,13,26,23,9,0,16,12,5,19,13,10,17,19,12,20,24,16,20,17,19,13,15,4,10,10,16,18,1,20,20,24,9,1,27,14,8,7,1,3,14,1,9,17,15,15,9,11,4,5,0,3,5,10,7,16,15,5,1,21,9,4,24,5,3,10,10,5,5,8,10,14,19,11,10,12,22,12,5,22,19,8,10,8,8,21,16,5,15,11,10,16,7,6,16,16,4,5,10,18,7,9,13,10,11,22,8,6,13,13,15,14,24,8,9,20,11,12,4,8,7,17,36,22,13,6,4,15,25,6,11,16,27,6,0,22,18,18,8,11,12
Map4k5,2,0,0,6,3,7,10,7,0,0,9,0,5,0,8,2,0,0,0,0,20,3,15,0,0,7,0,20,0,0,0,12,8,0,0,0,8,0,0,0,2,0,17,0,0,0,0,0,11,4,0,0,4,29,4,11,0,0,14,10,0,0,0,0,6,0,0,10,0,42,0,44,32,12,0,6,9,0,7,0,0,0,6,0,0,15,2,0,0,5,11,6,0,0,10,0,0,0,0,6,20,0,2,0,11,6,0,3,15,0,0,0,0,5,0,3,0,0,0,0,0,0,0,0,0,0,7,7,0,2,0,0,2,3,3,2,5,0,0,5,0,0,5,0,0,6,6,3,6,3,0,0,0,2,12,0,0,0,0,7,0,11,4,9,4,6,4,7,0,5,2,0,6,0,8,9,0,6,0,0,4,5,0,0,12,0,0,6,4,0,5,4,0,0,2,2,0,8,13,0,0,0,8,2,5,1,1,4,2,0,0,0,0,8,7,5,0,0,10,2,8,0,0,4
Rhoj,5,0,7,2,3,13,7,16,6,17,18,11,2,2,15,0,0,0,3,1,2,5,9,0,0,31,11,2,6,8,22,11,5,6,0,6,4,6,8,12,11,10,0,2,1,6,11,0,8,0,5,10,4,27,9,16,1,0,0,12,5,4,1,8,2,0,0,18,9,0,14,0,20,3,5,0,0,4,1,3,0,0,11,0,5,0,8,0,0,3,5,6,0,5,4,5,4,11,5,4,9,3,1,7,4,4,0,10,0,2,11,0,2,4,16,3,0,6,5,6,3,0,6,4,1,4,1,5,8,7,3,1,0,0,1,0,0,2,7,8,0,0,3,8,7,8,1,2,3,3,3,3,7,0,3,0,1,5,13,1,11,7,9,0,8,6,5,1,3,2,0,0,3,1,8,1,0,0,3,0,2,2,0,9,6,0,2,5,3,5,0,1,0,5,2,4,7,0,2,0,10,0,2,8,9,6,3,5,4,0,4,4,9,4,6,8,2,0,4,3,6,5,12,3
Srsf5,15,0,10,6,4,23,5,12,0,13,4,4,6,11,17,15,0,7,0,0,10,6,11,6,10,5,8,8,12,3,8,4,4,0,11,0,7,18,15,11,15,9,14,3,0,14,9,15,10,2,9,3,2,22,13,18,4,3,16,0,6,10,1,0,12,0,0,19,4,24,11,33,16,0,1,8,12,2,0,5,2,0,10,8,11,12,5,0,0,5,8,3,21,10,4,4,3,1,17,2,13,12,13,8,1,16,0,11,6,17,8,0,7,6,26,4,0,4,4,4,4,0,4,0,0,0,7,10,0,5,3,9,0,0,0,4,0,6,12,5,0,0,8,17,0,10,13,4,8,8,6,0,1,4,7,4,9,7,10,10,6,7,4,12,8,3,0,5,5,11,0,10,8,1,5,0,4,12,15,0,2,7,11,5,4,3,0,7,8,8,4,12,1,6,23,7,0,8,7,6,8,12,5,1,13,10,9,11,0,6,4,10,0,5,8,15,0,0,4,8,4,0,2,6
Sptlc2,0,1,0,2,1,21,4,7,0,2,3,0,5,8,13,4,0,0,2,0,10,0,5,3,0,7,4,2,0,7,10,17,0,0,0,10,1,5,10,7,5,3,0,0,0,5,4,0,2,0,4,0,1,3,6,7,3,1,0,0,4,0,0,0,1,0,0,0,0,5,1,9,6,0,0,0,7,2,4,0,9,0,9,9,6,17,2,0,0,0,3,1,3,7,0,6,1,4,2,0,13,4,3,3,0,4,0,11,5,5,6,0,9,3,8,5,0,4,1,4,0,5,0,0,0,1,6,6,0,3,2,3,0,0,0,0,0,5,2,0,0,0,4,7,2,3,0,0,1,6,4,0,0,2,10,4,1,3,0,0,5,0,4,0,7,2,0,3,0,2,0,4,5,0,5,2,0,9,5,0,1,1,0,0,7,6,0,7,5,4,3,15,0,5,2,6,3,1,8,0,2,3,3,0,4,3,8,0,0,1,10,7,0,4,10,3,0,0,8,2,7,0,0,3
Eif5,6,15,14,5,4,29,1,27,0,9,35,14,2,0,5,5,0,4,18,0,4,10,5,8,1,0,28,2,7,6,5,7,5,9,0,18,0,7,13,11,4,8,16,5,0,17,0,34,25,0,0,8,5,7,17,21,13,0,27,2,15,11,10,0,14,0,0,7,7,17,8,47,23,9,6,2,30,8,7,12,0,0,16,2,8,6,22,2,0,6,6,10,9,8,6,11,0,1,10,7,10,15,22,6,5,17,0,16,4,13,9,0,5,6,11,3,3,11,8,0,4,2,9,3,1,1,13,6,2,9,3,8,2,7,6,8,4,4,10,2,0,0,16,14,9,17,14,2,2,11,0,1,4,0,6,17,9,1,5,7,5,11,5,13,4,7,3,8,17,9,9,10,15,2,12,4,3,3,12,0,2,3,8,7,0,17,2,11,13,4,3,28,5,3,16,10,0,4,11,1,2,18,2,9,20,19,16,2,0,1,0,27,0,9,14,25,5,0,7,19,9,2,0,0
Akt1,14,10,4,9,3,7,18,9,18,1,19,6,0,6,8,1,0,4,0,0,8,4,13,9,1,1,3,8,14,17,3,7,23,7,0,4,0,16,28,3,13,0,9,0,0,10,6,14,0,5,12,1,1,16,16,9,30,4,20,0,10,4,1,0,8,0,0,32,0,2,8,41,23,0,4,8,26,0,4,2,0,3,3,2,14,3,3,8,0,3,14,2,0,9,0,0,4,3,5,8,2,5,3,14,3,1,0,10,9,14,6,0,8,7,15,6,0,4,18,8,0,0,0,12,1,3,9,4,4,6,0,9,2,0,0,3,0,3,4,10,1,0,9,10,0,10,8,7,0,9,12,3,5,1,9,10,7,5,11,5,4,5,10,7,6,11,7,3,5,5,1,3,6,0,8,1,2,8,3,4,0,1,9,2,5,2,6,8,5,2,0,7,4,5,6,1,1,9,1,2,1,8,4,7,6,6,6,8,0,0,3,7,2,4,5,10,1,4,3,4,7,3,5,4
Gdi2,0,10,4,3,10,26,19,11,0,14,5,2,5,4,9,7,4,5,0,12,10,4,10,3,0,13,27,6,8,4,11,6,12,4,0,8,3,9,22,1,9,14,14,8,6,11,16,12,12,7,3,7,4,10,15,7,7,3,9,11,5,6,0,0,13,0,0,20,6,23,5,18,22,6,8,8,12,3,4,3,0,5,9,5,7,12,6,1,4,9,9,3,8,10,2,6,10,4,10,10,6,8,1,6,7,6,0,9,3,20,4,1,7,13,7,8,4,6,5,0,2,0,7,8,0,0,4,5,0,5,5,8,1,4,1,2,5,4,4,1,0,1,6,10,4,8,4,2,1,6,5,1,2,3,21,10,2,2,3,3,1,5,2,5,10,5,1,12,8,6,10,5,7,0,14,7,1,7,2,2,2,10,4,4,6,5,0,8,6,10,1,12,3,3,4,3,6,0,4,2,3,1,13,1,8,17,6,5,2,2,4,16,4,9,7,7,4,1,12,10,8,1,4,1
Psma2,9,17,24,13,19,26,25,7,9,17,18,15,16,7,11,2,5,13,14,3,8,19,11,13,0,5,23,10,21,8,8,5,4,20,9,24,4,3,18,9,16,8,3,13,2,8,18,31,22,7,6,21,0,29,19,35,9,3,18,4,9,8,1,3,20,0,1,8,14,15,19,24,24,20,4,8,24,5,9,6,5,0,9,4,12,7,20,0,5,9,8,4,16,6,7,24,12,8,25,12,9,8,5,3,12,8,4,14,13,22,10,0,18,16,29,18,0,6,11,9,0,0,10,9,0,13,21,2,0,17,6,8,9,4,6,7,5,7,6,6,2,3,12,6,3,6,10,1,12,9,4,0,4,1,15,7,7,11,8,8,12,4,7,5,8,6,2,12,6,16,8,2,12,3,18,0,3,11,10,0,4,6,2,6,14,7,0,12,3,8,9,11,0,14,3,6,3,4,10,5,7,14,4,9,8,5,11,11,4,11,14,5,5,4,11,21,2,0,9,36,18,2,6,1
Rala,2,0,2,8,2,11,15,4,4,11,5,3,1,2,2,5,0,0,2,0,6,0,8,8,0,0,2,2,2,2,1,8,6,3,0,5,0,6,0,0,8,0,5,0,1,10,6,4,5,0,2,4,0,15,8,5,16,0,0,0,5,0,0,0,7,0,3,0,1,5,4,24,7,2,3,3,6,0,1,7,1,0,3,0,11,6,4,0,7,0,8,6,11,8,0,3,0,4,4,3,3,7,0,3,1,5,5,4,5,5,1,0,3,8,6,3,0,2,6,5,1,0,4,1,1,0,2,0,0,3,0,4,4,1,0,0,0,2,2,3,2,1,5,8,1,6,7,0,4,1,2,0,1,1,8,5,3,5,1,9,7,5,1,7,5,6,3,2,3,2,0,13,0,0,8,0,0,4,4,3,1,1,3,3,3,0,0,3,3,0,0,1,0,0,6,5,4,3,3,0,5,2,6,0,4,3,13,1,0,2,3,0,1,0,0,5,3,0,4,10,1,2,0,2
Trim27,0,0,8,0,4,0,0,0,0,0,0,0,0,0,4,0,0,0,0,0,0,2,8,0,3,0,0,5,9,0,1,10,0,0,0,0,0,0,0,6,0,1,0,0,0,0,0,0,13,0,0,0,0,0,9,0,0,0,0,0,3,0,0,0,0,0,0,0,0,0,0,25,3,0,0,0,10,0,0,0,0,0,5,0,0,0,6,0,0,6,5,0,10,10,0,0,0,0,12,2,0,6,0,0,0,1,0,0,0,0,0,0,6,7,0,0,0,0,0,7,0,0,0,0,0,0,0,0,0,8,0,0,0,0,0,0,0,0,0,4,0,0,6,4,0,12,0,0,0,15,0,0,0,0,0,9,0,0,0,12,3,0,4,0,0,0,0,0,9,0,0,0,0,0,9,0,0,8,0,0,0,0,3,0,0,2,0,0,0,5,0,4,0,0,18,0,0,3,5,3,0,0,0,0,0,7,0,0,0,0,0,21,0,0,3,0,0,0,4,0,0,0,0,2
Acot13,0,2,0,0,4,7,11,4,1,0,11,3,9,2,7,5,0,0,8,0,7,2,9,6,0,9,16,11,3,2,8,3,7,11,3,2,0,9,11,3,5,1,0,2,8,8,5,15,5,6,0,2,0,9,0,14,5,0,0,5,0,16,0,0,7,1,5,5,8,19,0,4,23,0,5,6,13,1,0,0,0,0,2,1,7,3,7,0,0,4,0,0,1,0,4,9,0,1,13,1,16,8,0,1,3,8,2,6,8,8,9,0,11,3,7,5,0,5,3,0,3,0,0,5,0,0,0,4,0,4,1,0,2,0,5,0,0,6,2,2,0,1,11,0,3,9,6,0,0,6,0,2,0,2,7,8,0,0,0,5,3,0,5,5,6,3,0,2,1,3,1,4,4,1,3,2,0,0,1,2,1,9,2,0,3,3,0,0,3,6,2,4,0,4,4,2,1,2,7,0,1,1,2,4,3,4,7,17,0,0,4,6,3,6,6,3,4,0,6,4,3,0,8,1
Fam120a,6,0,6,6,15,0,17,5,1,0,6,0,1,1,15,0,0,1,0,0,9,5,0,0,2,0,19,3,3,0,0,0,0,3,8,0,0,15,0,12,0,0,5,9,6,17,14,3,1,0,0,0,0,0,3,8,0,0,12,10,8,11,0,0,3,0,0,5,0,25,0,6,0,4,0,0,14,0,0,4,5,0,5,13,0,1,0,3,2,8,8,11,2,7,0,12,12,11,8,3,2,0,3,1,0,0,5,0,10,12,7,0,10,4,0,2,0,3,5,0,0,0,11,7,0,0,7,14,5,0,2,2,0,0,0,4,1,7,2,0,0,0,1,0,0,8,7,3,2,0,0,0,0,0,3,0,3,8,0,1,0,0,1,5,3,1,0,0,2,4,2,1,2,0,6,0,4,3,2,0,0,0,0,0,0,0,6,8,3,6,4,0,5,0,2,4,2,0,4,0,4,1,5,0,0,0,0,0,0,0,8,0,0,7,7,0,0,0,6,7,0,0,12,4
1110007C09Rik,1,0,4,9,0,0,0,0,0,0,7,0,0,0,18,9,0,0,0,0,0,4,0,9,0,0,4,0,2,2,4,3,2,0,8,0,1,15,3,3,3,0,0,6,4,6,0,0,0,0,3,0,0,4,7,0,3,0,10,0,5,0,0,4,11,0,0,0,11,2,0,13,0,10,4,7,2,0,0,3,5,1,2,0,2,0,6,6,0,7,3,3,0,10,0,0,0,0,4,2,6,6,0,2,3,9,3,3,0,1,7,1,1,4,0,3,1,0,0,1,0,0,6,0,1,7,3,6,0,12,4,1,13,0,3,0,3,1,5,0,0,3,1,5,2,5,0,0,4,3,0,2,4,4,3,1,3,0,2,4,0,3,2,6,6,12,2,0,3,2,2,2,0,1,5,1,3,1,3,5,0,0,1,3,3,6,0,9,0,4,1,9,5,1,3,0,0,5,10,0,2,4,0,0,0,3,3,3,5,7,5,5,1,0,4,2,0,6,0,0,5,0,2,0
Pdlim7,15,16,4,19,13,60,12,25,6,47,28,9,15,14,26,10,8,6,5,6,9,7,23,4,8,7,37,26,14,11,5,21,14,9,11,28,6,27,45,17,32,13,1,7,5,28,23,31,9,5,20,17,12,51,33,29,11,3,29,8,16,18,12,9,7,3,7,29,10,15,15,32,31,13,16,22,17,16,0,19,3,1,30,9,23,25,32,4,0,11,20,12,20,38,15,14,4,10,29,6,13,17,6,17,13,14,6,27,18,19,16,3,9,12,57,24,1,7,16,7,0,10,7,7,0,12,11,7,5,17,2,22,8,0,1,1,2,12,17,15,5,0,22,22,1,5,16,13,5,21,8,3,1,11,31,25,19,16,9,27,16,10,15,20,17,10,8,8,25,33,15,7,12,4,9,12,12,10,13,1,1,10,25,16,19,8,4,39,19,9,3,18,7,9,18,29,8,19,14,24,18,16,21,8,14,14,18,7,4,17,11,16,11,15,8,17,5,3,12,23,12,16,3,4
Tmed9,25,11,31,19,24,62,44,74,13,54,46,16,31,17,48,24,1,9,31,2,31,32,35,14,6,35,65,40,35,32,40,22,24,21,11,39,1,61,34,24,44,30,4,0,0,51,27,49,43,0,20,24,9,51,36,44,29,5,22,7,20,23,6,0,51,2,4,48,22,37,21,60,46,11,14,8,39,0,4,14,0,0,36,4,34,31,43,1,0,4,36,11,24,30,5,33,9,8,32,16,15,22,23,29,7,24,4,44,41,51,32,0,47,33,56,29,0,20,26,9,0,0,7,6,0,9,12,6,0,31,3,18,1,4,4,8,2,7,32,17,3,0,45,36,0,30,8,1,10,27,7,0,0,0,22,39,22,15,14,21,19,18,20,22,33,10,0,17,36,9,3,25,27,0,30,9,0,16,24,4,2,3,15,3,32,20,0,13,23,27,13,20,4,18,29,16,15,23,31,11,16,22,21,3,36,15,14,21,5,9,20,30,2,7,25,45,3,0,42,49,18,10,12,14
2210016F16Rik,0,5,9,8,7,4,13,9,10,5,22,1,1,1,14,12,0,2,2,1,14,7,13,5,1,4,17,17,12,1,3,12,1,9,7,18,4,26,32,5,9,4,6,0,0,9,7,12,6,0,8,5,4,6,4,9,4,11,15,0,4,3,0,0,8,10,3,18,10,12,3,11,16,11,7,4,31,0,1,16,0,0,4,6,8,14,4,0,4,5,6,0,7,5,2,4,0,0,10,4,9,9,10,0,0,4,4,10,14,11,8,2,8,19,17,8,0,2,5,4,0,0,3,3,0,3,4,4,0,6,3,4,1,0,1,0,0,12,13,10,2,1,4,5,0,2,5,0,5,3,0,0,0,3,11,13,8,3,0,11,5,0,10,11,7,10,3,5,11,5,0,5,10,2,10,2,0,8,4,0,0,1,5,3,2,3,0,7,4,11,2,3,1,3,14,13,4,5,9,2,4,1,5,2,10,3,8,1,6,5,10,9,0,5,9,7,4,0,21,1,9,0,0,3
Sdha,3,13,7,7,14,49,12,5,13,13,8,7,7,4,33,7,3,6,4,1,25,18,18,6,0,11,13,18,19,14,19,15,9,9,5,2,5,17,32,20,3,11,6,0,4,17,12,14,33,0,15,14,2,8,36,13,15,1,14,0,14,15,8,1,23,3,5,15,10,30,9,52,40,8,10,11,25,8,2,22,0,5,28,6,14,11,14,0,2,20,18,8,25,27,6,13,3,8,21,26,6,32,30,9,2,12,5,24,20,17,11,1,14,28,19,16,0,13,19,5,0,0,7,3,2,4,15,14,3,14,4,23,2,0,1,0,3,7,15,6,3,2,4,14,2,30,25,8,1,14,2,3,6,2,13,29,10,11,5,20,12,8,8,16,2,6,2,7,13,13,3,14,7,0,15,1,0,19,12,0,4,2,17,7,20,14,1,16,15,8,8,13,8,12,11,16,10,6,9,6,7,9,13,4,16,30,19,8,6,6,4,20,1,8,9,11,0,3,26,17,9,10,12,15
Btf3,0,0,0,0,18,32,0,0,0,0,0,0,0,0,30,0,0,0,0,0,0,0,0,21,0,0,0,0,0,0,30,0,9,0,0,0,0,18,0,0,0,20,10,0,0,22,0,0,20,0,0,21,0,0,0,0,0,23,0,0,7,0,0,0,0,0,6,0,0,0,12,0,23,0,0,0,25,0,13,0,0,0,0,0,0,0,0,0,0,14,28,0,21,23,0,0,0,16,14,0,21,8,0,10,4,8,9,27,0,0,0,0,6,22,0,0,0,0,2,0,5,0,0,0,0,10,4,9,0,15,0,5,0,0,0,0,0,7,11,0,2,0,3,13,0,13,0,0,10,10,0,0,0,0,22,13,2,18,12,0,0,0,0,0,19,0,4,16,0,12,0,0,0,0,0,0,0,0,0,0,0,7,0,0,10,0,0,0,0,0,0,17,0,14,0,6,0,8,0,7,0,15,12,0,0,0,0,6,0,12,5,0,0,0,0,21,0,0,0,0,6,0,4,0
Ppap2a,4,12,28,39,38,54,85,15,26,40,72,23,21,30,62,19,5,6,3,8,23,38,20,5,32,20,156,96,36,8,2,52,36,6,22,39,12,39,82,40,58,31,1,9,37,142,9,52,55,10,32,33,39,70,87,31,17,43,32,8,13,35,7,6,7,0,1,9,16,65,41,89,54,49,12,9,49,21,26,15,0,3,4,22,82,99,146,7,0,7,13,17,55,47,55,32,2,47,24,35,12,19,2,11,1,4,3,53,61,31,18,7,39,15,51,48,1,10,32,16,3,10,15,0,1,5,77,29,14,44,23,34,23,5,16,0,6,52,20,15,3,0,70,14,6,23,41,18,57,18,13,10,12,0,40,18,20,11,20,23,14,1,11,19,27,0,6,25,53,77,29,9,25,5,40,9,4,39,7,3,13,22,35,34,6,10,4,38,5,28,3,64,15,51,15,43,5,62,16,52,31,29,33,10,26,30,16,0,18,13,22,51,16,45,25,55,0,11,61,104,29,12,24,7
Tkt,14,18,8,10,1,34,13,3,0,16,14,5,5,6,32,12,1,6,23,0,5,2,16,9,0,5,34,6,15,8,21,7,10,21,2,18,0,13,13,4,3,11,0,0,0,11,16,23,24,6,7,17,3,16,4,15,14,0,22,0,8,6,0,0,46,0,3,6,5,39,3,32,5,0,0,23,13,4,0,3,1,0,9,4,5,8,14,0,5,0,8,2,15,11,3,8,3,0,15,17,7,5,4,7,0,15,0,5,6,27,12,0,10,9,21,6,0,1,8,3,8,0,0,0,0,0,8,0,1,7,0,7,0,1,5,2,1,0,8,2,1,0,9,7,0,12,5,0,2,4,3,0,3,0,9,8,4,6,5,8,14,8,4,6,6,3,0,4,13,5,1,5,3,0,16,5,4,7,4,0,3,1,4,0,11,10,2,8,12,12,4,3,0,6,8,6,1,8,6,4,4,6,8,4,7,15,5,4,0,5,2,8,2,1,6,10,2,2,16,10,7,0,3,5
Nisch,0,10,0,0,0,6,18,30,0,28,4,0,0,4,19,4,0,0,0,0,16,7,20,3,3,2,12,11,0,0,10,0,0,0,0,4,7,17,25,6,12,15,0,0,5,26,19,9,7,0,7,0,0,24,4,2,13,0,11,6,0,0,0,0,24,0,0,3,0,53,18,16,48,0,0,0,0,7,1,4,0,0,7,0,4,18,17,0,0,0,3,6,0,8,0,9,0,0,15,13,11,1,18,17,0,0,0,6,17,18,0,0,8,13,16,22,0,0,4,2,6,0,0,0,0,0,1,0,0,6,0,1,0,0,0,0,0,3,20,13,0,0,11,16,0,2,16,0,0,2,0,0,0,1,9,13,7,7,9,0,2,14,0,6,12,12,0,18,2,0,0,11,6,0,8,0,0,6,6,0,0,0,4,6,12,0,0,0,14,5,0,9,0,1,0,9,4,8,9,2,3,0,10,5,10,10,4,3,0,0,0,0,0,6,12,0,3,0,8,7,0,0,13,0
Eaf1,0,0,0,0,16,0,0,0,6,10,14,0,0,0,0,0,2,0,11,0,11,4,2,0,0,0,20,7,0,0,0,11,0,0,0,0,0,0,12,0,0,10,0,0,6,22,0,13,0,0,0,0,0,6,0,17,0,6,9,2,0,0,0,0,0,0,0,0,0,17,4,36,6,20,0,0,6,0,0,0,0,0,12,6,2,7,13,0,0,0,1,4,13,0,4,0,0,1,0,8,13,17,10,0,0,3,0,5,0,7,11,0,24,11,0,0,0,5,7,0,0,0,0,0,0,0,0,0,0,0,1,0,0,0,2,2,5,0,5,4,0,0,5,4,0,8,6,0,4,0,0,0,0,2,6,7,0,6,0,16,3,4,6,9,12,4,0,0,0,0,0,8,0,0,6,0,5,0,4,1,0,3,9,0,0,0,0,0,0,0,0,4,2,7,4,0,0,0,0,0,0,0,0,5,0,0,3,0,0,0,0,8,0,0,11,0,0,0,5,9,9,4,0,1
Dph3,4,20,3,1,0,9,0,12,18,2,12,1,8,0,2,0,1,0,0,2,4,9,0,0,3,4,21,0,14,4,12,0,5,7,0,10,0,0,5,4,13,4,5,0,0,15,0,0,0,8,0,0,0,11,0,4,12,0,9,4,0,5,1,1,2,1,0,11,13,14,5,47,0,0,0,10,8,0,10,0,5,0,11,4,4,18,13,5,14,9,6,0,16,5,15,10,0,0,14,6,5,8,7,0,3,10,0,7,1,0,11,0,6,25,2,10,0,6,27,0,0,0,6,8,4,1,9,7,0,5,3,7,0,4,4,7,6,0,3,0,0,0,5,14,0,4,6,6,6,0,0,3,2,0,5,9,7,9,6,7,0,7,6,9,6,7,8,0,10,0,4,4,0,3,9,0,0,0,2,0,0,0,2,9,0,10,0,7,0,4,0,0,0,6,14,0,2,2,0,4,7,0,10,0,5,0,4,3,1,0,8,18,0,5,14,0,0,0,6,0,2,8,0,0
Psmc6,1,10,16,4,0,24,0,11,12,5,17,5,4,2,5,0,3,2,0,2,5,8,1,0,6,5,4,10,8,5,10,12,7,2,0,19,0,4,9,3,4,8,13,0,2,14,0,10,3,2,0,21,2,29,7,9,7,6,5,1,0,5,4,0,20,5,0,6,1,13,3,23,10,0,24,8,10,0,1,0,2,0,3,4,4,8,5,5,4,7,1,6,4,7,0,6,4,0,5,3,6,3,3,3,1,6,0,9,2,3,6,0,2,7,12,4,0,2,6,6,0,0,3,4,2,0,7,3,0,5,0,4,2,2,0,3,0,6,2,0,0,0,4,1,0,5,0,0,0,2,1,0,0,3,6,5,6,2,6,3,2,0,4,5,1,3,1,3,9,2,1,0,0,0,3,0,0,5,6,0,0,1,5,0,2,0,0,7,6,6,0,5,1,3,6,5,3,4,11,11,2,2,7,6,9,9,3,9,0,6,5,6,4,5,2,11,3,1,8,5,2,5,4,1
Fermt2,6,19,0,18,0,65,24,15,0,9,36,0,9,11,3,0,0,2,5,0,17,4,17,0,8,26,50,44,6,9,0,0,0,8,0,18,0,6,11,3,25,0,4,0,3,7,0,16,17,0,35,0,1,23,45,22,0,11,27,6,8,13,1,0,0,0,0,0,3,0,2,70,28,15,18,6,32,6,0,0,8,1,15,9,26,16,59,7,5,0,1,4,25,11,20,0,4,0,6,9,13,26,0,7,2,1,0,22,18,8,27,0,5,16,20,10,0,5,17,19,0,0,17,0,0,0,10,8,0,17,0,14,0,0,11,0,4,16,44,28,1,0,7,17,0,11,5,0,24,17,17,4,0,2,14,8,27,33,13,24,11,0,11,21,18,5,0,1,11,17,10,0,10,0,14,0,3,8,13,0,0,10,22,3,10,11,3,32,3,4,0,10,18,2,9,15,0,12,25,0,29,11,19,2,4,18,25,14,9,0,0,16,5,13,10,11,1,0,0,22,26,0,21,2
Mrpl52,20,0,0,4,0,28,6,15,3,8,11,0,9,0,0,5,0,0,12,0,0,14,24,7,0,16,23,8,4,0,17,7,5,0,0,0,6,16,6,22,0,0,0,4,0,21,12,0,0,8,4,0,4,11,5,0,6,0,14,7,7,2,0,0,14,8,5,0,6,2,8,12,5,2,4,8,4,5,6,3,1,5,8,8,6,8,4,2,5,3,6,3,23,11,15,9,7,9,6,5,12,6,13,6,1,4,2,5,15,7,4,1,5,20,13,6,0,8,10,8,0,5,3,5,1,2,18,11,6,5,3,6,4,4,5,3,3,4,2,7,3,0,0,5,2,2,4,3,11,7,3,4,0,4,8,13,1,3,10,0,8,5,11,3,3,6,4,3,20,12,10,6,3,2,11,5,0,12,13,4,1,4,6,11,2,5,4,0,0,6,3,16,9,10,7,3,11,9,0,16,0,4,11,3,2,0,5,0,3,5,3,9,1,12,0,4,3,4,4,18,0,2,5,8
Acin1,4,6,5,4,0,14,8,2,6,8,11,0,4,0,3,7,0,3,2,0,5,3,13,0,0,0,14,7,7,9,1,3,2,0,0,24,2,3,2,4,11,8,4,0,0,2,0,18,4,0,0,11,0,6,3,0,9,0,6,0,0,17,0,0,0,0,0,0,1,16,5,13,8,0,2,4,19,2,0,4,0,4,2,0,4,11,4,0,5,0,8,4,12,5,2,14,0,0,4,15,0,7,0,1,0,7,0,9,0,6,3,0,7,6,9,7,0,1,17,1,0,0,0,0,0,0,0,2,0,6,0,4,0,0,0,3,0,4,0,3,0,0,10,8,0,6,7,0,2,13,1,0,0,2,3,5,1,3,2,4,5,0,3,15,4,1,0,2,12,5,2,6,3,0,3,0,0,1,4,0,1,0,5,0,2,5,0,3,2,2,2,3,0,1,16,6,11,4,7,2,2,1,0,4,9,8,12,17,1,1,5,3,0,8,2,5,0,0,3,15,12,0,0,0
Ipo4,8,20,10,6,2,16,8,22,6,0,6,4,7,0,9,6,0,0,7,0,4,5,8,0,1,18,9,12,10,2,9,12,4,9,9,11,4,6,23,2,8,5,0,4,0,31,2,6,2,0,6,8,3,2,9,5,6,0,15,0,2,7,1,0,9,0,3,4,21,14,16,28,17,8,8,0,2,3,5,1,3,0,9,2,0,4,4,0,8,2,6,3,9,3,3,2,2,4,10,16,0,7,2,4,2,9,0,9,14,8,8,0,6,16,13,6,1,10,4,0,2,4,6,0,0,0,5,4,0,7,0,9,0,0,2,0,1,4,3,7,0,0,6,2,2,10,7,0,0,5,2,4,0,1,9,5,14,1,8,9,9,1,6,3,4,3,2,0,8,6,4,2,5,0,0,0,0,5,9,3,0,0,18,3,5,4,1,11,13,6,0,3,1,8,1,9,0,3,10,2,2,1,6,6,2,3,8,2,1,4,1,2,0,2,2,14,4,1,7,2,12,6,1,0
Nedd8,25,34,22,13,10,88,19,28,3,35,19,19,31,17,19,21,0,5,11,0,20,23,29,39,0,20,68,53,37,5,26,20,22,88,16,32,4,41,40,21,44,19,34,16,14,52,17,51,33,8,2,19,6,52,73,30,35,27,61,0,33,40,15,6,20,0,3,97,29,74,43,79,26,15,17,11,32,14,8,7,10,7,33,22,32,31,43,4,26,25,9,4,33,33,20,26,18,17,41,29,22,36,34,37,19,7,10,29,28,39,29,0,36,35,52,15,1,30,22,14,1,9,25,24,10,13,9,13,12,24,9,13,5,8,14,5,7,28,16,11,2,1,35,27,2,52,15,5,26,31,12,5,0,11,31,21,15,18,9,29,33,8,34,30,53,28,4,16,8,30,11,21,19,2,40,19,6,18,24,3,2,15,36,14,5,27,3,17,12,24,13,32,11,19,47,14,9,11,23,21,16,25,29,17,31,38,17,18,11,11,14,33,32,12,22,28,6,0,34,48,36,6,19,15
Bnip3l,4,0,5,0,6,6,18,13,13,16,2,2,7,0,2,3,0,1,0,0,0,5,17,5,1,2,13,6,4,2,15,5,8,0,5,0,0,7,0,0,0,0,11,0,4,8,0,5,4,0,0,11,0,15,0,8,4,6,0,0,0,0,0,0,6,0,0,8,4,3,3,7,1,2,2,0,7,4,3,10,0,0,12,0,15,15,6,1,7,6,4,1,0,0,0,15,0,9,8,7,6,4,11,2,5,6,1,7,9,2,5,1,11,5,6,7,1,3,5,2,0,0,0,1,0,0,0,4,1,2,2,4,4,1,3,1,2,1,3,0,0,1,0,19,10,5,0,1,1,4,5,0,0,3,0,8,7,0,1,0,6,1,3,9,2,7,2,2,8,2,0,2,2,0,3,3,0,4,3,0,4,0,2,2,7,3,0,2,0,8,0,2,0,2,3,5,0,0,3,0,3,6,5,6,7,3,4,3,0,3,8,5,0,8,6,11,0,1,6,0,0,2,0,0
Mbnl2,5,18,5,9,11,20,16,17,3,3,15,6,7,0,4,5,0,0,13,10,25,9,9,10,0,6,18,27,9,2,17,4,8,0,0,8,1,12,24,15,0,8,9,1,0,17,16,8,8,2,6,16,4,10,23,15,0,7,28,9,7,14,0,1,6,1,3,6,8,11,17,17,22,13,19,3,2,7,4,6,0,2,5,5,11,13,38,2,1,8,13,5,6,7,5,13,8,9,16,7,10,10,2,17,16,1,2,21,16,7,3,4,11,8,23,10,1,14,6,8,8,1,10,8,0,4,10,7,3,14,10,3,10,0,6,4,6,21,11,10,2,3,13,5,8,0,10,2,18,6,10,5,4,1,22,8,12,17,7,4,3,4,8,5,16,12,8,4,3,16,5,6,17,1,8,2,2,4,11,1,6,0,7,3,6,3,9,15,16,18,9,4,11,14,4,26,7,6,7,10,1,4,24,3,15,19,11,10,6,9,5,6,6,13,16,12,4,0,21,11,12,31,14,8
Brix1,8,8,7,3,0,27,19,20,1,7,10,10,2,0,23,6,1,2,0,0,21,13,4,7,0,7,22,9,20,11,22,6,6,0,6,16,0,9,21,6,8,9,5,0,8,14,2,17,13,2,6,11,2,1,10,5,18,7,21,0,7,13,3,9,11,2,3,8,10,14,1,20,47,7,2,9,16,7,7,0,0,0,8,1,19,14,17,1,12,2,7,5,11,9,6,3,8,4,16,3,1,3,15,1,8,4,0,18,7,10,5,1,3,14,18,8,3,2,14,4,0,2,7,4,2,0,6,2,0,3,3,9,0,0,0,4,0,14,4,4,2,0,16,11,0,5,3,1,3,4,3,0,3,1,4,7,6,15,2,1,3,2,4,5,12,2,0,8,5,11,5,10,6,3,5,0,3,12,17,0,6,3,6,0,5,4,0,12,11,7,5,12,0,5,15,21,0,8,12,9,5,13,10,4,12,7,21,0,2,8,5,13,2,1,10,6,7,0,5,7,6,0,4,1
Sub1,22,16,13,30,20,30,25,12,8,27,44,5,14,10,21,13,2,9,21,0,17,22,19,21,6,11,42,18,17,16,16,18,17,15,12,14,12,17,17,10,17,24,3,11,3,26,23,26,13,7,20,20,6,38,28,11,3,2,26,10,18,18,13,0,16,0,10,24,6,8,13,45,52,19,8,26,37,14,10,6,2,0,26,9,14,7,20,10,22,13,13,6,22,28,6,12,7,21,34,23,16,7,2,10,12,15,3,15,17,10,19,1,25,26,33,16,1,17,16,19,5,3,6,10,0,14,13,13,5,7,6,6,0,2,7,5,8,7,10,6,5,4,15,15,6,21,12,7,15,10,5,3,8,21,8,16,20,8,9,22,10,2,16,12,11,3,3,12,35,10,13,8,16,0,9,14,5,8,18,3,0,10,8,10,9,7,2,17,2,14,6,29,7,15,16,27,11,6,21,21,9,17,10,5,34,5,16,13,7,23,15,20,6,5,10,34,3,2,16,21,19,6,1,5
Basp1,0,0,0,8,7,31,0,9,1,13,2,9,4,0,5,6,0,0,6,4,0,0,4,1,0,22,24,8,2,0,14,0,16,4,9,6,0,8,11,10,9,4,0,0,0,4,8,0,13,2,4,0,6,26,6,2,0,0,0,0,0,5,0,0,4,0,0,2,3,7,6,23,2,4,0,0,9,11,0,1,3,0,2,4,3,7,5,0,31,5,11,8,7,2,8,6,0,7,0,7,9,5,6,6,0,3,2,4,0,11,0,0,16,4,8,6,1,3,3,6,3,0,3,1,0,4,7,7,1,4,4,8,0,2,8,0,2,10,4,0,0,0,2,0,0,7,4,2,4,5,2,7,3,0,0,0,0,2,5,1,20,4,2,0,3,2,0,4,2,4,4,0,3,3,1,0,3,2,3,6,0,0,7,2,0,0,0,2,3,2,0,6,0,2,7,4,8,3,3,6,2,6,8,2,11,6,6,5,2,2,8,2,8,2,0,11,0,0,10,0,10,15,7,1
Cct5,8,26,24,5,23,46,37,17,36,26,42,6,12,9,30,14,0,8,22,0,11,27,18,12,0,21,61,14,30,10,15,15,8,15,7,38,14,18,40,5,13,50,7,0,5,50,28,39,25,0,10,20,8,8,40,4,28,4,18,1,10,30,5,0,2,7,4,22,19,23,4,105,31,6,18,18,28,5,7,14,0,0,17,10,24,13,25,2,5,17,17,6,34,15,0,11,14,11,31,21,9,14,21,12,0,17,0,20,18,25,15,0,17,23,25,19,0,11,12,10,0,5,8,5,0,2,23,17,0,14,0,10,0,7,4,3,3,13,15,6,0,0,7,18,7,16,13,0,6,18,11,2,3,6,11,18,8,4,15,12,12,5,8,7,24,9,0,9,21,13,8,14,23,0,4,2,4,26,26,0,0,8,21,7,5,14,0,12,23,21,6,23,0,22,10,12,3,5,5,17,10,16,15,7,21,15,15,8,4,4,9,33,2,12,13,28,7,1,23,22,21,0,1,10
Mtdh,0,0,0,6,1,16,0,0,0,0,6,0,13,2,6,5,0,0,0,0,4,0,0,0,0,3,9,8,0,1,5,0,0,0,0,19,0,0,0,0,0,4,0,0,0,11,0,7,0,0,0,0,0,18,8,0,2,0,0,0,0,0,0,0,0,0,0,0,0,4,6,15,4,0,7,0,0,0,0,0,0,0,0,0,4,7,7,4,0,0,6,0,10,3,0,9,0,0,6,5,0,3,0,1,0,6,0,2,0,8,0,2,2,5,4,0,0,0,0,7,0,0,0,11,0,0,0,0,0,0,0,9,0,0,0,0,1,0,0,0,0,2,0,0,0,0,0,1,8,4,0,0,0,0,0,3,0,1,0,0,0,0,5,4,3,10,0,0,0,6,6,0,0,0,11,1,0,8,0,0,6,0,0,5,6,4,0,0,0,0,0,6,0,0,0,0,0,2,19,0,0,0,0,0,2,9,6,4,0,6,0,9,0,0,7,0,0,0,0,13,0,0,0,0
Eif3e,0,18,16,10,9,40,0,17,0,11,11,0,0,0,36,3,0,8,0,0,10,11,4,0,6,10,7,29,23,0,33,8,9,4,17,10,0,27,28,0,0,21,8,0,0,17,18,38,23,0,25,5,1,28,25,0,33,0,23,0,0,25,4,0,16,0,0,15,4,2,6,67,11,0,24,0,38,6,0,12,0,0,0,14,11,14,24,0,11,10,14,0,5,8,9,20,5,11,22,20,15,19,5,4,2,9,9,21,17,16,18,8,11,20,18,0,0,22,16,9,0,3,5,3,4,2,8,20,12,6,0,6,0,0,0,8,0,14,17,4,0,0,15,14,5,31,8,0,11,10,8,0,0,8,12,8,12,9,12,14,15,0,4,16,12,0,0,0,11,5,0,8,19,0,10,7,0,5,16,0,6,0,8,0,13,12,0,23,8,9,8,27,0,16,15,5,11,0,13,13,8,14,0,2,18,20,21,12,1,6,17,13,0,15,13,16,0,0,16,8,23,0,0,6
Puf60,2,8,8,0,3,31,28,13,9,17,8,4,5,6,8,8,0,7,9,0,3,8,7,9,0,0,11,17,4,3,8,9,1,1,7,0,0,20,28,5,21,0,0,3,0,9,6,24,2,0,0,27,4,2,5,0,14,1,13,0,0,2,0,0,0,0,0,30,11,27,0,32,22,0,0,0,5,0,0,2,0,0,21,1,8,12,10,0,0,0,7,0,10,16,0,11,0,0,6,14,0,7,8,0,1,2,0,7,16,13,10,0,6,2,16,3,0,12,9,3,0,0,0,0,0,1,4,0,0,4,0,7,0,2,0,0,0,1,10,0,0,0,16,11,0,9,0,4,0,3,8,0,0,0,21,9,3,2,7,7,5,4,11,4,8,7,0,2,6,3,0,8,4,0,1,1,6,7,3,0,0,2,1,8,2,6,0,11,0,10,4,12,0,1,13,11,5,1,11,6,0,1,5,0,2,15,13,5,0,3,8,7,0,4,4,15,4,4,5,12,9,0,10,3
Rpl8,6,18,33,18,38,63,91,38,56,32,33,31,11,6,38,41,0,13,19,0,20,34,25,5,0,51,75,18,34,31,44,24,42,31,16,26,12,70,60,11,29,45,44,18,17,18,36,37,20,21,42,49,8,48,53,50,19,4,42,37,24,56,10,19,42,0,2,31,25,19,23,43,78,29,29,20,77,26,19,31,14,0,19,15,37,37,44,6,34,10,36,25,34,29,14,55,8,13,40,24,35,20,23,24,7,33,21,25,27,50,24,4,17,39,32,28,0,32,52,14,13,11,0,15,6,24,23,38,8,28,5,21,5,16,9,9,15,21,8,16,8,0,17,30,6,34,26,0,18,27,23,16,6,5,18,29,27,17,23,33,1,6,28,20,12,30,8,20,24,27,20,22,24,18,25,12,8,22,40,7,4,38,23,5,22,27,3,38,23,38,5,42,0,24,23,20,32,26,24,19,20,16,21,10,11,40,37,15,15,7,32,23,15,11,37,31,6,0,25,28,32,20,7,16
Josd1,0,0,0,4,1,0,0,0,0,0,0,0,5,0,12,5,0,0,0,0,5,0,0,0,0,0,18,0,1,0,12,0,0,0,0,9,0,0,0,4,0,0,0,0,0,0,0,0,0,0,1,0,0,4,7,0,0,0,0,0,0,0,0,0,0,0,0,0,0,0,3,0,13,0,3,1,9,0,0,0,0,0,0,0,10,0,0,6,2,3,0,0,0,2,0,5,6,0,0,0,8,4,0,0,4,0,0,0,0,0,0,0,0,0,3,0,0,0,0,0,0,0,0,0,0,0,0,0,0,3,0,7,0,0,0,0,2,0,0,0,0,0,0,0,0,0,0,0,0,0,0,0,0,0,0,0,0,0,0,0,5,0,0,0,0,0,0,0,0,7,0,0,2,0,0,0,0,9,0,0,0,0,0,0,1,0,0,0,0,2,0,0,1,0,0,0,0,0,0,0,0,0,0,0,7,9,0,0,3,0,0,2,0,0,0,0,0,0,9,1,8,0,0,5
St13,16,13,0,0,1,12,9,5,8,6,22,3,0,2,12,1,0,2,9,0,9,9,0,0,0,15,21,10,0,0,13,9,0,13,0,12,0,9,1,0,11,0,0,0,0,4,0,7,1,0,11,3,0,9,10,17,10,0,19,0,0,2,0,4,2,0,0,12,4,0,18,19,15,0,0,7,7,0,0,7,0,0,0,0,9,0,15,0,0,13,0,1,8,10,0,4,0,0,18,9,0,2,0,10,3,0,0,10,10,2,7,0,8,13,4,3,0,4,8,0,6,0,0,0,0,0,14,9,0,7,0,8,0,0,0,0,0,0,8,1,0,0,10,3,0,3,9,0,4,4,8,3,2,7,13,22,0,1,0,3,0,0,8,0,6,0,0,13,8,8,0,8,0,0,28,0,1,13,18,0,0,0,4,6,0,0,0,0,0,9,0,3,2,0,6,2,0,8,12,9,2,2,7,0,3,0,12,7,0,0,0,9,0,0,0,5,0,0,4,2,12,0,3,1
Plxnb2,14,3,4,7,11,20,7,7,5,13,9,5,4,15,25,14,0,2,0,1,26,2,8,9,0,0,4,7,6,9,14,2,9,0,13,14,1,5,14,11,0,10,11,2,0,13,0,23,4,0,4,4,0,10,15,0,3,0,10,0,3,0,0,1,16,0,0,32,5,22,6,27,17,3,4,5,4,8,8,7,2,2,3,3,13,7,11,0,25,10,18,9,11,5,2,21,0,5,9,8,12,8,25,5,7,6,0,5,16,14,3,0,18,5,8,6,0,1,8,3,1,0,5,5,0,0,5,0,0,3,0,7,1,0,1,10,0,0,0,2,3,1,4,11,6,10,2,8,6,4,10,3,0,0,11,6,5,4,15,9,9,2,4,5,7,6,3,3,5,2,4,7,4,0,10,0,0,6,8,3,1,0,3,2,2,9,4,4,2,11,6,7,3,4,7,5,3,6,10,5,5,4,1,5,16,10,2,2,2,0,12,4,0,4,7,8,0,0,9,0,7,7,2,0
Tmbim6,7,15,12,14,10,26,12,11,14,14,18,17,6,12,13,17,6,6,7,5,14,7,19,7,8,29,36,22,17,9,17,14,16,11,6,20,19,14,27,14,17,6,27,12,3,20,15,14,6,9,4,9,6,32,8,12,32,13,17,5,12,7,3,3,18,2,6,28,23,15,20,40,28,23,43,7,18,14,20,13,3,3,18,4,28,19,26,0,29,33,28,8,14,12,20,21,9,9,29,24,25,17,24,18,13,25,15,23,25,28,15,0,22,21,36,15,2,7,14,25,9,9,5,6,0,8,18,11,9,20,6,13,3,7,0,2,17,15,13,16,1,7,14,15,12,16,18,8,9,11,12,5,6,4,16,23,18,12,16,16,12,10,20,12,18,9,11,22,40,9,13,9,12,10,12,7,6,13,17,6,11,6,17,13,22,13,4,8,14,23,6,18,15,10,15,16,9,19,15,26,12,13,21,8,18,22,14,13,6,5,17,18,11,6,37,19,8,6,22,27,11,9,13,8
Larp4,2,0,2,3,0,0,0,0,0,16,0,0,0,0,6,1,0,3,0,0,0,4,0,0,0,0,0,2,5,0,0,2,6,0,0,5,3,10,16,1,0,0,2,0,0,5,5,11,0,0,0,2,0,4,5,0,14,0,6,0,0,4,0,0,0,0,0,0,0,0,0,0,0,0,2,10,0,4,0,0,0,0,0,0,0,0,8,0,0,0,0,0,8,14,4,2,0,4,0,0,5,1,0,3,1,0,0,0,1,0,6,0,3,7,4,4,0,0,3,0,0,0,0,0,0,4,3,0,0,4,1,0,0,0,0,0,0,0,0,0,0,0,0,0,0,0,9,0,1,0,0,0,0,0,7,8,0,0,0,0,3,2,5,0,0,3,0,0,0,0,4,1,4,1,0,0,0,3,0,0,0,0,0,0,0,2,0,0,3,0,0,4,2,3,9,2,0,0,7,5,0,8,4,0,0,3,0,0,0,8,0,0,0,0,0,4,5,0,0,0,1,0,0,0
Spryd3,0,0,0,0,0,11,0,0,4,0,0,0,0,0,0,0,0,0,0,0,9,0,9,0,0,0,0,0,5,0,0,0,0,0,0,0,0,9,5,0,7,0,0,0,0,5,0,0,0,0,4,0,0,0,4,0,0,0,0,0,0,0,0,0,0,0,1,0,6,0,0,8,0,0,0,0,0,4,0,0,0,0,0,0,0,0,0,0,0,0,9,0,6,0,0,0,0,0,0,0,2,0,3,0,0,7,0,0,10,2,0,0,3,3,9,0,0,5,1,0,0,0,0,0,0,0,0,0,0,2,0,0,0,0,0,0,0,5,0,0,0,0,2,2,0,0,0,0,0,0,4,0,0,0,2,3,0,2,0,5,0,0,0,2,6,0,0,0,0,0,0,3,1,0,0,0,0,0,8,0,0,0,0,0,10,0,0,0,0,5,0,4,0,0,0,0,0,0,0,0,0,0,2,0,0,4,4,0,0,0,2,0,0,0,0,0,0,0,0,11,0,0,0,0
Trap1,7,6,0,0,1,16,9,0,8,13,13,7,3,2,6,2,2,4,2,0,8,8,4,8,5,1,13,0,3,4,10,7,8,0,10,1,0,7,7,7,12,2,2,0,3,4,0,20,7,0,6,9,0,5,12,5,2,1,7,0,4,4,11,0,9,0,3,10,14,9,3,4,0,3,2,0,17,3,0,4,0,0,4,0,1,8,6,1,0,1,15,1,4,3,0,7,2,7,19,13,1,9,6,0,0,4,0,3,1,7,5,0,8,8,6,7,0,6,4,4,0,3,1,0,0,0,6,6,0,4,0,10,0,0,1,1,0,3,5,2,0,0,0,1,0,4,7,3,0,5,2,0,1,0,10,8,6,0,9,4,3,10,3,5,3,5,0,1,1,6,0,6,3,0,3,2,0,3,4,0,1,0,5,10,0,5,0,3,6,12,0,5,0,1,3,2,2,3,3,2,1,4,4,1,9,3,13,2,0,3,5,3,2,1,2,10,0,0,11,4,5,0,5,0
Vasn,0,12,20,5,0,20,0,3,0,0,46,0,18,13,14,0,0,0,0,0,0,3,32,0,0,0,0,31,18,17,9,0,0,0,0,0,0,42,24,11,0,0,8,0,0,22,0,0,19,0,21,0,0,64,19,0,0,0,12,0,11,3,0,0,36,0,0,16,0,0,19,12,35,8,0,0,0,0,0,0,0,0,16,0,28,14,0,0,6,0,0,0,0,0,0,0,23,2,25,15,18,31,3,4,0,0,0,0,15,12,22,0,16,19,6,0,0,12,10,0,0,0,0,12,0,0,0,0,8,0,0,9,0,0,0,0,0,0,14,0,0,0,6,4,10,0,0,0,0,12,6,0,0,0,0,6,6,0,18,19,0,9,12,0,0,11,6,0,14,9,9,9,0,0,9,0,0,0,13,0,0,0,0,0,4,0,0,17,22,13,0,0,21,0,0,4,0,13,17,0,0,11,10,7,14,18,4,0,0,2,20,14,17,0,0,16,5,0,10,16,46,0,0,21
Gspt1,3,0,5,9,19,25,10,15,2,3,8,4,3,2,7,8,0,1,1,0,0,16,0,23,0,0,18,11,4,2,10,7,8,0,4,10,5,2,5,3,2,4,0,5,0,7,9,12,11,0,3,3,1,17,7,5,9,0,14,0,0,4,1,0,11,0,0,8,5,0,7,27,14,6,9,10,21,4,2,3,0,4,2,5,4,4,12,0,3,4,9,0,6,3,2,3,3,11,9,14,13,5,0,0,0,18,0,9,14,9,4,0,8,7,6,4,0,9,6,7,0,1,7,0,0,9,9,6,0,4,0,7,2,4,0,1,0,4,6,6,3,0,2,3,1,5,4,0,7,4,4,0,2,2,4,6,4,3,8,2,5,6,7,4,5,17,1,6,6,10,6,6,3,0,7,0,1,1,9,6,0,0,3,1,5,10,0,11,8,5,2,10,5,8,4,4,8,5,3,2,3,1,8,0,2,26,4,3,0,0,5,8,8,7,6,7,0,4,4,12,8,0,0,1
Slc25a1,9,5,1,2,9,31,5,8,5,11,4,4,3,3,6,5,0,0,2,0,4,6,7,11,5,10,17,2,5,12,0,17,7,18,3,5,3,11,13,10,8,1,2,7,5,10,6,5,7,0,8,2,4,19,27,20,1,3,8,2,3,11,0,0,2,0,1,3,6,8,6,18,0,12,9,0,1,6,3,5,2,0,8,1,4,1,14,0,2,5,4,1,5,3,3,16,0,5,22,7,9,6,7,9,5,1,1,9,15,9,3,1,11,7,9,5,2,3,7,5,3,1,8,2,0,4,7,0,4,8,0,4,7,0,0,4,1,7,11,3,1,1,14,8,0,13,4,2,1,8,3,0,1,2,8,8,12,7,8,5,10,6,2,5,8,8,0,5,8,2,3,2,3,0,3,0,1,4,3,3,3,4,11,5,5,7,1,9,6,6,2,6,4,0,2,0,4,2,9,0,1,7,6,0,7,7,3,0,3,1,4,7,4,2,4,9,0,0,7,16,13,8,2,0
Parl,8,3,3,3,2,21,1,5,0,7,11,5,4,3,7,2,0,5,2,0,0,15,6,0,0,21,12,0,16,2,4,3,2,0,5,2,0,6,13,0,10,5,3,0,0,16,14,11,13,2,6,1,1,4,13,4,1,1,2,6,3,5,0,0,5,0,0,7,0,13,0,4,18,0,0,3,21,0,0,9,2,0,8,1,8,5,10,0,0,0,3,2,4,4,1,2,2,0,10,6,0,5,2,4,1,8,6,8,4,6,0,0,10,11,8,7,5,7,6,4,0,2,1,0,0,3,5,2,0,7,0,5,0,1,0,4,0,2,1,4,0,1,7,9,0,4,2,0,2,5,2,1,1,0,14,5,10,1,2,5,2,1,4,5,4,0,1,6,18,4,6,2,1,0,7,4,0,10,1,0,0,6,0,0,4,4,2,6,2,0,5,9,0,5,2,2,1,2,4,3,1,2,5,1,5,8,4,8,0,3,1,6,0,5,3,2,0,0,1,8,11,0,3,2
Eif4g1,12,5,28,7,6,18,0,10,4,5,9,4,6,8,17,10,0,2,10,0,10,6,18,9,4,11,32,15,27,4,13,3,11,4,0,12,3,16,0,4,0,15,0,0,0,18,2,16,22,1,9,23,0,21,5,6,18,5,23,0,7,12,5,0,10,0,3,16,0,34,0,20,10,0,6,8,38,2,10,8,5,0,4,6,9,10,23,2,6,14,11,6,11,16,2,7,5,17,9,3,11,6,11,5,12,2,0,6,15,11,17,5,9,26,22,11,2,10,10,12,0,0,4,4,5,0,7,14,1,7,3,4,0,0,0,7,0,4,12,4,0,4,3,13,0,11,10,0,4,14,0,0,1,9,13,13,9,2,10,10,9,9,12,8,7,16,0,4,12,6,10,8,9,0,8,0,2,7,15,0,0,0,11,9,5,9,3,5,14,12,3,3,10,1,11,16,7,5,4,6,3,11,9,1,9,21,16,4,5,0,3,29,0,12,7,7,1,0,11,10,10,0,5,1
Tra2b,0,0,15,7,6,27,12,7,0,7,2,6,0,5,6,3,0,2,0,0,0,7,7,0,1,0,15,25,6,9,10,6,17,0,0,0,0,16,20,9,11,2,5,0,1,2,7,0,9,0,3,0,1,14,5,0,8,1,18,2,0,5,5,0,0,0,0,27,4,13,6,18,11,0,0,8,12,2,0,1,0,0,7,0,8,6,12,0,6,2,9,2,9,14,0,4,0,6,12,9,3,8,0,8,6,5,0,6,2,16,5,0,8,6,7,0,0,12,4,0,0,0,3,0,0,0,4,3,0,1,0,11,0,0,0,2,0,1,9,4,0,0,7,13,0,8,6,0,7,9,3,0,0,1,14,8,11,10,4,5,6,11,10,8,4,4,1,1,13,6,0,6,1,0,8,0,0,12,10,2,0,0,0,2,2,7,0,4,2,0,0,15,0,0,13,17,0,6,3,5,0,2,7,0,4,9,9,5,0,1,4,9,1,0,5,6,0,0,4,8,0,0,5,3
Pigx,11,5,3,0,10,6,3,8,4,4,8,6,6,1,3,4,2,0,0,1,3,13,4,0,0,1,7,0,1,9,0,3,1,0,2,0,0,2,0,2,7,4,0,0,0,9,7,6,3,0,4,0,0,8,5,4,0,2,1,2,2,1,0,0,10,0,0,2,0,0,1,6,0,0,6,2,7,2,2,0,0,0,5,6,3,4,4,0,3,4,0,1,0,0,0,0,0,8,8,7,11,1,1,9,3,0,0,2,4,0,0,8,2,0,12,7,0,1,3,0,0,1,2,0,0,0,0,3,6,0,0,0,0,0,0,0,0,0,8,2,1,0,0,2,0,0,1,0,0,1,0,4,0,3,6,5,2,0,0,5,2,0,3,2,4,7,0,2,1,0,1,0,0,0,0,1,0,0,5,3,0,0,0,0,2,3,0,1,0,9,0,0,5,4,6,0,0,3,6,3,0,1,0,1,4,5,0,0,0,0,0,2,6,2,5,4,4,0,4,0,5,0,0,0
Fstl1,20,26,16,50,61,48,50,86,30,42,30,20,17,15,53,19,6,7,24,4,43,31,46,31,0,55,108,36,31,28,48,17,30,4,19,42,15,46,62,43,29,21,24,21,18,51,43,40,37,13,15,26,25,66,75,64,37,4,42,17,28,31,0,3,84,6,9,39,27,124,39,56,56,30,70,44,17,22,20,22,10,2,38,17,18,20,27,5,13,77,52,40,19,26,14,48,4,35,51,60,70,46,31,29,29,61,5,27,23,27,23,15,50,24,43,41,1,33,32,19,25,18,17,31,1,14,22,39,33,38,12,24,7,3,26,1,3,25,36,20,3,11,41,35,26,34,42,24,32,15,16,15,24,8,34,25,31,14,45,16,18,35,12,16,23,81,10,25,36,13,22,13,27,3,15,5,10,11,28,13,7,9,6,33,47,21,12,38,18,35,24,35,15,30,19,17,25,23,35,12,34,20,18,31,35,45,22,41,17,17,37,14,25,26,60,22,31,2,24,41,57,53,52,25
Gtpbp8,3,0,0,5,0,5,0,5,5,3,0,4,2,0,0,0,0,0,0,1,5,0,0,4,0,0,0,3,1,2,1,0,0,0,0,0,1,1,4,4,0,0,0,0,0,5,5,0,0,0,0,0,0,1,2,0,7,0,0,2,0,0,0,0,3,0,0,0,0,7,0,4,4,0,0,0,1,1,0,7,0,0,0,0,4,3,3,0,0,2,0,0,2,0,0,0,0,1,5,4,0,3,5,0,0,3,0,0,1,3,0,0,1,0,2,3,0,0,0,0,0,1,0,0,0,0,3,0,0,2,0,2,0,0,0,0,0,0,1,0,0,0,2,0,0,0,8,1,0,1,0,3,1,0,4,4,2,0,0,0,0,4,0,0,1,0,0,0,0,0,0,0,1,0,1,1,0,2,2,0,0,0,0,1,1,0,1,2,2,4,0,2,0,2,1,1,0,0,3,0,0,2,0,0,2,3,0,3,1,4,0,0,0,2,0,0,3,0,3,0,9,0,0,0
Phldb2,18,1,5,9,0,15,30,13,20,18,9,11,10,6,66,12,0,3,0,0,0,10,27,16,0,17,27,52,2,9,13,21,11,0,8,0,0,25,0,12,0,3,0,18,0,27,9,26,33,0,12,6,10,17,26,22,13,0,0,0,17,0,0,0,12,0,0,20,0,88,13,52,41,8,0,0,12,13,2,12,0,0,10,10,8,41,6,2,26,11,0,8,40,12,7,40,6,0,2,8,26,0,28,18,17,25,0,14,36,25,18,0,6,19,11,15,0,0,21,4,9,0,21,0,4,0,19,0,0,17,0,12,0,0,9,3,0,17,16,10,0,0,16,5,0,7,28,0,31,6,3,0,0,2,32,14,20,0,6,15,12,0,0,0,19,15,0,10,2,8,14,0,12,0,6,0,0,11,7,0,0,0,4,8,15,3,0,21,10,18,3,2,3,0,21,2,12,12,22,6,12,12,6,0,2,14,9,11,13,9,2,2,9,15,8,13,0,0,6,10,16,18,25,1
Tomm70a,0,8,2,2,4,14,0,9,0,8,6,5,3,5,7,2,0,2,5,5,8,10,0,0,0,20,5,10,12,2,8,9,18,0,6,0,0,10,0,4,4,0,0,0,0,6,9,4,0,4,0,0,0,9,2,5,7,10,3,7,0,0,0,0,5,0,0,3,1,7,3,6,12,10,0,11,12,0,1,0,0,2,5,0,6,0,5,0,12,3,0,1,2,2,0,0,4,1,2,7,0,3,7,3,2,1,0,4,3,11,2,0,5,8,9,3,3,0,10,0,0,0,1,1,0,0,11,4,0,3,1,3,0,0,0,3,6,1,11,3,0,0,5,3,3,7,4,0,0,3,6,0,1,2,2,10,1,4,0,6,3,5,6,3,3,9,2,2,8,14,3,4,4,0,3,0,0,0,6,0,0,0,4,4,6,3,0,6,6,4,2,7,1,2,5,1,5,5,0,0,2,0,4,2,12,13,3,7,1,3,5,4,7,6,8,7,3,0,0,11,4,12,0,0
App,11,12,7,34,8,5,17,9,2,25,7,8,8,3,13,5,0,1,1,1,9,12,15,0,4,13,16,8,4,12,19,12,15,2,12,7,4,19,37,19,22,4,4,0,5,28,21,35,16,4,10,0,3,26,15,15,4,1,13,14,3,3,0,0,7,0,0,22,7,52,2,9,8,8,10,2,10,0,12,4,0,1,15,6,7,9,14,2,7,17,14,3,8,21,7,26,6,8,11,7,17,8,21,0,4,15,4,23,11,13,8,1,22,10,21,5,0,6,15,12,3,3,3,12,0,3,7,4,3,13,2,11,0,4,5,4,13,2,19,9,0,8,0,6,10,14,8,3,5,3,4,9,0,5,17,11,11,5,3,8,3,12,13,1,5,13,2,2,5,8,0,6,8,3,5,2,3,8,5,0,6,0,11,6,9,6,3,12,2,16,1,10,3,4,2,8,6,7,10,6,8,6,7,2,6,14,3,6,1,2,16,12,13,5,19,4,0,4,6,15,16,7,3,5
Cct8,8,8,42,0,17,47,46,16,0,28,39,12,27,12,56,28,0,3,7,0,36,1,18,38,0,11,54,14,30,20,27,20,39,23,6,48,15,14,21,16,0,14,12,0,7,45,28,42,25,21,9,28,4,16,15,21,28,0,39,21,16,22,16,0,1,0,0,35,13,0,28,79,50,0,0,0,3,17,11,35,0,0,9,5,19,24,48,0,0,30,18,0,22,22,0,14,18,17,29,27,7,19,21,9,12,20,0,54,10,29,23,2,13,18,39,18,0,23,29,18,0,0,0,0,0,0,0,16,0,17,10,27,0,0,0,0,0,22,0,5,0,0,13,15,0,8,13,0,16,18,6,0,0,13,20,6,12,19,0,10,26,11,5,22,4,10,5,15,21,14,15,17,18,5,2,0,4,25,6,0,7,0,4,0,4,20,8,17,31,17,5,35,0,12,20,24,2,26,2,10,11,39,27,0,24,33,40,20,4,0,22,11,5,3,19,34,0,2,15,24,15,0,0,13
Gtf2h5,0,0,3,0,1,11,0,6,9,9,11,8,5,7,20,5,7,5,8,0,5,19,20,8,4,12,32,18,13,1,9,11,11,18,16,18,4,18,13,14,5,5,1,9,2,26,15,33,17,5,10,21,1,13,15,4,11,13,5,0,10,12,4,0,19,0,6,18,5,2,6,17,10,3,15,10,14,1,1,7,2,2,15,1,11,5,19,2,4,5,7,8,14,7,3,12,4,4,12,11,15,11,15,15,4,5,1,21,4,12,10,2,7,16,18,14,1,4,11,2,0,0,4,5,2,5,12,5,3,8,4,12,0,4,10,1,6,3,9,9,0,0,8,9,5,18,5,1,7,14,7,7,4,6,2,16,3,9,4,6,6,3,8,13,7,8,6,4,5,8,6,2,5,1,6,2,2,8,11,0,2,9,9,6,10,4,3,16,10,10,0,6,0,11,12,5,8,14,9,8,6,6,4,3,10,16,6,6,0,8,15,14,0,8,6,14,2,1,6,12,8,4,3,7
Tulp4,0,3,0,0,0,0,0,0,0,16,0,0,0,0,0,0,0,0,0,0,9,0,15,0,0,14,0,3,6,0,0,0,3,0,0,0,0,0,5,0,0,0,13,0,0,0,14,0,0,0,0,0,0,0,11,0,4,8,0,0,0,0,0,0,14,0,0,11,1,0,0,0,0,0,0,8,0,0,1,0,0,0,0,0,0,0,0,0,0,5,2,5,0,0,3,0,0,4,0,0,0,0,0,0,5,0,0,0,9,13,6,0,1,0,13,0,0,0,0,0,0,0,11,2,0,0,5,1,0,5,0,0,0,0,0,0,0,0,0,0,0,0,0,0,0,0,0,0,2,0,4,0,0,0,5,0,0,0,1,0,0,7,0,0,0,0,0,0,4,8,6,2,5,0,6,0,2,0,0,0,1,0,0,9,0,0,1,0,5,0,0,0,0,0,8,0,0,5,0,0,0,6,0,2,0,8,0,2,2,0,0,0,1,0,5,6,0,0,8,0,11,0,6,0
Tnfrsf12a,0,24,12,8,12,12,1,1,10,22,29,1,12,13,16,4,0,2,27,0,29,48,2,5,3,12,21,12,19,4,14,10,12,0,23,14,0,47,23,13,40,0,4,13,7,60,18,14,3,0,12,25,6,30,14,31,16,12,13,7,16,13,13,0,2,15,0,22,0,2,15,58,42,4,4,12,20,16,8,2,4,0,7,3,14,2,18,0,14,10,13,6,33,12,3,4,4,5,14,13,9,10,20,21,0,9,21,22,6,9,1,2,13,21,30,10,0,11,16,3,8,5,6,0,0,13,15,10,7,13,3,8,4,5,10,9,8,16,11,4,7,0,20,6,0,8,3,3,9,8,8,8,4,7,18,22,35,17,11,19,15,7,8,2,13,6,0,7,1,9,24,15,25,5,13,9,6,9,8,0,1,7,8,18,18,8,0,18,12,10,6,15,7,2,21,4,0,9,15,2,8,6,18,0,9,29,3,15,7,2,8,22,17,17,10,21,4,8,10,32,17,4,0,13
Srrm2,0,0,0,0,0,0,37,0,0,21,0,11,0,0,0,0,0,0,0,0,0,0,21,0,0,0,0,0,0,0,0,0,0,0,0,0,0,0,7,0,19,9,0,0,0,0,0,0,12,0,0,0,0,0,0,0,0,0,0,0,0,16,0,0,0,0,0,0,7,39,0,0,11,3,14,0,8,0,0,0,8,0,11,0,0,0,0,2,1,0,0,0,0,9,0,0,11,5,14,0,3,13,11,15,0,0,0,0,0,0,0,0,4,18,3,14,0,0,10,0,0,0,0,9,0,0,6,1,0,0,2,18,0,0,0,5,0,10,0,5,0,0,0,0,0,0,15,0,0,13,0,0,0,1,0,0,0,0,0,12,0,0,0,10,0,0,0,0,0,0,2,14,0,0,0,0,0,17,0,0,0,0,0,0,0,0,1,3,0,0,0,13,0,0,0,0,0,0,0,0,0,0,0,0,0,0,0,0,0,0,0,13,5,0,0,0,0,0,0,0,12,13,0,0
Kctd5,4,2,6,6,6,15,0,0,5,14,4,0,0,0,4,0,0,1,4,0,6,3,0,10,0,4,6,10,8,3,0,5,3,0,4,6,0,13,4,4,10,3,2,3,0,3,7,3,10,0,0,4,0,10,7,7,4,0,2,0,4,5,4,0,1,0,2,7,0,0,5,16,9,8,6,4,8,2,2,3,0,0,4,5,2,8,6,0,0,4,7,9,0,7,0,0,2,3,3,3,2,2,2,9,8,8,1,2,4,6,0,0,2,3,7,8,0,2,3,6,0,0,7,0,0,0,3,1,0,10,2,1,0,0,0,0,2,2,1,5,3,0,5,5,0,6,1,0,0,4,0,1,0,3,8,10,2,5,0,8,5,0,4,2,4,0,0,4,1,12,1,5,0,0,0,1,0,1,5,0,0,0,2,4,1,0,0,8,2,5,0,4,3,4,0,4,1,0,0,0,1,2,3,0,4,7,4,1,0,3,0,7,0,5,3,10,0,1,8,4,1,0,0,0
Traf7,0,10,0,3,9,55,37,10,0,18,0,14,3,0,0,5,0,3,9,0,3,7,14,0,4,0,5,2,0,0,16,0,5,0,13,0,14,0,20,0,16,14,0,0,0,0,0,7,7,0,0,0,6,0,13,0,16,13,0,0,14,0,0,8,24,0,0,0,4,27,3,37,35,0,28,0,10,0,0,0,0,0,0,13,11,13,19,5,0,0,0,8,14,20,0,12,0,12,16,11,22,6,4,12,0,4,0,18,10,28,15,0,6,20,6,0,1,0,5,7,0,0,0,0,0,0,10,14,0,14,3,7,0,0,0,0,0,0,5,5,0,0,6,13,0,11,0,0,0,10,9,0,0,0,2,15,0,13,0,14,11,10,0,9,9,13,0,0,0,2,0,6,0,0,12,0,8,6,0,7,0,0,12,10,0,5,0,11,0,6,6,8,2,14,13,0,0,4,0,7,4,9,2,6,12,8,1,7,8,5,6,0,0,15,3,0,0,0,17,17,7,6,0,0
Ndufb10,5,0,10,18,8,66,12,20,6,17,15,5,3,8,31,21,6,0,11,4,8,7,19,4,1,5,33,12,22,3,11,17,9,3,9,20,8,25,51,20,17,17,7,2,7,25,17,23,10,9,11,4,8,15,27,20,14,18,21,7,14,6,0,0,3,0,0,51,11,29,15,30,57,0,7,10,39,15,7,5,0,0,2,7,3,24,30,5,8,14,17,10,15,9,2,17,7,6,14,19,15,9,8,12,3,2,7,30,15,21,6,3,16,17,24,32,5,11,25,1,4,6,0,6,2,9,12,9,1,1,3,13,7,4,2,1,6,13,9,15,1,0,17,30,9,17,8,0,6,9,7,0,0,7,15,18,4,11,5,7,22,8,8,3,24,15,0,8,23,4,8,5,6,1,10,15,0,18,20,2,0,4,7,8,15,9,2,14,17,22,1,36,12,10,16,8,1,12,9,13,4,5,11,7,13,11,9,11,6,9,12,12,3,9,16,16,5,1,43,14,7,7,4,8
Rpl10a,0,0,0,0,0,0,0,0,0,0,0,0,0,0,14,0,0,0,0,0,0,0,0,0,0,0,0,0,0,16,0,13,0,0,0,0,0,0,0,0,0,0,0,0,0,0,0,0,0,0,0,0,0,0,0,0,0,0,0,0,0,0,0,0,0,0,0,0,0,0,0,0,0,0,0,0,0,0,0,7,0,0,0,0,9,5,11,0,0,0,0,0,0,8,0,0,0,0,0,14,0,0,0,18,0,0,0,1,0,0,9,0,9,0,0,0,0,0,2,0,0,0,0,6,0,0,14,0,5,0,0,0,0,0,0,0,0,0,0,0,0,0,0,0,0,0,0,1,0,7,0,0,0,0,0,5,0,0,0,0,0,0,0,0,8,0,0,0,0,0,0,0,0,0,6,0,0,0,8,0,0,0,0,0,0,0,0,0,9,3,0,0,0,0,0,0,0,0,0,0,0,0,0,0,0,0,0,0,0,0,6,11,0,0,0,0,0,0,16,14,0,0,0,0
Hnrnpm,18,4,14,3,0,16,25,19,18,4,1,0,2,0,2,0,0,3,0,0,4,5,7,0,0,0,2,9,20,5,0,5,4,0,3,0,1,9,6,0,5,11,0,0,0,16,12,16,13,0,7,0,0,0,12,0,14,0,11,0,0,8,0,0,0,0,0,6,0,0,11,19,15,0,11,6,27,0,0,7,0,0,0,5,7,3,14,0,0,0,2,9,4,11,0,0,0,2,2,9,0,5,0,9,7,1,0,1,6,6,5,0,2,19,7,4,0,10,5,0,0,0,2,0,0,0,0,0,0,5,0,4,0,0,0,1,0,0,4,0,0,0,19,13,0,4,0,0,3,4,11,0,0,0,4,12,0,1,8,6,8,0,11,3,9,3,0,3,7,1,2,3,6,0,7,11,0,9,4,0,0,7,7,2,0,5,0,4,4,3,0,19,0,0,9,4,0,1,2,2,0,3,0,0,4,13,9,2,0,0,3,7,0,0,6,6,0,0,8,15,10,0,3,1
Brd2,11,12,8,3,7,14,6,11,8,4,13,0,1,0,0,2,0,3,0,0,12,10,1,13,4,1,6,15,10,1,10,6,6,0,0,4,0,19,13,6,3,0,0,0,1,23,6,7,9,2,9,27,0,5,14,6,10,0,19,2,3,1,0,5,3,0,8,19,0,39,0,16,7,5,0,2,14,0,6,5,2,0,8,7,7,5,18,1,2,8,18,0,8,9,0,0,1,7,9,6,7,5,10,5,0,1,0,10,10,5,8,0,4,13,5,2,1,16,9,6,0,0,0,2,0,0,2,1,0,2,1,9,0,0,0,5,4,0,6,5,0,0,12,4,0,4,0,0,0,1,0,0,0,3,0,7,4,3,9,4,9,5,5,9,9,3,1,5,7,11,5,7,6,1,9,1,2,6,16,0,3,0,3,2,2,8,0,6,0,2,0,4,2,2,6,3,4,4,7,4,2,4,4,1,13,2,8,5,1,0,0,10,0,7,6,5,3,0,13,10,5,4,6,4
Prrc2a,0,0,0,0,0,32,10,6,0,0,0,0,0,0,0,0,0,0,0,3,0,0,16,0,0,0,0,7,6,0,2,0,8,0,0,0,0,0,19,3,0,0,0,0,0,15,4,0,0,0,0,0,0,0,15,0,14,7,0,0,7,0,0,0,0,0,1,0,0,0,2,17,0,2,2,0,13,1,0,0,0,0,6,3,6,0,2,0,0,2,0,0,5,4,0,0,1,0,10,0,0,6,0,4,0,4,1,0,0,4,5,0,0,7,0,3,0,11,0,0,0,0,0,0,0,0,0,0,0,0,0,0,0,0,0,0,0,0,0,3,0,1,1,2,0,0,0,0,0,0,0,0,0,0,7,0,4,0,6,0,2,0,8,0,5,0,0,0,0,0,3,5,1,0,5,0,0,0,3,0,0,3,0,0,2,3,0,0,0,10,0,5,0,0,0,0,0,2,3,0,0,5,1,0,0,0,3,0,0,0,0,0,0,6,0,5,0,0,0,3,0,0,0,0
Abcf1,0,9,8,15,3,15,12,8,8,2,9,0,5,3,10,8,1,0,0,0,4,4,14,4,2,12,27,18,13,4,5,10,2,4,9,9,0,5,7,6,0,10,0,0,0,5,9,7,10,0,0,3,1,7,16,0,6,0,1,7,1,21,1,0,3,0,3,0,8,23,12,23,6,9,0,0,8,0,3,8,2,0,4,10,7,3,4,0,0,3,4,6,5,9,4,5,0,5,7,4,3,1,3,4,2,4,4,7,8,16,4,3,5,12,4,0,0,10,6,2,0,1,2,6,0,0,3,0,0,2,0,3,0,0,2,1,2,0,2,2,0,6,3,7,0,6,3,0,0,9,1,0,0,0,3,2,1,1,4,7,1,1,3,10,9,2,0,0,4,6,4,8,5,1,5,1,0,4,4,0,3,0,4,0,2,3,0,3,7,4,2,5,1,4,8,1,2,0,0,2,1,2,1,0,5,10,8,2,2,3,3,3,4,6,9,4,1,0,1,6,5,6,1,4
Tomm6,14,0,24,41,30,60,8,39,4,49,51,23,15,18,36,21,4,21,29,8,38,35,43,49,25,30,86,52,37,18,40,30,30,20,39,0,0,27,26,62,67,37,16,6,17,52,0,15,64,9,18,42,23,71,53,45,38,53,60,22,38,20,22,12,29,0,0,45,34,135,28,8,87,43,54,35,46,41,10,41,24,10,28,28,24,51,49,11,38,32,38,49,36,33,25,21,19,45,57,32,47,30,10,27,14,40,12,64,40,41,18,19,29,43,48,39,20,20,12,29,22,14,24,21,16,28,38,20,28,16,14,15,11,5,7,5,28,32,29,7,4,17,41,15,17,37,38,23,14,16,16,19,28,18,71,27,9,35,19,41,14,5,10,12,42,34,29,12,40,19,57,29,18,8,23,12,6,44,37,7,22,34,23,41,0,31,0,26,27,34,15,34,22,19,24,23,9,9,44,16,10,24,24,17,27,52,28,12,16,19,12,30,26,22,46,48,17,27,45,60,36,6,3,3
Srsf7,30,0,9,0,0,13,5,0,25,0,13,33,0,0,0,34,0,3,0,0,0,0,0,0,0,0,36,0,37,0,0,28,0,0,0,0,0,49,56,0,9,0,0,0,0,0,10,0,45,0,13,46,0,0,0,31,0,0,54,0,0,32,0,0,0,3,0,41,0,0,4,0,0,0,0,0,11,0,0,27,0,0,5,0,27,5,7,0,0,0,0,0,0,23,9,0,0,8,11,24,0,4,2,0,8,0,0,0,0,32,21,0,15,21,13,2,0,25,0,1,0,0,0,0,0,0,0,0,6,16,0,15,0,0,0,0,0,7,34,0,0,0,14,0,0,4,0,0,15,42,0,0,0,5,0,0,7,0,13,33,0,0,3,0,0,2,0,19,0,0,0,20,9,0,19,0,0,22,29,0,0,12,0,0,0,0,0,22,0,0,0,25,0,0,12,0,0,0,0,16,0,5,16,0,0,35,25,0,0,0,0,42,0,0,22,33,0,0,0,13,0,0,0,9
Impact,8,0,0,0,0,0,0,21,0,13,27,0,15,0,0,5,0,0,0,0,0,9,13,10,0,0,0,0,22,7,8,4,0,0,0,0,0,10,10,0,0,0,0,0,7,13,30,0,0,13,5,18,0,29,0,0,0,0,0,0,13,0,0,0,0,0,0,0,11,63,16,21,24,0,0,6,0,6,0,0,0,0,0,0,7,11,0,0,0,20,0,11,7,6,0,17,4,16,0,12,0,5,12,5,9,14,0,7,7,0,7,1,12,0,16,0,0,4,14,6,0,0,0,0,0,0,0,10,3,0,4,6,0,0,0,5,0,5,0,6,0,0,0,10,8,11,10,10,0,0,10,0,3,0,9,12,0,0,7,0,0,8,0,3,0,11,0,5,11,3,0,0,4,0,0,0,0,0,0,12,0,0,0,0,0,3,5,0,0,16,0,5,0,8,0,0,2,6,8,1,0,5,7,4,18,0,0,6,7,0,0,0,0,1,4,0,0,0,13,12,9,0,5,4
Ino80c,1,0,1,3,0,0,4,0,5,1,0,1,1,0,0,5,0,0,3,0,0,0,2,0,1,3,4,2,9,2,2,3,0,0,1,0,0,2,6,0,1,4,2,1,4,0,0,3,3,0,5,2,0,3,4,0,0,1,2,7,0,0,1,0,1,0,0,0,1,0,10,9,0,3,2,2,1,0,0,0,0,0,1,0,0,0,0,0,6,1,3,3,2,3,0,3,3,0,4,2,0,0,0,1,4,0,0,0,0,7,3,0,3,6,6,4,1,1,0,0,0,0,0,6,0,0,0,0,4,4,2,0,0,0,0,0,1,0,0,1,0,0,2,0,0,0,0,2,0,0,0,3,0,2,4,2,1,0,0,0,0,2,0,5,1,3,0,3,0,4,0,0,0,0,4,0,1,3,1,0,0,0,2,0,0,2,2,1,0,0,1,0,1,3,3,3,0,0,3,3,3,3,1,0,4,0,0,0,0,2,0,5,0,0,0,2,0,1,0,0,0,0,0,0
Wdr33,1,0,2,0,4,0,0,2,5,6,9,0,1,0,1,4,0,0,2,4,7,3,0,0,0,0,4,2,0,3,0,0,3,0,1,0,0,11,8,3,2,0,0,0,0,0,0,2,0,0,0,0,0,3,0,0,0,0,0,0,0,1,0,0,5,0,0,0,0,1,0,7,10,0,0,0,10,0,0,1,0,0,0,0,3,4,5,1,0,0,6,1,6,4,3,0,0,0,0,4,3,0,1,0,5,3,0,1,0,1,3,0,2,1,5,0,0,1,3,1,0,0,0,0,0,2,0,0,0,0,0,0,0,4,0,0,0,0,0,8,0,0,0,2,0,0,3,1,0,3,0,1,0,1,5,2,0,3,0,0,6,3,3,2,2,1,0,1,4,3,0,7,3,0,4,1,0,5,1,0,0,7,3,1,2,0,0,4,2,0,0,0,0,0,3,5,0,6,0,1,1,6,0,0,0,4,0,0,0,1,0,3,2,2,4,0,0,0,5,6,2,8,4,5
Matr3,0,11,2,2,9,20,14,0,5,5,11,0,0,0,6,0,0,0,8,0,5,0,21,15,0,0,2,4,0,0,1,0,3,0,0,0,0,0,13,0,0,4,10,0,0,0,0,0,0,0,0,0,0,0,12,0,0,0,0,0,0,0,0,0,15,0,0,0,0,19,0,0,30,1,0,0,0,0,0,0,0,0,8,0,0,8,0,0,0,2,8,0,0,10,0,11,4,10,5,4,3,6,6,0,9,8,3,6,1,0,9,0,2,0,27,4,0,3,3,0,0,0,4,1,0,0,0,0,2,9,0,0,0,1,0,0,0,0,12,0,0,0,8,4,0,0,9,0,0,9,4,0,0,0,0,8,2,6,0,3,0,0,0,4,4,0,0,0,0,3,0,7,0,0,6,0,5,0,12,0,1,1,7,0,2,0,0,2,2,7,2,0,0,3,9,11,0,2,2,4,0,0,3,0,7,2,3,0,0,0,5,0,0,2,0,0,3,0,0,0,0,0,7,7
Ik,2,0,8,7,5,2,19,22,15,18,1,2,4,3,11,2,0,2,2,0,11,3,14,0,0,6,21,5,11,5,1,8,0,0,2,0,2,12,2,16,4,2,3,0,0,11,12,5,6,2,10,3,0,7,2,3,4,1,9,0,7,0,0,0,2,0,0,0,0,25,9,8,7,0,0,2,13,3,1,2,0,0,12,0,6,8,7,0,0,0,10,0,5,8,1,5,1,0,9,1,2,2,18,3,3,2,0,11,13,8,11,0,10,8,7,10,0,7,7,0,0,0,2,0,0,0,4,1,0,2,4,4,0,0,0,1,0,0,4,2,0,0,5,9,0,12,5,0,1,7,2,0,1,0,4,8,1,6,6,4,1,3,7,6,5,2,0,6,4,10,6,4,5,0,9,0,3,5,7,0,0,2,6,7,4,2,3,2,2,6,1,6,2,1,12,4,0,7,7,1,2,1,3,2,8,9,4,2,0,5,14,7,1,3,10,5,0,0,8,11,4,0,0,4
Ppic,9,11,11,6,2,16,39,7,10,10,20,7,2,7,15,14,0,3,7,1,3,7,8,6,0,7,30,10,17,14,17,9,16,0,7,0,6,16,35,3,8,14,16,2,6,0,14,2,8,5,18,16,5,26,18,11,9,0,9,0,5,17,0,0,18,1,0,14,1,6,11,24,9,7,10,8,29,0,6,12,2,0,19,5,10,11,11,0,1,10,14,6,15,12,0,2,1,6,1,11,4,5,1,6,2,3,0,5,4,8,10,2,10,3,8,5,2,7,19,6,0,5,10,3,2,0,10,3,3,6,2,3,1,0,1,0,3,11,8,0,2,0,11,13,0,3,7,1,9,10,1,0,0,3,14,7,5,0,1,6,4,3,8,10,4,5,3,4,5,8,9,6,1,2,3,4,1,11,8,0,1,6,2,6,7,6,1,16,10,7,4,2,1,12,15,9,2,5,4,10,5,1,5,3,11,4,9,2,3,5,6,3,3,6,2,13,2,1,17,21,4,3,3,3
Prrc1,1,15,4,0,9,16,0,10,0,3,7,1,5,0,7,2,0,5,2,0,4,0,3,12,0,5,2,7,8,2,4,10,4,0,0,9,7,0,0,6,9,0,0,2,0,10,5,3,1,0,6,0,6,0,2,5,0,7,0,4,1,0,0,0,6,0,0,2,6,24,0,15,16,9,0,7,4,0,4,2,0,0,4,4,0,12,7,0,0,0,4,4,7,8,0,0,0,6,5,17,9,6,0,3,0,9,0,1,4,9,8,0,14,6,12,0,0,0,8,13,0,2,0,0,0,0,11,0,0,3,1,1,0,0,0,0,0,7,0,0,0,1,1,7,1,5,0,7,4,2,2,3,0,0,10,5,7,3,11,4,4,3,3,2,8,13,1,4,4,2,0,0,0,1,5,0,0,2,0,0,2,0,1,2,0,2,0,7,4,7,3,0,0,3,3,4,4,7,3,6,4,1,2,0,6,3,6,5,2,0,0,10,0,3,2,1,0,0,5,12,3,4,0,1
Lman1,10,18,5,4,11,36,27,20,17,17,8,5,6,6,36,14,1,3,4,9,31,13,21,11,5,8,34,15,15,7,29,17,13,2,5,6,8,14,29,22,16,1,1,6,2,40,16,32,22,0,9,25,6,42,9,12,14,9,12,7,13,13,2,5,12,1,1,52,0,21,5,46,15,8,8,19,15,7,3,5,0,1,20,7,15,3,21,0,8,12,5,6,8,15,1,21,4,13,15,3,24,12,9,0,0,20,0,5,13,15,12,9,23,27,15,15,2,9,15,2,0,0,7,6,0,0,8,0,13,15,3,8,0,0,4,3,0,9,8,9,2,3,5,10,3,6,10,1,15,15,3,0,2,2,17,17,21,4,15,4,4,7,9,4,12,9,6,4,8,16,9,5,8,2,11,6,0,14,9,0,0,4,7,5,1,9,1,10,15,10,5,11,8,6,9,7,3,4,8,2,7,18,7,0,19,22,5,3,1,15,10,18,5,4,15,19,0,3,15,19,12,16,1,2
Txnl4a,23,30,24,9,20,29,13,21,5,21,34,15,16,8,16,16,3,5,6,0,13,44,41,59,3,18,46,44,32,12,27,13,5,21,20,28,1,26,38,23,35,21,29,3,8,57,16,55,28,9,9,33,16,33,28,18,23,14,19,0,26,20,10,2,13,15,3,40,7,34,33,48,53,20,16,22,45,14,3,22,6,0,13,15,19,21,31,8,17,20,26,19,31,28,11,16,10,8,24,19,12,23,30,25,17,17,2,27,21,24,13,3,31,27,33,32,4,12,15,7,2,0,7,7,3,9,15,25,4,9,10,11,0,2,1,17,2,17,18,6,5,4,24,19,14,29,19,4,7,15,10,5,3,6,22,25,21,10,11,16,28,21,18,28,29,8,7,15,26,20,12,9,9,1,42,15,0,21,35,3,5,8,21,20,22,23,4,24,21,13,9,30,9,19,21,14,13,21,24,23,7,20,11,8,36,33,29,18,20,7,13,28,8,15,24,40,4,2,22,41,23,11,1,6
Cd248,46,22,3,0,0,25,0,16,18,20,16,0,0,29,24,12,0,0,0,0,10,0,10,17,0,36,0,20,7,9,22,4,0,0,0,0,0,22,0,15,12,0,0,0,5,0,1,0,9,0,16,7,0,9,20,17,0,0,0,0,15,0,0,0,56,0,8,53,6,8,34,12,10,0,3,0,0,0,0,10,0,0,14,0,9,15,5,0,0,9,15,12,10,12,0,11,0,0,3,21,3,20,8,0,3,24,0,17,9,5,0,0,12,17,11,3,0,20,28,4,0,0,0,1,0,3,10,0,0,5,0,3,0,0,0,0,0,8,0,0,0,0,6,25,7,15,0,5,0,8,2,0,2,0,27,6,5,13,0,0,0,8,13,1,1,0,0,3,7,2,0,9,19,0,17,0,0,8,0,0,0,0,4,0,18,0,0,26,1,10,0,14,1,0,0,3,0,0,0,0,0,9,9,4,12,13,15,22,0,0,2,10,0,0,20,4,0,0,17,3,7,0,0,9
Yif1a,22,0,0,0,0,0,0,0,0,0,0,0,0,0,49,0,0,0,0,0,0,0,0,0,0,9,0,0,0,0,0,14,0,0,0,0,0,0,22,0,29,0,0,0,0,0,0,0,0,0,9,24,9,0,14,0,0,0,0,0,0,0,0,0,0,0,0,0,0,0,14,0,35,0,0,0,0,0,0,0,0,0,23,0,11,0,0,0,0,0,0,11,0,0,0,0,0,0,0,0,0,0,0,0,0,19,0,0,0,0,0,0,0,0,0,0,0,0,0,0,0,0,0,0,0,0,0,0,0,0,3,0,0,0,0,6,0,0,0,0,0,0,0,15,0,34,0,0,0,15,0,8,0,0,0,0,0,0,0,8,0,0,14,0,0,11,5,0,0,0,0,0,0,0,0,0,0,0,0,0,0,0,0,0,0,13,0,0,0,0,0,0,0,13,0,18,0,0,16,0,0,0,0,0,0,0,0,0,0,0,0,0,0,0,32,0,0,0,0,0,17,0,0,7
Sf3b2,22,16,13,0,0,15,0,11,0,0,28,7,17,12,4,19,0,4,15,0,4,9,23,0,0,45,12,5,12,4,31,13,3,0,0,0,12,30,0,3,12,14,0,7,0,9,16,26,5,0,0,4,0,32,51,3,20,0,0,0,7,23,5,0,12,0,2,46,13,42,0,29,18,5,10,0,30,6,0,15,0,0,11,7,7,13,17,0,0,0,8,0,24,18,3,15,6,6,10,12,8,21,11,16,0,4,0,11,7,14,4,0,23,19,29,11,0,0,0,5,0,0,0,0,0,0,1,0,0,12,0,9,0,0,0,8,0,0,9,6,0,0,20,3,0,2,10,0,0,15,7,0,0,0,14,0,3,0,17,7,18,8,0,14,4,6,0,6,19,5,5,11,20,0,0,0,7,4,24,0,3,0,12,2,8,11,4,33,5,13,0,11,6,3,26,11,0,7,24,8,0,5,0,7,7,10,11,6,0,2,5,14,4,2,16,10,0,0,4,7,17,18,3,0
Fosl1,0,17,0,0,0,11,0,0,0,10,9,7,0,3,0,0,2,0,7,0,11,10,0,0,0,0,5,2,2,8,3,0,0,0,0,0,0,2,22,0,0,0,0,0,0,0,0,0,0,0,0,0,0,23,4,0,7,0,0,0,14,0,0,0,0,0,0,0,0,13,0,16,0,0,5,0,5,0,0,0,0,0,4,0,0,0,1,0,6,0,11,0,5,3,0,0,5,2,0,1,3,2,4,3,0,4,0,0,5,3,14,0,9,10,8,0,0,8,4,0,0,3,4,0,0,0,0,2,0,7,0,4,0,0,0,0,0,0,0,7,0,0,5,2,0,0,1,2,0,0,0,0,0,5,0,1,11,8,0,0,0,8,0,4,6,3,0,2,6,4,0,0,2,0,14,0,0,0,8,0,1,0,2,0,0,2,0,0,0,0,0,0,0,0,0,0,0,0,0,0,2,0,3,0,0,4,2,2,0,0,0,3,0,0,0,0,0,0,0,14,3,0,0,0
Fibp,6,3,0,8,4,11,6,6,1,10,2,5,1,3,4,0,0,0,0,1,2,0,14,3,3,0,3,4,2,4,2,1,2,0,8,0,4,4,0,3,2,6,1,0,0,1,2,5,3,2,0,1,0,7,7,0,7,0,2,2,7,3,2,0,6,0,1,7,0,12,0,8,3,5,13,0,0,0,0,5,0,0,10,4,4,0,2,1,5,6,6,3,4,2,2,17,0,4,4,3,4,4,5,3,2,4,0,7,3,5,6,0,4,0,3,3,1,3,8,7,4,4,0,2,1,4,7,2,5,4,0,0,0,3,2,2,4,2,2,5,0,4,7,3,6,2,5,0,0,1,0,4,2,2,4,7,2,5,5,0,3,9,1,8,7,6,1,2,8,1,10,0,1,1,4,2,2,0,6,5,2,3,4,1,11,2,0,8,6,0,6,4,4,6,0,0,0,7,4,2,2,5,0,6,5,9,6,2,2,2,6,8,1,7,6,2,2,0,5,5,12,5,4,0
Ltbp3,10,16,3,5,4,11,3,0,4,11,9,5,7,16,6,8,5,3,7,0,5,9,10,2,3,16,3,7,15,4,8,12,7,0,4,13,5,12,7,1,3,2,0,0,0,8,10,8,2,2,5,1,1,31,5,11,6,0,0,0,9,4,3,1,6,5,0,18,4,28,2,12,3,1,9,10,7,0,2,5,0,0,3,0,8,11,7,2,5,2,14,1,11,5,2,9,3,2,7,11,5,6,9,1,4,15,0,2,5,3,6,0,7,11,14,5,0,1,4,2,3,0,2,3,0,1,3,8,0,4,2,1,0,0,2,1,0,5,5,6,1,0,5,11,4,5,4,0,2,5,0,1,2,2,8,4,2,0,5,6,8,6,2,6,5,5,0,2,8,4,7,2,8,0,5,0,0,2,3,2,5,0,1,0,3,4,5,4,4,1,1,5,3,6,8,8,1,4,8,4,2,11,3,3,4,4,3,6,2,0,3,12,0,2,8,5,4,2,6,13,9,8,8,3
Stip1,6,11,15,10,8,7,10,1,6,12,17,8,12,18,14,3,0,6,10,3,13,18,11,2,0,5,24,20,7,17,17,6,6,0,2,6,1,15,7,3,4,8,0,0,0,1,11,8,14,2,10,2,0,12,7,12,25,5,15,1,0,17,3,0,6,0,8,0,0,19,7,46,16,2,0,8,26,5,0,15,0,0,10,1,7,3,24,0,7,7,18,2,2,12,7,2,4,3,12,8,4,21,2,9,6,11,0,8,9,12,9,0,11,13,16,20,0,11,11,2,4,0,9,2,0,3,0,5,0,7,0,7,2,1,0,0,0,3,5,3,0,0,9,1,3,32,2,3,2,8,6,0,0,1,22,9,4,11,0,7,6,4,14,10,17,5,1,3,10,2,6,9,6,0,4,2,0,9,3,0,2,7,4,1,5,8,0,3,5,9,0,10,5,9,11,5,0,2,7,2,4,8,2,3,11,18,11,2,1,1,5,11,2,9,6,17,0,0,12,15,6,3,0,2
Eef1g,4,23,0,0,6,49,37,0,0,10,0,0,6,12,30,8,0,0,14,0,4,12,5,12,0,0,20,3,20,0,0,0,12,3,0,0,0,9,0,9,12,7,0,0,0,22,0,22,36,0,0,0,0,17,13,0,12,0,10,0,8,0,0,0,0,0,2,24,3,0,9,55,46,0,0,14,0,0,0,2,0,0,0,8,4,9,8,0,0,0,8,0,10,0,9,11,0,0,0,23,0,0,0,20,7,9,0,12,10,21,3,0,3,12,13,22,0,4,5,30,0,0,0,0,0,0,0,0,0,0,0,11,0,0,0,0,0,6,0,0,0,0,11,14,0,11,7,0,0,8,0,0,0,4,24,26,0,0,0,19,8,0,0,20,7,0,0,2,2,5,7,6,5,0,0,0,0,2,0,0,0,10,0,0,0,11,0,7,19,15,0,14,0,4,13,9,12,6,2,3,5,0,11,0,19,4,0,11,0,0,0,0,0,0,5,26,0,0,2,7,4,0,0,0
Fads3,2,24,1,0,16,0,20,0,4,5,4,2,11,4,6,1,0,4,0,0,8,0,6,11,5,11,12,5,13,10,10,10,3,0,8,15,1,13,0,0,8,8,11,0,0,0,7,14,0,0,0,0,3,0,6,0,1,0,4,0,3,1,0,0,8,6,0,9,17,0,2,9,19,10,0,5,6,9,0,0,0,0,1,6,0,0,11,1,5,4,5,0,4,0,11,9,4,0,11,8,5,5,0,6,8,0,0,3,8,6,1,0,6,0,11,0,0,0,3,4,7,0,0,0,0,0,0,0,0,5,0,3,0,0,1,0,3,11,0,7,0,0,5,9,0,4,2,0,0,3,0,0,2,0,2,9,15,0,0,14,2,9,2,2,4,3,3,3,9,7,5,5,4,0,0,0,0,5,5,0,0,0,0,0,4,0,0,0,0,10,0,5,0,7,5,0,0,0,4,0,3,11,1,0,3,34,6,1,0,0,0,7,1,0,2,4,0,0,0,15,15,0,1,0
Scd2,19,19,2,0,9,45,27,28,0,12,3,0,2,3,34,24,0,11,9,0,0,2,25,0,0,19,1,25,2,27,26,4,21,0,0,3,4,7,4,19,17,10,0,5,8,11,20,0,0,2,15,0,0,24,36,0,0,0,9,26,9,5,7,0,38,4,2,12,6,30,6,40,0,6,14,0,9,15,0,2,0,2,36,3,9,13,17,2,5,22,16,2,5,21,0,4,0,8,24,4,11,0,0,3,5,2,0,3,22,13,10,7,9,0,15,24,5,17,20,0,0,0,8,7,0,0,7,7,4,17,0,14,8,0,0,0,0,13,9,10,0,0,13,22,0,26,10,3,6,14,18,11,10,13,8,19,4,6,26,11,10,3,4,8,4,9,0,11,10,11,0,0,1,0,2,8,4,7,8,0,7,4,10,3,20,0,0,26,11,10,4,1,15,7,14,6,10,9,8,9,15,13,14,0,12,24,0,0,11,10,7,4,12,0,5,38,0,5,0,18,11,4,17,7
Sfxn3,0,17,0,0,8,10,11,7,4,7,6,3,1,5,3,3,0,4,2,0,5,2,5,9,2,0,10,6,4,3,0,8,4,0,6,8,0,5,1,2,5,4,0,6,0,17,5,1,8,0,6,6,3,25,17,2,1,0,7,3,4,0,0,2,3,0,5,4,4,20,4,16,1,5,10,0,0,5,3,9,0,0,0,0,2,10,4,0,1,4,8,9,4,5,3,3,0,1,3,10,4,6,3,7,0,15,0,15,4,4,0,0,5,1,5,11,0,2,2,3,0,0,0,4,0,0,11,6,0,4,0,0,0,0,4,2,0,7,4,6,0,0,5,4,0,3,0,3,3,3,1,0,0,1,9,5,2,4,4,1,5,5,1,2,6,1,1,2,5,5,2,2,2,0,0,3,0,1,6,0,3,0,2,3,2,2,0,5,1,3,2,4,0,4,6,3,8,2,10,3,3,4,4,0,2,7,0,2,0,0,0,4,0,7,1,5,0,1,7,4,3,7,0,3
Dnlz,5,13,12,8,0,7,3,13,11,15,5,6,5,10,0,3,0,0,0,3,8,15,8,14,3,15,31,3,5,2,4,3,10,0,4,1,0,6,3,8,3,16,0,5,0,20,5,10,25,5,2,8,1,7,8,1,5,0,7,0,10,6,2,0,4,5,6,10,0,19,6,1,15,7,13,4,1,1,9,6,3,4,4,6,2,20,4,8,7,6,4,8,13,8,2,2,0,6,9,14,2,4,8,12,2,11,3,2,8,13,7,1,5,1,14,5,1,7,9,3,1,0,0,9,0,1,4,3,2,4,1,1,0,0,0,0,2,2,6,3,2,0,5,7,2,5,7,5,8,1,2,5,1,2,7,7,0,1,5,5,6,1,2,4,5,4,0,1,9,8,5,3,5,0,0,1,2,3,8,6,2,0,8,0,9,6,0,6,1,6,3,6,2,5,2,2,3,2,1,0,3,6,2,1,7,2,3,4,0,4,0,10,4,4,6,17,3,0,11,4,7,3,0,3
Set,4,3,0,0,0,12,9,3,4,7,2,2,2,2,11,7,0,3,0,0,5,4,0,0,0,0,4,3,0,12,7,3,0,0,0,7,0,3,3,4,2,12,0,0,0,7,0,8,11,0,2,1,0,0,6,9,0,0,10,0,0,7,0,0,3,0,0,5,3,4,6,19,11,0,0,3,7,0,0,5,0,0,0,0,7,3,6,0,0,0,1,0,5,7,0,9,0,1,2,4,0,4,0,0,1,5,0,2,0,4,6,0,0,16,4,7,0,1,3,0,0,0,0,2,0,0,4,0,0,2,0,3,0,1,0,0,0,6,4,0,0,0,0,0,0,0,0,0,0,6,0,0,0,0,0,0,2,3,0,10,6,0,9,0,0,0,0,0,7,4,0,5,0,0,7,0,0,4,0,0,0,0,1,0,0,8,1,5,0,0,2,4,0,4,7,5,1,2,2,7,1,2,0,0,4,0,6,0,0,0,0,0,1,0,0,6,0,0,2,4,11,0,0,2
Rab14,17,9,0,10,3,35,29,15,5,5,0,0,10,4,14,14,0,0,2,0,21,5,15,6,7,6,12,29,16,0,17,3,2,0,0,30,0,14,3,0,19,9,0,6,0,20,8,12,30,6,0,15,0,9,16,8,6,15,0,16,14,0,4,0,0,0,0,0,0,39,14,18,3,20,3,0,0,17,8,10,2,1,10,3,2,10,10,5,14,14,7,1,18,3,0,18,11,7,20,3,19,0,19,3,14,6,0,16,16,19,12,0,4,12,13,22,4,1,9,4,0,0,0,18,0,0,11,10,9,2,0,12,8,5,0,4,2,2,14,16,6,0,7,0,0,4,0,11,5,15,6,0,1,1,6,8,4,0,6,4,2,13,2,6,2,5,0,10,10,9,17,0,12,0,12,4,0,13,25,0,7,5,10,16,10,10,1,7,3,12,12,21,0,8,0,9,0,4,5,10,2,4,14,9,6,4,5,8,2,0,6,14,0,15,19,15,0,1,7,8,14,2,0,6
Ndufa8,14,23,36,0,11,24,0,20,15,50,28,5,16,6,4,28,4,14,25,0,5,16,18,21,1,12,81,12,9,22,9,7,6,28,0,40,0,17,0,17,0,0,3,11,0,16,13,25,6,10,4,6,9,31,4,17,5,9,41,8,11,14,1,0,36,0,0,20,23,3,20,46,14,4,21,18,25,10,8,13,3,0,21,18,22,20,25,0,8,14,8,3,27,18,5,15,1,4,27,24,17,14,17,16,4,2,19,19,30,11,8,4,21,18,21,19,3,9,9,5,3,0,3,4,1,4,5,6,4,13,7,15,3,1,0,5,8,23,10,8,4,2,17,16,0,24,22,6,2,11,1,4,0,4,13,25,17,4,11,16,5,11,14,13,11,4,9,4,10,13,6,8,9,9,19,11,4,20,34,0,6,4,16,14,13,12,4,19,0,14,14,12,4,15,15,9,2,10,15,10,2,6,19,15,24,32,10,0,5,1,13,28,13,8,14,14,0,1,11,13,2,4,8,0
Prpf40a,0,0,0,0,8,7,0,0,0,0,14,5,0,0,0,0,0,0,0,0,6,6,6,16,0,16,0,8,3,9,8,12,5,4,9,25,0,0,33,0,0,13,3,0,0,10,7,0,0,0,5,0,0,11,8,0,3,6,0,0,0,0,0,0,22,0,0,0,0,24,1,31,5,0,0,0,23,0,0,7,4,0,6,4,8,8,4,3,4,7,13,4,5,9,6,10,6,11,8,5,0,9,16,12,0,18,0,6,13,7,16,0,5,3,8,1,0,12,13,7,0,0,7,6,0,0,10,10,5,4,0,7,0,3,1,6,0,2,6,0,0,0,4,4,0,0,4,6,12,13,0,0,0,0,15,8,7,8,0,13,21,0,5,4,9,1,0,11,2,14,6,0,0,2,7,0,0,5,11,0,0,0,0,0,0,22,0,4,6,3,5,13,0,23,9,4,10,5,0,8,5,0,15,3,2,25,9,4,0,5,0,1,0,12,21,8,1,0,5,5,21,0,4,3
Ssb,9,3,13,6,4,13,18,6,27,11,5,13,4,3,29,5,0,4,0,0,11,12,2,4,0,0,46,15,24,5,11,17,6,0,13,14,0,30,18,4,12,16,0,0,0,26,0,10,12,0,0,12,0,6,11,17,1,0,9,0,0,9,0,0,12,0,0,14,4,13,0,24,14,0,6,0,0,0,0,7,0,0,8,4,18,1,8,4,1,11,5,0,10,11,0,1,0,2,11,10,11,7,9,5,1,2,0,4,12,12,8,2,7,14,12,7,1,10,8,9,0,2,5,2,1,0,14,4,0,10,0,9,0,0,0,0,2,5,6,2,7,0,0,7,0,18,8,11,6,8,7,0,0,2,18,6,4,4,4,7,1,8,1,0,17,12,0,7,13,5,6,5,13,0,9,5,0,2,7,0,0,0,15,0,5,5,0,24,9,2,0,10,0,4,10,0,5,11,12,6,7,5,13,7,3,14,11,2,2,1,4,11,0,2,7,11,0,0,8,9,5,3,1,0
Dync1i2,24,15,8,0,3,33,0,14,0,27,12,0,12,7,29,0,0,0,0,0,23,3,0,17,0,23,15,6,0,0,4,0,8,14,4,0,5,2,11,6,31,0,0,0,0,23,23,0,14,0,0,0,6,11,0,7,20,0,10,0,16,10,0,0,4,0,0,8,0,5,20,13,32,23,6,0,10,10,0,8,0,0,0,0,0,14,8,0,0,0,15,21,18,11,3,0,0,0,12,8,4,0,0,0,0,14,0,6,4,0,11,0,18,19,0,16,0,0,10,0,0,0,3,0,0,0,4,0,0,0,0,6,4,0,0,0,0,9,0,11,0,0,9,15,1,10,9,4,12,8,0,0,0,0,0,20,0,8,6,9,5,0,7,5,2,16,0,12,14,2,0,4,17,0,0,0,0,11,11,0,0,0,5,0,5,0,5,10,0,1,9,4,0,0,13,7,7,4,19,6,5,8,4,5,0,0,3,0,0,10,11,11,7,0,12,2,0,0,7,0,0,0,7,0
Atp5g3,14,5,13,6,3,40,34,17,17,29,31,9,9,7,37,16,0,3,13,4,26,14,31,29,0,30,52,22,26,9,17,11,7,9,0,20,10,41,12,22,27,11,1,12,9,38,14,27,12,7,7,45,1,35,35,32,24,5,21,16,9,17,10,0,34,0,0,9,2,15,21,23,39,31,19,6,31,11,6,14,9,11,8,14,8,20,22,6,6,15,19,3,12,23,2,23,17,17,23,12,24,15,7,8,6,10,3,16,15,20,21,0,17,14,22,19,6,17,9,12,12,8,11,11,8,12,16,24,6,10,15,12,8,1,4,4,10,9,13,0,5,0,12,8,1,7,10,8,6,12,17,8,1,7,4,11,1,7,10,12,9,7,18,14,13,8,5,7,12,20,20,4,9,5,10,5,5,17,12,0,3,14,12,13,4,10,6,4,15,3,4,8,7,9,7,12,11,15,8,16,4,4,10,5,11,23,14,6,4,7,8,22,8,9,5,18,13,9,8,24,18,30,8,6
Tfpi,10,12,2,13,3,43,18,26,14,12,4,6,6,10,6,0,0,0,0,0,0,13,4,9,5,18,15,10,0,5,13,0,0,5,0,5,5,0,0,0,6,0,4,2,4,13,0,10,7,5,2,0,9,3,31,12,3,0,17,6,7,13,0,3,10,0,6,11,0,6,0,38,15,7,22,0,5,0,3,15,0,0,7,2,6,6,13,2,9,13,0,9,10,10,0,6,3,5,11,4,12,2,0,6,0,11,2,8,12,4,6,3,9,16,9,11,0,0,7,1,5,0,0,2,1,1,9,15,0,11,0,9,0,0,3,1,1,12,10,5,0,2,11,2,4,0,1,4,7,11,0,0,0,4,5,3,0,3,8,15,2,0,11,5,0,4,0,5,9,9,3,0,8,4,3,3,0,3,8,0,3,10,6,1,9,0,1,5,6,0,6,13,1,6,12,1,2,3,10,1,3,4,10,2,3,9,0,0,5,1,0,6,7,2,10,19,0,0,0,14,0,5,4,2
Ctnnd1,0,0,0,0,0,0,0,7,0,0,0,0,0,4,0,0,0,0,0,4,0,0,0,0,0,10,5,3,2,0,0,13,3,0,0,0,0,0,0,0,0,0,16,0,7,0,0,0,0,4,5,7,0,0,1,0,0,0,6,1,0,2,0,0,0,0,0,0,2,0,0,9,8,8,0,5,11,0,0,0,0,0,0,0,0,4,8,0,0,0,4,3,1,0,1,0,0,2,1,0,5,0,4,8,1,10,0,3,0,0,2,2,0,1,2,0,0,0,2,1,0,2,0,4,0,0,0,1,0,0,0,0,0,0,0,0,0,4,7,0,0,0,3,0,1,0,5,0,0,0,0,0,0,0,9,6,0,0,1,0,0,0,0,1,5,0,5,0,0,0,2,0,0,0,0,0,0,0,8,3,0,0,0,0,4,0,0,5,1,0,0,0,0,0,0,12,4,2,0,0,9,6,0,2,0,0,0,0,0,0,0,3,0,5,5,6,0,0,3,3,0,2,9,0
Ssrp1,1,4,3,0,0,23,0,7,4,0,2,5,2,3,5,7,1,3,0,0,6,5,3,0,0,12,2,5,6,0,0,9,1,2,9,4,8,13,15,2,4,1,9,0,0,4,2,0,12,4,1,1,0,3,1,0,5,0,14,0,0,6,0,0,22,0,0,8,0,1,0,9,12,6,13,4,14,0,2,1,2,0,2,3,1,4,4,0,1,0,2,5,3,6,0,6,4,0,2,4,0,4,0,4,1,5,3,6,3,6,8,0,4,6,3,6,0,3,6,0,2,0,6,0,1,5,0,2,1,5,0,2,0,2,0,1,3,3,9,0,0,0,7,10,2,8,8,3,4,4,1,1,2,0,6,1,0,0,0,7,3,0,3,4,4,9,2,0,6,5,5,2,2,0,2,0,0,4,8,1,0,1,11,1,3,10,2,4,4,4,2,8,0,2,11,8,0,5,0,5,0,3,0,0,6,13,5,2,0,1,0,1,1,1,8,6,0,0,5,1,6,10,0,4
Caprin1,10,11,32,10,28,56,16,7,7,0,15,9,10,0,0,5,2,0,0,2,4,3,16,13,2,5,13,6,6,12,31,9,11,1,3,23,8,23,19,0,3,11,15,9,4,7,24,21,17,1,7,10,11,19,23,5,5,18,18,0,14,0,7,0,24,3,1,17,6,16,6,15,28,0,0,0,3,8,0,26,2,2,3,14,10,17,7,5,10,21,11,10,17,15,0,5,6,8,26,15,7,5,32,8,14,12,0,23,16,26,13,0,15,17,27,25,0,25,18,8,0,4,4,11,0,4,0,6,0,5,8,21,7,0,13,0,4,2,12,3,0,0,19,18,7,11,0,0,9,6,2,3,3,3,5,17,8,3,8,11,3,8,6,12,8,2,0,14,12,14,0,3,12,0,18,0,5,8,13,0,0,7,11,0,13,0,4,8,6,16,4,22,5,3,27,26,17,10,10,8,3,15,11,5,12,24,11,7,2,0,4,18,1,6,9,19,2,3,16,16,12,0,0,7
Eif3m,5,4,0,11,11,24,14,0,0,14,33,8,8,0,22,0,0,9,5,0,0,9,12,0,2,0,11,10,12,12,8,0,2,0,13,12,0,0,0,11,25,21,0,0,0,24,0,0,6,0,0,6,0,18,11,0,10,0,16,0,0,9,2,0,0,0,0,0,0,2,11,2,5,15,0,0,10,9,3,5,0,1,1,2,8,3,5,0,0,6,3,5,0,12,2,0,5,3,7,6,1,2,15,13,0,8,0,12,21,16,2,0,5,13,5,6,0,9,4,2,0,0,7,4,0,1,0,6,0,3,0,0,1,0,0,0,0,4,0,12,0,0,3,13,0,14,0,9,2,11,4,0,0,0,15,11,0,8,4,0,2,0,8,8,4,0,0,0,4,5,0,6,8,0,0,4,0,9,9,0,7,0,8,0,7,0,5,3,11,8,4,0,2,9,8,0,3,2,0,2,4,10,0,0,2,27,0,5,0,0,2,10,0,0,5,17,0,0,13,9,6,0,4,6
Thbs1,17,71,58,183,143,302,131,113,273,109,166,25,101,92,140,41,56,0,84,56,225,51,145,159,18,601,556,248,130,48,58,222,245,0,174,79,99,227,380,69,86,51,45,20,67,326,18,115,94,4,114,147,85,82,487,137,24,135,169,58,98,49,0,57,134,58,0,79,89,178,23,171,374,143,252,124,112,16,141,39,23,22,136,42,189,150,127,64,74,243,103,29,143,25,124,352,73,222,169,31,290,58,110,158,82,121,78,196,108,125,73,0,127,38,105,135,25,136,154,100,84,63,83,106,17,9,212,14,68,187,43,43,34,10,166,3,60,85,171,44,25,0,54,26,40,58,203,143,243,61,35,89,15,24,135,54,157,87,159,107,126,182,5,37,74,269,52,78,207,172,165,33,206,7,108,109,18,67,71,87,3,65,123,183,157,9,33,198,17,285,4,71,89,154,54,102,105,54,141,65,160,130,191,45,69,260,40,13,137,30,37,144,128,101,63,79,4,73,28,170,211,356,132,7
Ciao1,0,0,0,0,2,0,0,0,0,7,1,0,5,0,0,0,0,0,0,0,2,5,9,0,0,0,0,12,0,4,2,5,0,0,0,0,0,3,4,3,9,0,0,6,0,0,4,4,1,0,0,0,0,3,0,0,0,0,0,0,0,0,0,0,2,0,2,11,5,1,0,0,0,0,4,0,15,0,0,6,0,0,0,1,0,3,11,1,0,5,0,0,5,0,0,27,0,0,13,8,0,0,0,0,0,0,1,12,5,10,0,0,2,0,7,9,0,8,0,6,0,0,0,0,0,0,0,1,0,2,0,4,0,0,0,0,5,0,0,0,0,0,0,5,1,0,1,0,0,4,4,0,0,0,4,0,8,4,6,6,0,8,6,3,0,0,2,0,0,0,0,0,4,0,5,0,0,1,0,0,0,0,0,0,4,1,0,10,0,0,3,6,2,0,0,2,0,0,4,0,3,2,0,7,2,2,9,0,0,0,5,10,0,4,7,2,0,4,3,3,10,0,0,2
Ptpra,1,6,0,5,3,17,4,6,6,9,0,2,1,2,6,4,0,3,8,2,10,3,3,0,0,8,0,2,0,3,4,15,5,1,7,13,0,2,2,4,9,0,2,0,4,12,13,9,7,2,3,0,0,4,3,1,15,0,0,0,4,11,0,0,5,0,0,13,0,4,3,17,13,6,0,0,0,0,0,3,2,0,9,0,4,4,4,0,0,4,3,1,2,3,0,12,2,2,6,6,4,5,1,3,4,6,1,2,4,5,0,0,7,3,5,5,0,5,6,2,2,0,0,1,0,0,0,0,3,1,0,7,0,0,3,0,0,0,4,2,0,0,2,3,0,5,1,0,6,4,3,0,4,0,3,9,6,1,6,6,9,6,3,2,4,3,5,2,4,5,0,5,4,0,2,5,0,0,7,0,1,1,1,0,4,2,0,1,5,6,2,5,0,2,5,2,1,2,2,3,2,2,3,8,6,5,0,3,1,3,1,3,0,3,4,8,3,1,1,15,10,2,0,10
Ddrgk1,0,1,5,3,0,8,0,2,0,0,6,0,0,0,1,4,0,0,0,0,5,2,0,0,1,0,0,2,6,0,3,3,0,0,0,7,2,8,0,3,0,0,0,0,0,7,0,2,6,0,0,2,0,6,0,0,9,0,0,0,4,3,0,0,7,0,0,0,0,0,2,9,0,0,0,11,3,0,0,3,0,0,2,0,2,2,5,0,0,7,5,1,4,2,0,12,2,1,4,6,0,0,0,0,0,0,0,4,7,3,5,0,4,3,0,0,0,0,5,0,0,0,0,4,0,0,0,5,0,2,0,2,0,0,0,2,1,0,0,0,0,0,2,0,0,2,0,0,2,1,0,0,0,0,3,0,4,2,0,4,0,1,1,1,2,0,0,0,2,0,0,7,1,0,0,0,0,1,0,0,0,0,9,0,4,1,0,3,3,2,3,4,0,0,0,0,0,4,0,1,0,2,0,0,7,3,0,1,3,0,0,3,0,3,2,1,0,0,1,3,0,0,0,0
Rrbp1,40,22,29,10,37,16,36,54,2,25,12,2,9,7,31,36,5,11,14,0,27,17,14,7,7,42,40,32,21,45,34,19,23,14,17,16,9,42,20,10,46,46,7,0,1,69,7,38,25,10,12,7,0,28,43,15,48,9,27,8,12,41,7,6,24,1,0,30,17,121,8,65,62,5,29,33,12,9,14,11,9,0,48,26,13,23,21,14,9,7,68,13,23,16,3,46,2,11,27,30,13,31,15,10,8,57,0,39,13,52,11,0,23,21,40,14,6,9,30,16,0,0,0,2,0,2,5,4,2,13,2,12,0,0,1,4,0,10,12,16,0,0,3,40,0,50,8,0,0,17,14,7,0,5,24,4,15,4,18,22,16,11,7,21,21,11,2,15,30,22,2,15,16,0,16,0,0,19,15,0,7,5,13,2,16,11,0,9,7,38,1,24,11,2,13,22,0,18,19,4,7,19,0,8,27,56,18,12,0,3,7,21,7,6,18,20,8,3,26,37,23,10,5,11
Naa20,0,0,3,8,9,14,8,2,0,0,0,4,7,5,10,10,0,7,19,3,5,6,3,5,1,6,21,10,14,4,3,5,4,0,0,0,3,2,19,3,2,5,4,0,6,6,14,13,8,5,8,8,3,5,3,0,6,5,6,4,4,2,1,1,14,0,0,5,5,1,5,6,17,4,7,3,10,3,1,2,5,0,2,7,11,4,14,8,1,0,1,6,12,5,1,0,7,6,5,9,7,6,3,5,0,18,3,12,3,2,2,0,3,8,7,3,0,6,7,4,0,5,4,5,0,3,0,1,1,7,0,17,1,1,0,0,4,5,4,0,3,1,4,6,0,6,2,3,9,3,0,1,0,2,3,5,3,5,2,7,4,4,9,9,4,2,4,3,3,12,7,3,4,1,2,5,3,7,10,1,1,0,3,11,2,8,2,5,3,5,2,13,5,4,6,6,4,7,5,3,2,10,4,1,7,4,7,3,0,7,4,7,3,7,8,9,2,2,3,10,2,0,2,1
Rbm39,12,2,11,9,4,4,21,14,12,25,16,11,10,2,1,4,0,7,7,0,10,5,12,4,0,9,10,20,26,7,9,11,6,0,0,23,6,20,8,10,6,4,0,0,6,7,6,14,8,2,5,23,2,11,2,2,11,1,7,1,14,8,0,2,6,0,0,17,0,6,6,17,41,0,5,13,10,0,0,9,0,0,3,8,1,8,11,0,3,0,10,4,20,5,7,12,3,3,11,11,6,0,11,4,4,5,1,6,0,13,15,0,2,6,11,4,1,3,10,5,1,1,6,2,0,0,0,3,1,6,1,4,0,3,2,10,0,4,8,7,6,0,12,11,0,7,7,4,1,3,3,1,0,8,5,4,6,4,11,11,9,0,10,8,14,4,0,16,8,3,0,9,7,0,2,0,0,10,15,0,2,1,6,5,2,6,2,11,3,1,0,2,0,7,7,5,0,10,3,4,6,2,0,5,10,7,7,3,2,3,1,6,6,3,9,12,6,0,7,13,17,2,2,0
Jph2,0,0,12,0,1,0,0,0,0,0,0,0,2,7,0,0,1,1,0,0,0,1,9,0,0,12,1,11,0,0,0,13,2,7,0,10,0,0,19,0,0,11,0,0,0,0,0,0,0,0,6,7,1,0,21,1,0,0,0,0,4,2,0,0,0,0,0,15,7,0,8,10,0,0,0,0,0,0,1,0,0,0,0,0,8,0,13,0,0,0,0,0,0,6,0,10,1,0,12,0,6,6,0,0,0,0,0,2,0,0,7,0,0,0,0,3,0,0,0,0,2,0,6,0,0,0,0,0,0,8,0,0,0,0,0,0,0,0,0,1,0,0,0,0,0,1,8,1,0,3,4,0,0,0,6,11,8,0,1,0,0,0,0,0,1,0,0,0,0,0,0,1,0,0,0,0,0,8,0,0,0,0,6,0,2,0,0,0,0,10,1,0,0,0,0,9,0,0,2,0,0,1,7,0,0,6,10,0,0,0,0,0,0,6,0,0,0,0,0,11,7,1,9,0
Pfdn4,2,7,8,6,7,16,9,0,5,6,5,0,11,5,9,2,3,3,4,6,0,15,0,9,3,4,15,9,21,6,2,17,6,15,4,7,0,5,24,2,0,15,7,1,5,25,2,8,0,3,8,4,4,8,7,2,9,10,17,1,7,8,8,6,7,0,0,13,11,12,5,15,18,0,8,14,10,8,7,0,3,2,9,4,9,7,9,4,20,2,5,4,3,12,4,4,7,6,14,2,13,5,5,9,7,5,6,9,6,15,0,0,9,4,8,14,1,5,14,0,1,0,5,8,2,2,8,6,5,7,11,8,3,3,9,0,13,9,6,3,3,0,4,6,8,6,4,3,10,9,8,0,0,0,6,1,9,4,5,9,6,0,4,3,9,6,7,3,14,3,15,2,4,4,9,4,4,8,12,0,1,0,4,4,12,1,8,12,13,10,0,11,6,4,15,4,7,3,0,7,7,8,4,0,4,8,8,0,0,4,6,8,7,3,2,7,2,4,3,7,6,3,3,5
Prpf6,10,0,10,0,3,0,0,5,4,4,0,0,0,0,0,0,0,0,0,0,9,18,17,0,0,0,0,6,0,0,0,0,0,0,10,0,0,15,0,0,0,0,0,0,0,0,0,0,0,0,0,8,2,2,0,6,1,0,0,0,0,8,0,0,0,0,0,12,4,0,0,19,9,0,0,0,0,2,0,6,0,0,0,0,0,11,7,0,0,0,5,5,9,7,0,4,0,0,0,5,3,7,6,0,0,5,0,5,8,0,0,0,6,0,22,3,0,0,0,7,0,0,0,0,0,0,0,0,0,7,1,4,0,0,2,5,0,0,0,0,0,0,3,8,0,12,7,0,0,0,0,0,0,0,12,0,6,4,0,0,0,6,0,6,0,0,0,2,1,12,0,5,0,0,6,1,0,0,0,0,0,0,3,0,2,0,0,0,1,6,0,0,0,0,0,0,2,4,2,1,0,0,0,0,3,4,0,0,0,0,1,0,0,4,2,11,0,0,8,1,0,0,2,0
Fndc3b,0,5,5,8,4,5,0,10,4,2,4,5,4,3,4,4,3,0,2,5,1,2,5,10,1,8,14,2,3,0,4,4,4,0,9,4,4,7,4,5,2,8,8,0,5,20,0,5,0,0,0,5,5,12,16,7,2,6,5,1,0,0,0,1,3,0,0,4,14,4,0,0,0,8,9,0,0,2,6,0,3,1,4,1,8,4,3,5,3,5,4,1,0,0,5,13,1,15,6,0,3,3,0,2,4,4,1,3,0,5,1,0,1,3,7,4,0,0,5,4,5,0,4,7,0,5,1,5,2,3,0,0,4,0,7,5,0,4,9,0,0,0,4,0,0,5,5,0,13,1,1,9,1,0,3,7,2,1,4,2,3,4,2,3,0,3,0,1,4,0,6,4,8,5,9,1,1,3,0,1,1,0,1,2,2,1,4,11,2,12,0,2,0,1,1,4,0,2,5,7,1,0,3,0,6,9,0,1,2,3,1,13,5,0,6,6,2,0,1,2,6,3,4,0
Sec62,22,41,24,31,39,34,29,39,39,32,24,0,25,13,14,5,2,15,24,2,60,30,22,9,6,34,34,26,14,0,31,0,12,32,31,0,6,42,31,28,28,0,0,2,0,36,18,52,25,4,6,18,0,88,35,18,0,0,0,5,0,0,0,0,20,10,0,0,20,42,22,31,0,12,23,0,10,14,18,5,0,0,12,0,14,34,15,0,7,10,29,16,0,22,3,22,0,12,31,48,11,8,55,32,3,3,0,25,35,24,35,0,0,42,22,41,0,5,36,12,0,4,12,7,0,0,12,0,0,27,2,23,0,0,0,2,6,14,10,20,0,0,37,15,2,24,19,0,12,33,14,4,0,0,9,0,18,7,15,10,5,7,8,1,26,6,3,12,26,11,7,7,16,3,35,0,0,10,6,2,13,0,19,2,31,7,8,27,23,14,4,8,0,19,31,0,31,24,39,12,8,24,37,6,16,49,4,17,0,0,26,26,9,0,13,14,0,0,29,38,21,7,23,10
Mrpl47,3,0,4,3,0,8,10,0,2,3,3,3,0,0,5,3,0,0,8,0,0,4,5,7,0,0,3,0,6,14,6,3,0,5,0,6,0,4,3,0,5,2,2,0,4,4,13,0,3,0,0,0,1,4,0,0,7,0,5,5,5,3,5,5,2,0,0,0,0,0,10,18,9,0,15,0,14,0,0,2,2,0,5,6,9,3,0,1,0,0,2,0,0,4,0,0,3,0,1,3,2,12,0,6,5,0,3,5,0,0,3,0,4,3,10,2,0,5,5,5,0,0,2,0,0,0,1,2,0,3,4,6,0,8,0,2,0,0,2,4,2,0,6,3,6,1,4,0,3,4,0,3,0,1,7,4,3,0,3,5,4,2,3,4,4,0,0,1,3,2,5,14,0,1,6,1,0,4,1,0,2,0,1,1,0,2,2,7,7,0,0,6,4,2,9,0,9,5,2,3,0,0,2,4,0,6,5,3,0,3,3,5,0,1,0,4,4,0,0,4,0,0,4,1
Ndufb5,0,0,0,0,12,0,0,0,0,0,14,14,0,0,0,0,0,0,0,4,0,0,0,0,0,0,0,0,16,0,0,11,0,0,0,0,0,20,0,22,0,0,0,0,0,0,0,0,4,0,5,0,7,0,0,0,27,0,0,18,0,13,0,0,0,0,0,0,0,0,0,9,0,0,18,0,29,0,0,0,0,5,0,12,0,17,0,0,0,11,11,0,0,11,15,0,6,4,0,11,11,10,0,0,0,0,0,2,4,16,15,0,0,0,0,0,0,0,0,0,0,18,0,0,0,0,16,12,0,12,0,0,0,0,0,0,0,0,9,0,0,0,0,0,0,0,0,0,3,14,0,1,0,13,14,0,14,0,5,6,0,0,0,0,10,0,0,0,18,0,0,0,0,0,5,0,0,0,0,0,0,0,4,0,0,0,0,0,13,0,0,0,0,0,0,0,0,8,0,0,0,0,0,0,25,15,0,3,0,8,0,0,0,0,14,0,0,0,13,0,0,0,0,9
Fxr1,7,0,0,0,0,4,0,8,0,6,4,0,0,0,5,3,3,0,0,0,0,2,16,0,0,5,13,0,3,0,0,5,4,0,0,0,0,0,9,6,0,0,0,0,0,6,8,0,0,0,0,0,2,8,0,0,0,0,0,0,5,0,0,0,9,0,0,0,0,30,0,18,2,0,0,0,16,0,0,0,0,0,8,0,4,10,8,0,0,0,4,3,0,0,0,0,0,0,4,5,0,23,0,0,0,0,0,3,0,13,3,0,10,6,0,8,0,8,3,0,0,0,4,0,0,1,0,0,0,6,0,5,0,0,0,0,0,0,5,3,0,0,0,0,0,0,0,0,0,8,1,0,0,0,0,6,0,7,3,0,4,0,5,0,0,0,0,9,5,4,0,2,6,0,0,0,0,11,16,0,0,0,2,0,0,2,0,2,0,6,0,8,0,0,10,6,0,6,0,7,0,5,0,0,0,6,3,11,0,3,5,7,0,2,7,3,0,1,6,10,0,0,0,0
Mfsd1,2,10,3,11,0,17,5,10,3,2,10,0,3,10,10,3,2,2,5,0,15,5,3,5,2,15,15,7,8,4,8,12,2,10,6,5,1,8,7,4,15,7,12,7,2,5,11,3,8,0,1,2,0,20,1,10,8,4,7,5,3,0,0,2,10,3,0,11,14,8,11,19,24,7,0,13,8,0,0,11,3,0,0,0,12,11,14,5,2,12,14,4,0,12,0,15,3,4,5,11,3,2,10,6,2,2,0,13,14,8,2,1,13,3,5,10,1,2,6,6,0,6,0,0,0,7,3,4,0,4,8,1,0,5,5,11,3,1,3,2,5,3,9,1,5,6,2,2,2,4,3,0,1,0,5,9,2,3,2,0,8,6,8,5,2,6,2,8,2,3,2,4,1,0,8,0,3,0,7,2,3,4,3,2,7,5,1,6,5,6,4,5,2,2,5,0,2,8,2,1,5,2,7,1,5,4,3,3,0,3,7,4,5,2,14,5,1,3,4,3,1,5,6,6
Lamtor2,6,9,12,20,0,31,4,19,25,26,34,7,4,6,18,12,0,4,14,0,12,11,25,31,15,11,30,25,21,12,20,7,4,11,28,27,9,12,24,3,14,14,12,0,3,41,8,18,26,2,8,37,0,24,43,21,22,3,30,2,17,1,2,0,30,0,0,38,2,44,9,73,16,0,5,16,10,0,3,8,2,0,0,7,12,17,20,2,6,8,10,3,0,19,5,36,1,2,21,26,9,19,16,14,6,9,1,11,12,23,13,1,12,15,14,29,2,19,14,1,1,5,1,4,0,0,5,4,0,6,2,6,0,9,0,6,4,6,9,12,0,3,17,11,7,14,11,0,10,16,5,1,1,0,15,15,16,3,6,11,13,9,7,7,16,10,0,11,15,13,5,5,17,1,9,2,5,6,9,0,0,6,10,7,20,5,0,5,7,15,6,10,0,2,11,12,10,8,21,5,4,21,14,9,14,15,7,8,5,10,7,14,2,4,12,12,4,0,7,27,16,0,12,8
Dap3,10,0,0,6,0,9,8,21,0,8,20,0,10,0,11,6,0,2,11,0,12,14,0,5,0,12,16,11,17,0,21,6,10,5,9,11,13,9,5,5,1,11,14,10,0,8,0,18,15,0,0,1,0,21,5,0,2,2,2,0,0,11,0,3,6,0,0,21,2,17,3,19,10,0,7,1,35,0,3,0,1,0,0,3,8,11,9,1,0,0,4,13,0,8,5,5,1,0,9,4,0,6,2,6,0,3,0,20,3,6,8,0,13,11,5,3,0,7,0,10,0,0,8,0,0,0,0,0,0,0,0,12,0,0,2,0,0,5,16,4,0,0,0,3,0,2,8,0,0,6,0,0,1,0,20,6,1,0,3,6,1,5,4,10,2,7,0,4,6,2,0,7,2,0,0,0,0,15,5,0,3,1,5,9,5,4,0,7,9,11,6,4,7,3,6,2,4,4,10,10,1,1,0,4,9,15,2,6,0,5,7,26,0,9,5,8,1,0,9,9,0,5,7,6
Bola1,0,0,0,0,0,0,0,0,0,0,7,2,0,0,0,0,0,0,0,0,0,0,0,0,10,7,0,4,0,0,0,0,0,0,0,0,0,5,0,4,0,5,0,0,0,8,0,0,0,2,0,0,1,0,0,0,2,0,0,0,0,0,0,0,0,0,0,0,3,11,0,36,5,5,0,0,0,0,1,0,0,0,0,0,4,16,0,0,8,0,5,0,0,0,0,2,1,1,8,4,0,5,0,8,4,0,7,8,5,10,6,0,4,3,0,7,0,0,0,1,2,4,0,0,0,1,9,0,0,1,0,0,0,0,0,0,0,0,0,4,0,0,0,0,0,0,1,6,0,8,0,0,0,0,0,0,0,0,7,4,0,0,0,0,3,9,0,0,4,0,0,1,0,2,0,0,0,0,7,0,4,3,0,1,4,6,0,4,4,3,0,0,0,0,0,0,4,10,0,0,0,0,3,0,7,4,0,2,0,0,3,5,0,0,0,6,7,0,0,3,5,0,0,3
Atp1a1,18,7,10,0,0,37,27,9,5,17,38,9,5,13,39,18,0,13,14,0,16,13,16,23,0,7,35,4,17,4,23,5,8,0,16,2,0,17,15,5,27,0,0,1,0,55,14,0,16,0,13,1,8,18,7,9,26,0,24,0,15,3,0,0,17,0,0,35,4,19,19,18,21,9,12,18,32,0,0,20,2,0,0,3,7,4,25,0,8,0,19,0,0,6,0,2,2,0,12,7,17,5,3,3,0,0,0,9,17,14,15,0,19,9,8,4,2,6,1,7,0,0,0,0,0,0,6,0,0,6,0,27,0,0,0,0,1,5,8,3,0,0,6,6,0,6,0,0,7,9,4,0,8,4,6,16,11,12,5,14,2,3,13,16,22,13,0,3,22,14,10,0,5,0,8,0,0,7,4,0,0,0,7,3,12,8,0,3,11,9,3,11,0,0,11,9,0,3,8,5,9,13,12,8,9,8,14,2,0,0,1,15,0,0,9,17,0,0,12,20,9,0,0,1
Bcas2,7,6,5,3,0,9,14,4,10,5,10,2,6,2,12,5,0,2,7,5,2,3,7,1,2,0,27,1,5,5,5,1,6,1,0,0,0,12,13,3,7,15,3,2,2,12,9,4,4,3,4,5,2,2,5,0,2,5,9,4,2,3,3,4,11,0,0,11,1,22,1,19,0,3,4,6,10,0,0,0,3,0,0,2,3,11,7,0,10,1,7,3,0,4,7,4,7,2,6,11,2,4,7,2,1,4,1,3,4,6,5,0,4,4,4,3,0,3,8,1,0,3,0,0,0,4,4,1,2,5,4,4,0,0,0,2,0,0,8,0,0,0,4,5,0,8,8,0,2,2,4,1,3,2,8,7,1,7,4,3,3,1,6,7,6,5,2,4,0,7,1,5,2,3,9,0,2,10,8,0,0,4,2,3,0,7,2,14,2,4,5,4,1,0,5,3,3,2,4,1,2,5,7,0,5,14,3,4,1,5,4,7,0,3,5,10,0,3,13,0,4,0,5,1
Rhoc,13,15,20,23,0,39,21,0,0,23,26,0,0,13,34,4,0,4,0,0,5,19,37,0,7,0,28,5,20,3,16,0,0,29,0,0,10,7,26,4,20,21,7,6,1,34,4,19,34,0,0,16,4,11,6,25,13,4,25,11,14,12,0,0,19,0,0,0,7,29,23,5,20,14,4,0,10,0,10,3,0,2,0,10,7,12,8,1,0,14,13,5,0,15,0,8,2,6,14,6,13,10,17,9,4,3,7,19,22,8,21,0,14,8,28,6,0,6,20,0,3,5,0,1,4,1,2,5,2,12,0,13,5,2,5,1,4,1,8,7,0,1,7,3,0,20,0,2,4,0,15,0,0,3,20,13,6,6,0,12,12,9,10,1,0,20,0,3,10,10,4,14,12,0,10,2,2,14,12,0,3,1,10,7,10,0,0,10,4,7,6,5,9,10,22,14,0,5,15,8,0,16,6,11,15,20,14,8,2,4,5,11,5,16,12,6,0,0,6,6,15,9,1,3
F3,17,16,25,35,0,39,26,56,20,129,6,28,13,46,8,38,27,13,19,14,28,2,62,50,15,121,99,86,65,29,20,47,34,0,88,15,48,80,135,11,65,23,17,0,25,192,53,0,56,7,66,28,8,160,108,80,13,13,93,12,84,29,8,15,43,2,1,69,5,7,36,111,8,47,16,21,60,0,34,23,0,4,0,24,41,92,104,0,1,16,11,35,0,8,21,15,16,36,31,9,57,14,2,52,4,62,31,43,31,66,11,5,20,33,80,24,6,24,56,33,14,3,25,30,5,13,12,13,15,59,1,18,5,7,11,2,13,57,71,25,17,0,91,39,15,23,18,24,51,26,16,5,9,4,110,106,107,90,7,41,27,24,32,26,45,8,14,21,41,50,22,40,41,4,48,31,24,74,9,4,14,18,77,94,65,8,4,34,57,155,46,52,36,23,35,21,25,54,44,13,55,25,70,21,61,55,3,4,33,11,49,46,11,46,16,60,6,8,84,21,80,60,34,7
Cyr61,15,48,27,104,0,103,33,104,68,101,53,9,92,67,128,11,25,8,71,5,66,47,96,32,5,115,156,105,97,18,26,62,118,0,73,73,29,45,92,22,57,52,55,23,12,130,64,129,116,0,74,207,47,86,18,121,33,38,128,12,155,45,28,11,101,0,0,127,69,173,41,107,133,53,40,87,49,0,30,10,11,5,0,5,51,78,94,18,10,62,73,54,0,64,34,67,15,31,116,52,60,40,57,48,3,97,10,94,69,44,49,1,124,56,110,65,0,71,121,35,13,3,68,31,0,9,40,41,7,91,13,46,17,17,19,1,13,67,53,62,2,5,78,102,21,31,41,24,23,57,9,9,11,27,103,70,70,51,6,36,49,29,106,59,87,39,18,20,82,52,48,71,75,4,30,16,11,35,59,1,8,7,0,23,52,5,7,64,72,100,15,91,22,51,74,95,30,44,54,42,44,80,20,15,49,135,47,23,21,7,86,135,29,60,40,108,0,8,29,120,43,91,12,36
Sdcbp,0,4,25,2,18,25,25,14,14,13,27,11,4,2,11,14,2,7,10,0,14,13,1,0,1,7,9,19,19,0,17,11,6,13,8,21,9,34,24,0,21,1,7,0,3,23,18,20,20,3,5,1,4,30,5,8,15,14,18,0,4,13,0,3,6,4,10,16,12,6,16,45,53,0,17,3,11,8,0,9,4,1,9,7,18,13,18,4,0,7,11,3,8,5,5,24,6,1,15,15,4,16,8,8,11,11,3,16,5,26,10,0,7,18,14,10,0,6,9,4,0,0,1,6,0,6,8,6,5,8,5,9,0,0,0,2,5,9,7,7,2,0,9,29,4,13,8,2,6,4,0,4,0,5,11,13,5,18,9,14,6,1,15,0,12,10,0,6,9,17,0,6,4,5,15,15,5,18,16,0,6,0,14,1,10,7,0,11,11,14,4,13,4,3,17,8,8,12,17,17,10,8,10,3,17,13,7,6,14,2,16,6,2,15,11,5,0,0,17,20,11,0,0,4
Slc35a1,0,0,9,0,0,0,12,7,8,5,10,5,0,0,8,1,0,0,0,0,5,0,9,0,0,9,9,2,0,0,4,7,0,0,4,0,0,6,0,4,2,0,0,0,0,15,0,14,0,0,0,0,0,0,0,0,0,3,6,1,0,0,0,0,4,0,0,9,0,0,0,20,12,0,0,0,4,6,0,2,0,0,6,0,10,0,6,0,0,0,2,0,0,6,0,5,0,9,0,6,0,10,10,4,0,5,0,0,0,1,0,0,9,5,4,5,0,0,14,0,0,0,6,0,0,0,0,6,0,1,0,5,0,0,0,0,0,5,2,0,0,0,0,0,0,4,0,0,0,0,0,0,5,0,0,3,0,4,0,5,0,2,0,3,0,0,0,0,0,0,0,1,6,0,0,0,0,3,7,0,0,0,1,0,2,2,0,5,0,5,0,4,0,3,0,6,0,0,3,2,0,0,1,0,0,6,0,3,0,0,9,5,4,3,4,1,0,0,5,0,5,0,0,0
Smu1,0,0,4,6,0,18,11,2,6,2,10,9,4,9,8,5,0,0,3,2,4,2,3,2,0,3,6,9,15,5,2,1,1,0,3,8,0,3,6,6,8,3,6,0,0,5,9,13,11,5,3,8,2,7,7,6,16,3,3,0,2,6,0,0,2,0,0,23,7,0,6,22,14,0,0,11,4,0,0,1,1,0,5,4,3,4,3,0,3,3,1,4,10,6,0,0,3,3,5,6,0,6,15,11,5,7,2,2,13,8,4,0,3,4,9,7,1,6,3,9,0,2,0,0,0,4,3,5,3,13,0,6,0,1,0,5,0,1,3,5,0,0,9,4,0,4,2,0,2,1,2,4,0,4,8,4,3,1,5,4,5,2,0,2,7,3,1,0,5,3,4,6,5,0,3,1,0,5,4,0,0,0,1,2,8,2,1,11,5,4,2,4,1,2,3,7,0,1,7,3,2,0,5,1,14,11,4,3,2,0,5,12,0,3,13,4,0,0,4,20,5,7,2,0
Dctn3,0,29,4,10,2,36,18,6,0,13,11,9,6,2,9,11,0,2,13,2,4,10,13,13,6,4,22,15,16,1,14,0,20,11,10,7,0,7,16,19,2,9,13,5,0,29,6,6,12,0,3,2,8,29,8,18,11,9,10,3,1,5,0,4,24,0,1,7,7,26,5,7,21,3,13,15,36,7,3,15,4,0,5,5,11,5,10,1,7,4,5,8,12,2,1,8,0,4,9,5,7,4,17,4,7,7,6,14,8,8,6,0,17,9,15,4,0,5,10,12,4,4,2,8,2,0,16,3,2,15,0,6,2,0,1,3,2,9,6,9,2,1,17,4,0,12,8,3,1,16,2,0,1,1,10,5,8,7,2,11,11,8,6,2,5,9,2,8,6,20,8,2,9,1,5,3,0,6,10,0,0,2,7,3,12,3,1,12,10,10,1,10,7,11,8,2,0,3,8,2,3,4,5,4,14,15,7,4,0,3,15,7,3,2,2,9,3,0,17,17,11,0,4,3
Tln1,0,8,12,14,5,13,17,28,15,13,18,5,6,9,25,11,1,5,7,5,7,10,32,9,4,24,33,44,9,14,9,31,9,22,21,49,2,18,23,26,38,19,5,10,11,18,27,14,12,0,10,37,5,10,52,22,8,1,22,10,15,7,0,0,4,0,5,6,13,15,8,71,24,7,10,9,23,7,4,10,4,0,20,10,14,22,29,3,12,4,13,5,16,15,5,17,12,3,17,5,25,11,9,5,10,10,8,11,23,20,10,3,30,23,21,27,2,17,23,6,7,2,9,12,0,2,15,15,3,24,2,31,0,4,0,1,4,12,9,22,5,0,18,11,0,10,11,0,5,16,3,4,5,1,14,19,13,8,17,7,16,7,10,14,9,14,0,6,12,11,6,4,26,7,11,3,1,6,17,2,3,5,6,18,8,7,6,12,15,34,1,9,14,7,14,14,4,9,9,3,4,7,20,7,22,14,11,2,3,8,7,27,4,28,24,14,1,2,12,11,13,15,2,7
Creb3,0,0,3,6,1,11,10,14,0,6,8,5,11,0,14,6,5,1,6,0,5,11,10,0,5,2,14,5,12,0,8,15,6,5,1,1,1,16,11,3,9,7,0,0,0,17,7,6,4,0,5,9,0,20,8,0,6,1,1,0,5,13,0,0,4,0,0,5,5,5,0,15,6,10,0,6,7,1,4,0,2,0,8,3,3,11,11,0,2,5,5,3,5,9,4,6,0,2,8,7,12,1,2,2,3,17,0,10,5,11,5,0,9,1,18,4,0,0,5,4,2,0,1,3,0,0,1,3,0,2,5,4,3,1,1,0,3,2,5,5,0,0,6,7,0,5,0,4,5,6,2,0,0,1,6,12,4,1,6,4,6,2,2,5,2,6,0,2,7,0,2,4,2,1,7,4,0,6,8,0,0,0,4,1,5,4,0,5,3,5,2,7,0,4,6,2,0,4,6,3,3,1,4,0,9,3,7,2,1,8,5,8,2,6,4,5,0,0,6,5,14,8,4,2
Glipr2,0,6,21,5,9,46,27,23,21,20,29,14,9,16,19,10,2,5,9,3,7,9,23,12,1,27,37,11,7,13,6,10,6,4,3,11,19,18,52,9,19,23,13,3,0,13,17,22,19,7,10,18,5,15,62,26,14,6,22,9,21,23,1,14,11,2,0,9,10,23,9,60,21,31,26,18,24,3,15,14,7,0,5,4,17,31,37,8,8,8,20,6,3,21,6,15,3,3,16,6,21,17,0,17,7,5,3,16,28,14,8,4,27,16,40,19,0,11,14,11,4,0,11,7,3,5,15,9,0,19,6,8,3,0,0,0,2,12,7,10,5,0,14,10,1,4,10,3,3,10,14,1,1,1,21,12,13,7,11,25,7,1,26,19,7,5,0,11,10,5,7,22,11,0,9,2,2,9,25,0,3,15,8,5,12,8,9,20,6,14,9,13,7,5,10,12,3,5,4,8,4,16,18,9,3,9,11,2,7,0,9,23,19,8,3,26,0,5,23,16,18,8,10,14
Akap2,0,11,6,2,2,13,33,18,9,10,5,7,1,7,11,7,5,2,6,1,6,2,9,0,0,18,22,11,17,8,12,9,0,23,7,5,3,21,3,5,16,3,0,2,0,16,8,17,15,8,13,4,3,25,18,1,7,0,22,0,15,2,0,0,14,0,0,4,20,31,10,18,41,5,19,5,12,9,2,10,2,2,9,5,6,6,13,1,0,3,5,0,7,14,2,19,0,6,3,7,14,5,11,4,11,10,2,8,15,15,18,1,6,10,24,7,0,4,6,7,0,3,1,8,2,1,6,2,1,4,0,10,0,0,2,5,1,2,5,7,2,0,5,5,0,10,5,5,4,12,4,0,2,0,9,18,7,5,20,8,12,3,14,2,16,3,1,1,4,5,0,5,7,0,12,0,0,1,2,0,1,5,6,8,7,4,3,9,5,12,5,8,5,1,7,11,5,3,11,4,9,11,8,0,8,19,0,12,1,4,5,2,2,8,5,8,4,0,13,14,5,6,9,4
Txn1,0,0,0,0,0,0,0,0,0,0,0,0,0,0,0,0,0,0,0,0,0,0,0,0,0,0,0,0,0,0,0,0,0,0,0,0,0,0,0,0,0,0,0,0,0,71,0,0,0,0,0,0,0,0,0,0,0,0,0,0,0,0,0,0,0,0,0,0,0,92,0,0,135,0,0,0,0,0,0,0,0,0,0,0,0,0,0,0,0,0,0,0,0,0,0,0,0,0,0,0,0,0,0,0,0,0,0,0,0,0,0,17,0,93,0,0,0,0,0,0,0,0,0,0,0,0,0,0,0,0,0,0,0,0,0,0,0,0,0,0,0,0,0,0,0,0,0,0,0,0,41,0,0,0,0,0,0,0,0,0,0,0,0,0,0,0,0,0,0,0,59,0,0,0,0,0,0,0,0,0,0,0,0,0,0,0,0,0,0,0,0,0,0,0,0,0,0,0,0,0,0,0,0,0,0,0,0,0,0,0,0,0,0,0,0,0,0,0,66,0,0,0,0,0
Tnc,0,25,37,24,34,110,10,45,0,89,71,18,12,4,51,6,14,15,29,0,18,38,46,20,0,19,57,38,8,36,39,19,4,1,19,39,5,28,75,27,23,13,16,4,0,108,40,0,10,12,23,16,5,73,23,51,8,12,41,0,7,36,0,4,42,0,2,43,56,8,29,131,120,29,0,14,13,11,6,17,7,9,14,16,33,47,29,0,13,16,7,2,53,18,15,3,18,12,29,5,50,18,27,63,0,2,0,23,20,13,20,0,30,19,27,25,0,16,67,27,0,0,8,14,5,0,12,25,0,15,10,19,7,0,0,0,15,7,16,32,0,0,51,16,7,14,21,14,42,4,15,0,12,11,45,33,36,12,15,20,2,25,9,14,18,31,0,9,16,16,24,30,15,0,14,9,0,13,12,0,0,11,25,43,53,8,5,23,19,8,0,46,4,14,3,10,16,5,14,6,12,15,35,21,4,45,10,9,10,4,40,62,7,45,51,36,0,0,2,30,34,10,23,5
Mtap,0,8,14,4,10,7,14,3,12,1,0,0,5,0,27,3,0,1,3,0,33,6,7,12,0,8,18,3,2,4,7,9,11,2,2,15,3,21,11,5,1,0,4,0,0,12,2,7,2,1,4,2,6,3,0,2,6,5,0,0,0,3,0,1,0,0,1,14,0,7,0,23,27,1,0,0,6,1,5,0,2,0,5,15,1,5,4,0,4,2,3,0,0,10,0,4,4,2,4,10,5,7,0,5,12,7,0,6,10,7,0,0,1,9,14,6,0,5,6,0,3,3,0,0,2,0,0,0,0,5,0,4,0,0,4,0,0,0,6,0,2,0,0,3,0,0,0,4,4,3,3,0,0,3,2,7,9,2,5,8,7,0,6,14,5,0,0,5,3,2,0,7,1,3,8,6,2,9,4,0,0,0,6,7,0,4,0,0,9,6,0,2,0,1,4,2,0,0,0,5,4,6,1,0,5,11,5,3,0,2,2,6,0,3,0,8,0,0,10,6,3,0,1,0
Ppap2b,0,2,4,7,0,1,12,1,7,14,3,6,2,5,9,2,0,1,6,0,4,0,12,0,0,0,0,10,1,0,2,0,9,0,5,0,4,3,18,1,3,6,0,0,2,23,3,0,17,15,0,15,0,9,19,0,0,0,25,0,7,3,1,3,0,0,0,4,3,0,28,6,0,0,0,0,10,0,3,8,0,0,9,7,6,0,8,0,5,5,11,6,1,5,3,5,0,3,0,13,12,0,5,13,3,0,0,12,2,16,0,0,10,6,5,7,0,0,3,0,0,2,0,7,0,3,6,0,0,12,0,5,0,0,0,2,11,0,3,10,0,0,5,17,6,23,0,4,7,16,0,0,2,0,0,2,8,0,5,1,3,0,4,0,8,5,0,4,5,0,0,1,5,0,9,7,0,4,3,0,7,0,2,0,2,3,0,0,9,12,4,1,6,2,15,0,3,0,2,0,2,3,5,7,22,10,0,4,10,1,22,9,0,5,6,7,3,0,4,34,13,0,0,4
B4galt2,0,0,0,3,9,0,5,3,3,5,11,0,0,0,10,0,0,0,12,0,0,5,0,3,0,0,9,0,0,6,6,0,0,0,0,0,0,5,0,0,0,0,0,0,0,0,0,0,0,0,1,8,0,2,16,0,0,0,10,0,0,0,0,0,6,0,0,9,0,0,0,0,0,0,0,0,0,0,1,0,0,0,0,9,12,8,12,0,6,13,5,0,3,10,0,0,0,2,1,7,12,0,0,5,0,0,0,0,5,3,2,0,0,0,8,8,0,0,0,0,0,2,0,0,0,0,0,11,0,0,0,0,0,0,0,0,0,0,2,4,0,0,0,6,0,4,0,0,0,4,0,0,0,1,4,10,3,0,11,0,0,0,0,0,0,4,0,2,0,0,0,1,3,0,3,0,0,0,3,0,0,0,0,0,3,1,0,4,4,6,0,3,0,0,2,2,0,4,0,3,0,0,6,0,0,0,5,0,0,0,0,8,2,5,0,14,0,0,9,0,0,0,0,0
Elovl1,0,0,5,8,3,1,10,5,0,8,8,4,1,5,2,12,0,8,0,0,6,6,9,12,0,16,28,0,16,11,16,4,0,0,4,6,6,12,1,0,17,12,0,5,7,25,7,15,12,0,3,7,4,5,21,16,9,6,0,6,9,3,0,2,8,0,0,8,6,0,4,27,14,20,7,3,16,6,4,6,1,4,16,3,4,11,16,0,1,5,11,2,15,11,2,5,3,8,14,6,9,2,8,4,4,10,4,7,6,2,2,0,16,9,14,2,0,10,15,2,9,2,10,6,1,1,2,12,5,12,7,3,7,0,5,2,7,1,13,4,3,0,2,3,3,6,3,8,1,13,2,3,0,10,8,15,3,2,0,7,6,1,8,1,10,9,6,6,11,1,16,2,7,3,10,2,4,6,11,0,5,0,11,6,5,1,3,10,1,14,7,6,1,3,8,2,7,5,6,0,2,10,4,0,11,6,4,9,10,0,1,6,6,8,6,13,0,11,7,31,1,12,3,0
Cap1,0,10,5,6,6,7,8,4,0,4,11,0,2,1,27,4,0,2,7,0,10,1,12,5,0,1,16,6,12,4,3,1,2,9,2,4,3,16,6,8,6,3,0,4,0,8,7,13,4,4,3,4,0,5,29,8,6,3,11,2,5,1,0,0,14,0,0,2,3,1,4,16,13,2,0,0,4,3,0,6,4,0,5,4,11,11,8,2,1,3,5,4,7,6,6,5,8,5,7,1,5,2,6,10,0,10,0,8,7,11,3,1,8,12,5,3,2,1,7,1,2,0,6,3,0,0,2,3,0,8,1,4,6,0,0,0,1,5,6,6,1,0,12,5,0,8,3,6,0,5,7,0,1,0,2,8,4,4,4,4,3,3,10,3,5,2,0,1,3,7,0,0,4,0,7,3,0,5,5,0,2,1,6,1,4,0,4,1,6,10,5,8,1,6,7,6,2,6,7,7,2,4,5,0,3,4,4,3,1,0,5,7,5,12,7,6,0,4,9,9,10,11,4,0
Akirin1,0,0,3,0,9,0,0,0,0,11,10,0,0,0,0,0,0,0,0,0,3,4,0,5,0,0,11,6,0,10,0,2,10,0,0,0,0,7,0,0,0,0,0,0,0,0,0,6,13,0,9,0,0,11,0,18,13,0,4,0,0,0,0,0,8,0,0,2,8,0,0,29,18,0,3,0,2,0,0,6,0,0,9,0,0,11,15,0,0,8,10,0,5,0,0,0,0,9,9,8,6,0,0,0,3,0,1,10,4,4,5,0,13,4,3,0,1,0,0,0,0,0,7,3,0,0,0,9,0,4,0,9,9,0,0,6,6,5,5,0,0,0,10,17,2,0,2,5,2,0,0,0,0,7,10,2,5,9,0,0,4,7,0,0,0,0,0,4,7,8,5,3,0,0,5,0,0,0,0,0,0,0,4,0,0,0,0,15,9,2,3,6,0,1,1,0,0,0,0,2,0,0,0,3,0,0,9,0,0,3,0,18,0,0,0,8,0,0,0,0,0,0,0,0
Mrps15,0,3,5,1,4,12,13,0,2,11,7,4,6,10,4,9,4,4,0,0,3,5,7,7,1,2,22,10,4,3,7,1,4,2,8,14,1,2,13,0,6,0,8,0,0,9,9,15,0,6,4,7,0,12,9,7,1,3,7,0,10,1,0,6,12,2,0,10,0,21,3,10,4,0,11,6,4,1,1,3,3,0,2,3,3,7,2,0,1,6,2,3,6,12,3,4,0,2,6,3,6,6,2,4,0,3,0,0,3,15,1,3,7,1,4,8,0,5,4,3,2,6,4,4,1,0,5,2,4,1,1,3,3,0,2,0,2,4,5,6,3,0,14,7,0,7,3,2,4,3,1,0,1,1,6,5,5,3,6,10,4,0,10,3,5,3,0,1,7,0,4,2,1,2,7,3,0,3,1,0,0,4,2,5,2,4,1,7,4,9,2,7,0,0,3,2,3,4,6,3,2,3,4,2,7,4,7,4,2,6,3,6,2,3,5,2,0,0,8,3,4,6,3,3
Sfpq,0,0,12,6,0,6,4,9,12,0,4,7,2,0,9,0,0,4,0,0,2,8,0,9,5,14,32,0,6,5,0,0,0,0,1,0,0,0,1,0,0,0,0,0,0,0,11,7,14,0,2,12,0,2,6,0,3,0,6,5,0,13,0,0,0,0,0,0,0,0,12,5,0,0,0,0,3,0,0,6,6,0,0,0,2,2,4,8,0,0,3,0,0,6,0,0,0,0,6,5,0,1,0,1,5,6,0,7,12,6,4,0,2,4,6,3,0,0,2,0,0,0,0,0,2,2,9,0,0,10,0,0,0,4,0,0,3,7,0,1,0,0,1,3,0,3,1,0,0,0,2,0,0,0,2,0,0,1,1,8,0,0,19,0,0,0,0,0,2,0,11,8,2,0,9,0,0,6,5,0,0,0,5,0,2,2,0,3,5,12,6,3,3,10,6,9,0,1,0,2,0,4,2,2,3,5,3,2,0,0,4,7,0,0,1,9,9,0,4,0,9,11,0,0
Eif3i,0,14,13,3,13,42,42,9,12,5,14,11,9,2,9,5,0,2,10,1,9,8,4,4,0,3,7,10,5,3,14,4,7,10,5,5,6,16,10,8,13,0,4,0,0,13,7,8,13,5,6,28,0,11,6,3,0,14,11,7,5,14,0,0,19,0,0,15,5,1,12,14,5,0,0,5,12,20,0,4,2,0,2,5,14,12,4,0,4,4,4,4,7,10,0,10,2,5,28,9,9,7,0,9,0,6,8,9,3,4,10,0,18,10,16,9,0,8,15,2,5,0,0,10,1,6,13,11,7,2,0,9,2,7,3,1,7,3,6,2,3,1,13,7,2,4,5,1,13,10,3,5,0,0,11,9,5,5,6,8,7,5,3,11,12,9,2,1,5,10,1,8,2,2,7,8,0,10,7,0,0,3,6,6,11,4,1,6,5,13,3,8,5,11,4,5,11,8,3,7,4,4,14,1,4,6,6,4,1,9,13,4,3,1,3,12,0,2,7,15,9,14,0,5
Zcchc17,0,0,11,0,2,11,23,14,0,0,7,1,1,0,0,2,0,0,0,0,6,11,0,4,0,4,7,2,13,3,1,1,4,7,2,6,1,8,6,2,5,0,0,0,0,9,4,5,4,5,2,13,2,9,0,0,11,4,1,0,0,7,0,0,0,0,6,17,2,14,7,7,6,0,0,0,21,0,3,0,0,0,8,4,2,2,7,0,2,4,3,2,14,8,4,3,0,2,7,1,3,3,4,4,0,3,0,8,2,10,0,0,8,7,5,5,0,4,10,0,0,0,5,0,0,2,0,0,0,5,0,6,1,0,0,6,1,5,4,0,0,0,0,8,0,7,0,0,2,7,3,0,0,0,5,2,1,4,2,1,10,1,3,2,3,3,0,3,4,0,0,3,1,0,3,0,1,9,5,0,0,5,6,0,7,3,0,2,2,0,2,9,0,0,3,5,5,2,0,8,4,2,0,0,11,14,3,3,2,8,2,3,0,10,2,8,3,0,1,8,6,12,0,0
Ythdf2,0,0,0,0,2,0,9,0,3,0,0,9,0,0,15,0,0,0,8,0,0,0,9,0,0,0,3,2,4,0,6,0,5,0,5,0,0,0,10,0,0,0,0,0,0,0,0,14,0,0,0,12,0,0,9,14,0,0,0,0,0,0,0,0,0,1,0,0,0,0,0,0,0,2,0,0,13,0,0,0,0,0,0,5,14,0,16,1,4,0,5,0,5,0,0,14,0,0,2,9,9,0,6,0,0,0,0,4,0,4,3,0,0,0,9,4,0,6,0,0,0,0,0,4,0,0,0,0,0,4,0,7,1,0,0,0,0,4,0,0,0,0,0,0,1,0,0,0,1,5,0,0,0,0,7,3,2,0,0,0,1,0,3,0,4,2,3,0,0,0,0,0,1,0,0,0,0,6,5,0,0,0,3,0,2,2,0,0,1,8,4,0,0,7,12,0,1,0,0,0,0,0,0,0,0,10,1,0,0,0,0,0,3,1,16,14,3,2,10,0,0,0,10,6
Eya3,0,3,0,5,0,0,0,0,3,3,5,7,3,2,5,5,0,0,5,0,5,0,5,0,0,4,2,3,0,0,0,0,2,0,0,0,0,0,0,0,3,1,4,0,0,0,0,4,0,0,3,3,0,0,0,0,0,0,0,2,8,0,0,0,0,0,0,9,0,0,0,0,12,3,0,0,0,0,0,0,0,0,4,0,0,5,10,0,0,0,0,5,2,0,0,4,0,2,1,4,0,0,5,4,0,0,0,0,0,0,0,0,0,0,6,0,0,0,0,0,0,0,0,1,0,3,0,0,0,4,0,3,2,0,0,0,0,0,4,2,0,0,0,2,0,0,0,0,3,0,1,0,0,0,0,1,5,0,2,1,0,2,4,1,0,4,0,0,5,4,0,0,4,0,0,0,0,2,0,0,0,0,0,1,2,2,0,5,0,1,1,3,0,1,0,3,0,0,1,0,0,0,0,0,0,3,0,2,0,0,0,0,0,1,0,5,0,1,0,4,0,7,0,0
Sepn1,0,9,0,11,13,0,13,5,9,0,23,6,5,0,2,0,0,3,8,0,13,0,19,5,8,5,9,1,6,3,7,7,0,4,7,0,2,16,0,8,15,0,9,0,0,12,0,11,21,4,5,0,0,34,0,12,0,0,18,4,20,8,0,0,0,0,0,0,0,0,3,36,0,12,9,7,12,0,0,0,0,0,14,6,5,7,0,0,25,6,0,6,7,11,0,25,0,9,12,3,19,2,15,6,3,15,0,6,9,0,4,0,2,0,6,15,2,0,4,1,0,0,0,0,0,0,0,7,0,5,0,5,0,0,2,0,0,9,0,8,0,0,0,0,0,16,0,0,0,6,0,0,3,6,0,0,5,10,3,0,0,0,0,6,4,0,0,8,9,0,3,4,1,0,0,0,4,11,0,0,1,0,3,0,6,0,2,5,4,0,2,3,0,2,4,5,3,8,2,0,2,6,3,3,3,6,0,6,0,0,9,0,3,7,0,0,3,0,0,0,0,23,0,0
Clic4,0,9,18,10,12,11,13,22,3,10,2,19,7,6,3,10,0,4,0,0,8,12,9,0,7,0,12,10,10,6,11,9,14,10,9,22,1,17,14,5,5,1,10,0,0,21,12,8,21,3,14,18,1,25,10,15,20,2,16,3,3,10,0,0,9,0,6,22,6,6,3,43,18,19,4,4,6,0,0,5,6,0,10,12,5,5,25,2,4,11,9,0,3,8,5,16,6,6,9,3,19,12,0,3,2,10,0,21,5,21,7,0,9,6,6,3,0,5,6,11,4,4,6,15,0,0,5,12,0,7,6,8,0,0,0,0,6,1,10,3,3,0,11,4,2,10,11,6,4,11,1,3,4,2,19,24,10,5,4,4,3,18,1,8,10,8,8,5,8,13,0,2,7,0,2,3,1,5,7,0,0,7,3,7,6,5,0,5,4,22,2,5,9,3,9,6,4,3,8,5,7,5,3,2,11,6,8,7,1,8,8,8,0,5,6,3,0,3,14,10,24,10,2,2
Hspg2,0,18,14,6,12,45,24,22,6,16,17,8,7,15,7,5,0,0,0,3,19,9,16,18,0,22,24,14,15,5,7,6,3,0,15,21,2,12,39,16,15,12,4,11,7,17,11,16,14,0,5,10,0,22,29,11,10,0,19,0,6,4,0,4,24,0,0,27,4,52,5,35,38,11,0,3,10,7,6,4,2,0,7,0,9,16,14,5,7,7,8,7,14,14,1,17,1,4,7,6,7,8,11,5,2,9,0,4,10,9,8,0,16,13,17,12,1,5,4,2,9,4,0,0,0,0,9,2,0,10,0,7,0,0,3,1,0,1,4,3,1,0,11,3,12,9,4,5,3,5,9,0,0,1,5,9,3,2,8,1,10,5,3,16,5,2,0,3,8,6,5,8,2,0,9,2,0,10,17,0,0,1,9,4,10,4,0,9,5,8,0,8,1,6,12,11,4,7,6,5,1,3,8,4,3,18,5,1,6,2,9,11,0,4,4,10,1,0,13,14,9,9,5,1
Ddost,0,0,6,13,2,23,30,7,0,33,18,8,7,11,14,13,0,0,16,0,4,6,30,19,0,17,46,16,18,2,31,16,12,0,12,4,11,27,25,16,2,0,1,22,0,42,6,33,13,5,9,30,2,10,15,20,19,5,33,0,10,16,0,9,3,5,0,26,9,17,10,51,4,10,10,38,31,4,0,21,5,1,8,2,6,7,13,0,0,3,7,8,13,19,2,18,0,8,6,11,11,16,8,11,6,14,0,10,12,17,19,0,20,10,11,15,1,14,14,3,2,2,2,6,9,0,10,4,7,12,0,4,3,0,7,5,9,5,17,8,1,5,7,13,6,14,3,3,7,9,5,3,0,4,19,18,14,13,19,16,8,8,6,21,12,10,4,10,13,9,10,7,3,2,12,1,0,19,10,3,2,8,8,5,7,11,8,18,12,9,4,21,7,17,13,21,6,4,8,10,10,4,4,6,19,24,13,17,2,3,8,27,4,10,14,18,0,4,23,26,7,12,2,12
Mfn2,0,0,0,0,0,0,0,0,0,9,0,11,0,0,25,0,0,0,0,0,0,0,0,0,0,0,0,0,0,0,0,0,0,0,0,0,0,0,0,0,0,0,0,0,0,0,0,0,0,0,0,0,0,0,0,0,16,0,0,0,29,0,0,0,0,0,0,0,0,0,14,0,0,0,0,0,0,0,0,0,0,0,0,0,32,0,0,0,0,0,0,0,20,0,0,0,0,0,14,0,0,0,0,0,0,18,0,0,0,0,0,0,0,0,31,9,0,0,18,0,0,0,0,0,0,0,0,0,0,0,0,0,0,0,0,0,0,0,0,0,0,0,11,0,0,0,0,0,0,10,0,0,0,0,0,22,0,0,0,0,0,0,0,4,0,0,0,0,0,0,0,0,0,0,0,0,0,0,0,0,0,0,5,0,0,0,0,0,0,0,0,0,0,0,0,0,0,0,0,0,0,0,0,0,11,0,0,0,0,0,0,0,0,0,0,0,0,0,0,0,0,0,0,0
Tardbp,0,5,9,2,10,2,8,2,0,5,3,3,0,0,9,0,1,0,9,5,2,2,4,7,0,0,4,0,5,2,7,1,4,2,11,2,0,17,24,2,2,6,7,3,9,7,14,12,10,5,3,23,0,13,1,8,13,10,3,0,3,7,0,0,4,0,0,8,3,0,7,25,8,0,11,12,0,6,0,0,0,0,7,5,6,7,8,1,0,0,7,1,6,1,0,8,7,0,7,5,2,1,0,1,0,6,0,1,8,2,4,0,0,8,9,3,0,6,2,7,0,0,1,0,0,1,6,1,0,0,0,3,0,0,0,2,0,0,4,1,0,0,2,3,0,1,6,0,1,6,9,0,0,0,7,10,2,2,8,7,4,0,5,7,3,1,0,0,4,1,0,3,9,0,6,0,2,1,5,0,0,0,1,1,2,4,0,6,3,11,0,11,0,4,7,9,0,0,5,2,2,3,3,5,4,22,2,5,2,6,6,11,11,4,3,2,8,0,7,3,8,0,0,0
Mxra8,0,2,2,3,2,8,14,26,1,21,7,2,10,4,10,2,0,3,4,0,23,8,25,1,0,3,27,34,2,9,20,3,15,0,11,16,7,7,6,5,16,6,1,2,4,35,9,15,25,2,9,17,1,47,38,2,7,5,4,1,18,9,0,2,16,4,0,26,14,21,6,17,10,24,7,7,5,1,10,14,8,0,23,4,12,15,14,0,0,22,15,12,11,13,4,6,0,6,23,11,7,5,4,8,8,11,2,12,22,14,13,3,12,3,11,11,1,5,22,5,5,3,1,5,0,4,7,6,6,7,1,9,7,1,14,0,2,5,16,7,0,8,0,11,3,1,8,0,2,15,3,3,6,4,11,27,5,9,17,4,7,12,1,3,7,5,1,3,17,5,4,0,12,0,6,2,0,7,7,3,2,0,6,8,18,10,0,19,5,11,10,9,6,6,7,5,2,8,12,4,6,14,12,4,21,17,6,13,4,2,6,23,1,12,15,15,0,2,7,21,9,5,10,8
Psmc2,15,27,28,6,1,49,41,40,4,21,21,12,2,3,10,16,1,4,0,0,34,25,13,12,3,0,11,37,11,14,5,23,20,14,17,6,11,12,20,7,22,22,10,0,0,24,18,0,23,9,5,0,1,28,15,8,22,9,40,6,0,26,6,0,16,0,4,10,0,57,13,18,53,0,14,11,22,13,6,18,0,0,8,6,11,20,28,0,0,0,19,10,29,27,0,21,12,9,6,24,3,25,12,12,9,7,5,21,10,28,10,0,9,34,25,16,0,10,9,12,0,0,11,0,0,0,10,15,0,26,6,1,0,0,0,6,0,12,22,0,0,0,26,20,0,45,9,0,5,12,0,0,0,0,30,15,20,9,13,16,14,6,10,17,13,1,0,2,16,5,0,9,13,0,16,3,0,14,19,0,0,0,1,9,2,19,0,10,13,4,6,19,0,7,22,17,2,19,2,7,10,19,10,0,25,23,7,17,0,11,17,27,0,10,18,33,6,0,27,32,0,0,0,18
Tomm7,9,9,2,6,10,64,48,12,11,8,33,11,16,6,20,28,0,2,17,10,6,3,22,6,0,19,25,4,15,16,24,6,10,18,16,16,7,18,17,9,8,6,16,17,14,6,3,8,12,11,2,17,0,26,14,12,11,10,14,3,2,15,11,0,23,1,0,49,1,59,22,29,33,0,6,0,24,0,0,13,11,5,9,17,14,4,12,9,0,19,8,11,9,5,15,6,9,17,10,10,10,21,3,8,11,16,18,19,12,20,13,0,12,12,17,7,0,18,15,0,12,14,9,7,2,11,12,13,10,5,6,10,7,0,8,9,8,15,12,3,6,0,15,6,0,13,5,12,10,4,7,0,3,17,8,23,13,5,8,0,17,0,8,5,10,8,9,6,30,4,5,5,15,2,24,12,2,8,18,3,4,5,17,14,12,7,0,16,13,19,8,25,4,16,18,0,9,1,0,14,11,4,16,16,22,7,13,15,0,5,16,3,7,10,11,17,1,8,7,39,6,8,8,11
Cdk5,0,11,1,15,0,0,0,5,0,0,10,3,10,0,5,5,0,2,0,5,6,3,11,4,0,0,4,12,3,0,3,2,0,0,0,4,0,5,3,0,0,0,2,4,1,13,1,0,14,0,5,17,0,23,25,0,6,7,0,1,5,0,0,0,16,0,0,0,6,6,2,25,10,5,2,0,9,2,2,5,0,0,7,2,3,4,8,0,0,5,5,6,4,5,4,7,1,2,9,0,4,1,11,4,3,1,0,3,7,2,5,0,5,2,8,2,0,3,12,0,3,1,4,0,0,0,4,6,1,4,1,2,0,0,1,2,7,1,0,2,0,4,2,11,4,7,5,1,0,1,0,2,0,0,6,11,9,8,1,4,8,1,6,2,7,10,0,0,0,4,2,3,5,0,2,3,1,0,0,0,1,2,3,2,3,0,0,6,0,6,1,0,0,1,10,1,6,6,0,2,4,0,0,5,0,1,0,0,0,6,2,21,0,13,11,7,0,2,5,0,9,0,3,1
Slc4a2,0,0,5,0,0,0,0,0,0,8,0,0,0,2,0,0,0,0,2,0,4,0,0,0,0,0,0,0,6,0,0,3,0,0,0,0,0,0,0,0,0,0,0,0,0,11,0,0,0,0,0,0,0,0,0,0,2,0,0,0,5,0,0,0,0,0,0,0,0,0,8,20,16,0,0,0,0,0,0,4,0,0,9,0,10,0,3,0,0,0,3,0,2,7,0,3,0,0,3,4,0,4,0,0,0,2,0,0,8,4,0,0,0,0,11,0,0,0,5,0,0,0,0,0,0,0,0,0,0,1,0,3,0,0,0,0,0,0,0,0,0,0,0,0,0,0,0,0,0,6,0,0,0,0,0,4,2,4,0,0,0,0,0,2,9,0,0,0,0,5,0,0,0,0,0,0,0,2,0,0,0,0,1,0,3,0,0,0,0,0,0,5,0,0,0,0,0,0,2,0,0,0,0,0,1,0,11,0,0,0,11,6,0,0,0,0,0,0,0,5,0,0,0,0
Mpv17,1,1,6,2,0,8,3,4,2,10,5,0,4,4,9,4,2,4,4,0,2,3,0,1,0,0,12,3,10,4,1,5,2,0,2,9,0,5,4,4,2,3,0,4,3,0,6,8,2,3,5,0,0,0,1,7,0,0,5,0,4,1,0,1,0,2,0,8,4,16,6,0,18,1,0,4,7,2,0,3,1,0,4,0,0,3,3,2,0,0,6,2,7,3,0,0,1,1,9,1,4,1,1,2,1,7,0,3,5,6,1,1,3,7,14,3,0,1,4,1,0,0,0,1,0,1,0,6,0,4,3,0,0,0,0,1,0,2,3,1,0,0,15,6,2,3,3,0,4,3,0,8,2,2,6,1,0,2,0,4,1,7,2,1,3,0,0,2,4,0,0,2,2,2,1,1,0,2,2,0,0,4,0,5,5,4,6,8,9,2,4,4,2,3,2,3,0,3,5,6,3,5,4,4,7,5,1,4,2,0,0,3,0,1,8,0,0,0,12,2,0,1,2,1
Ppm1g,5,0,1,0,0,9,0,9,14,1,13,4,4,0,5,6,0,0,0,0,2,12,7,2,0,2,8,3,0,0,7,5,3,6,6,8,2,2,7,4,7,7,8,3,0,4,2,19,13,4,4,5,0,4,11,0,23,0,13,0,0,11,8,0,0,0,0,8,0,1,10,32,0,6,4,6,6,0,0,0,3,0,4,0,3,3,16,4,0,2,0,1,2,4,0,4,2,3,9,0,2,7,1,1,0,6,0,1,3,9,11,0,0,6,1,1,0,0,5,2,0,0,0,1,0,5,5,0,2,2,1,10,0,0,0,0,0,0,5,3,0,0,4,0,0,4,0,0,3,6,2,0,0,8,4,5,0,2,2,6,8,0,5,2,0,6,0,1,2,5,9,3,7,0,4,0,0,3,8,2,0,0,5,1,4,4,0,7,6,0,4,6,0,1,2,19,2,3,4,2,0,0,3,3,10,18,12,0,0,0,1,6,1,4,3,6,1,4,14,5,6,9,0,0
Ube2k,4,2,2,0,2,13,5,10,0,10,11,8,8,1,8,2,0,2,8,0,7,2,8,0,0,5,33,17,2,3,9,4,7,2,2,4,3,10,10,1,7,2,5,0,1,5,8,18,11,1,0,7,2,10,10,4,5,16,7,4,3,5,0,0,0,0,0,10,5,13,7,14,7,2,10,5,6,6,2,3,1,0,4,2,10,11,14,1,0,8,7,8,12,5,3,6,2,9,14,3,11,8,5,8,0,7,0,12,15,6,6,1,7,9,18,11,0,3,7,1,0,0,8,2,7,0,6,2,0,6,2,6,1,1,1,0,2,1,2,1,1,0,2,3,0,10,5,1,5,5,3,5,0,3,10,9,14,1,5,3,7,2,12,7,8,5,0,3,2,4,6,3,2,0,4,1,0,3,9,1,6,1,2,4,0,3,3,2,4,3,2,9,2,4,13,5,5,7,3,8,2,4,1,1,11,7,3,3,0,4,4,11,0,4,3,3,4,0,3,14,5,8,1,3
Ociad1,0,4,15,5,10,7,23,10,3,19,12,17,2,2,7,4,2,0,14,2,19,11,16,8,5,14,36,13,9,6,20,4,13,0,7,16,3,20,13,5,8,9,11,3,4,19,4,21,12,8,4,10,5,8,22,0,1,12,9,0,4,7,0,0,4,0,0,5,4,0,0,31,18,3,12,8,16,5,4,19,0,0,11,5,10,11,11,0,9,6,7,2,9,22,4,17,4,11,11,15,9,4,7,9,3,14,2,12,15,12,5,0,6,9,22,11,0,7,6,5,2,2,3,6,0,0,10,7,2,8,0,16,6,1,0,1,5,4,12,8,3,1,13,12,0,7,6,6,6,3,1,2,4,2,14,6,10,4,4,7,11,5,8,5,10,3,1,8,4,5,2,6,6,2,14,9,0,10,5,3,3,8,6,7,9,6,0,3,12,9,4,10,3,6,10,11,14,3,11,1,5,7,7,4,15,14,7,10,4,5,11,13,0,8,12,17,1,1,18,18,15,6,1,2
G3bp2,0,0,14,0,18,29,26,16,11,16,18,0,9,0,0,6,2,0,0,0,0,8,6,0,0,15,17,17,3,2,14,5,7,0,0,23,0,0,25,4,33,19,2,4,1,16,7,0,13,7,0,17,5,18,24,19,24,0,5,0,7,8,0,0,0,0,3,23,8,0,1,19,12,9,0,8,7,1,13,3,0,0,5,12,5,12,9,0,3,16,4,9,4,7,1,13,9,5,20,19,10,17,9,2,6,7,0,20,17,4,8,3,7,18,19,11,5,6,14,18,0,3,6,0,0,2,19,12,0,14,0,2,3,4,0,2,2,14,20,5,0,1,4,13,0,14,1,7,10,23,7,2,7,9,8,12,11,4,18,10,4,8,6,9,16,12,8,10,7,9,3,0,12,0,13,0,2,7,16,1,6,0,10,14,1,7,10,18,21,6,12,0,6,17,10,10,8,8,7,6,3,1,19,0,17,24,0,4,8,2,8,4,2,2,4,17,10,0,0,14,11,0,3,0
Aff1,0,11,2,0,8,9,0,9,0,14,2,0,7,6,0,0,0,1,0,0,0,7,0,11,0,1,6,10,13,0,12,5,4,0,10,15,0,22,0,6,6,0,10,0,0,13,2,14,20,0,2,9,0,13,39,10,3,8,6,0,8,0,0,0,0,0,0,0,8,6,6,7,31,0,0,4,1,0,0,0,0,2,12,8,7,11,16,0,3,0,8,0,11,10,0,14,1,2,7,8,10,8,6,0,1,9,0,5,1,0,2,0,4,6,4,11,0,0,0,2,2,0,9,0,0,1,12,0,0,14,0,0,0,0,1,0,0,4,3,7,0,0,3,10,0,1,0,0,7,5,0,0,1,0,2,0,6,8,0,9,5,2,0,0,3,5,0,4,7,2,6,10,0,0,0,0,0,12,2,0,2,0,7,5,6,5,2,8,7,2,0,0,0,6,2,4,0,8,5,0,4,0,0,4,6,2,11,0,0,4,0,0,0,0,4,3,1,4,18,8,11,0,0,0
Ttc28,1,3,1,20,0,13,0,18,0,11,10,0,0,0,2,3,0,0,0,0,5,0,16,0,0,0,5,18,2,3,3,9,0,3,4,5,5,9,5,0,8,4,0,0,0,3,0,10,10,1,7,0,0,17,11,0,0,3,0,0,6,0,0,0,6,0,0,19,0,7,0,8,3,4,4,0,3,1,0,4,0,0,11,4,3,10,10,0,1,0,7,5,12,5,0,11,2,4,12,5,9,8,11,7,14,0,0,6,5,0,4,0,1,0,7,7,0,4,1,3,3,0,0,0,0,1,1,4,0,6,0,4,0,0,1,5,0,6,10,5,3,0,5,3,1,7,3,1,4,4,0,0,0,1,3,5,5,8,9,1,6,2,2,0,2,7,4,4,7,7,0,9,4,0,0,0,1,3,0,10,0,0,0,0,10,5,1,2,8,2,2,2,0,5,5,0,2,10,7,1,0,0,16,7,2,4,3,2,0,1,0,0,0,14,0,4,0,0,0,5,2,8,7,9
Kctd10,2,5,14,0,11,25,11,8,21,8,16,0,8,17,21,8,0,2,8,0,13,0,40,6,2,9,23,9,15,6,10,9,5,18,10,16,0,8,7,13,11,11,0,10,1,16,10,7,4,0,2,23,2,26,15,16,8,8,37,9,1,2,0,0,16,0,0,5,26,4,5,39,17,23,4,25,17,0,5,7,3,9,8,6,3,7,20,0,0,0,9,7,12,19,4,4,16,0,18,11,10,15,13,11,0,17,0,11,5,3,5,0,15,14,6,22,0,4,16,8,0,0,0,0,0,3,4,9,0,9,3,0,4,3,0,3,0,8,6,5,0,0,13,3,5,4,4,7,1,7,0,10,0,6,7,6,6,6,5,2,2,9,5,2,6,11,0,1,10,14,17,4,10,0,5,4,0,8,11,0,0,0,11,0,3,3,0,13,0,24,5,9,2,7,14,23,5,4,10,8,2,8,5,5,5,1,10,3,0,0,3,12,0,9,13,18,0,0,12,6,4,20,5,2
Dynll1,0,0,0,0,0,0,0,0,0,0,0,0,0,0,0,0,0,0,0,0,0,0,45,0,0,0,76,40,0,0,0,0,31,0,0,0,0,0,0,0,0,0,0,0,0,70,0,0,0,0,0,0,0,71,0,0,0,0,0,0,0,39,0,0,0,0,0,0,0,0,0,0,0,0,0,0,0,0,0,0,0,0,0,0,37,0,0,0,0,0,0,0,0,46,0,0,0,0,0,0,0,0,0,0,0,0,0,0,0,0,0,0,0,0,0,0,0,0,31,0,0,0,0,0,0,0,0,0,24,0,0,0,0,0,0,0,0,0,0,0,0,0,0,0,0,45,0,0,0,0,0,0,0,0,0,0,0,0,0,0,0,0,0,0,0,0,0,0,0,0,0,22,0,0,0,0,0,0,0,0,0,0,0,47,0,0,0,0,0,45,0,0,0,0,0,0,0,0,0,0,0,0,0,0,0,0,0,0,0,0,0,0,0,0,0,0,0,0,0,42,40,0,0,0
Rplp0,0,8,0,0,11,0,0,0,15,0,0,0,0,0,0,0,0,0,0,0,0,0,0,0,0,0,13,0,17,9,0,0,0,0,0,0,0,0,0,0,0,0,0,0,8,0,0,0,20,0,12,31,0,0,16,0,0,0,0,0,0,0,0,0,0,0,0,0,0,26,0,13,23,0,15,0,5,0,3,7,0,2,1,6,0,0,0,0,18,0,1,0,0,6,0,0,6,0,9,0,0,5,12,0,6,4,0,12,0,23,0,0,0,0,5,0,0,0,0,20,0,0,0,0,0,8,0,11,0,2,1,0,4,3,12,0,8,2,7,0,0,0,0,10,0,0,5,0,0,0,0,0,0,0,0,0,0,0,0,4,0,0,4,7,6,0,0,2,3,0,8,1,0,0,0,0,10,13,0,0,3,10,0,0,0,4,0,14,0,0,6,0,11,0,16,0,0,3,0,0,8,7,0,0,11,0,0,0,5,0,0,0,0,0,0,4,0,9,0,0,0,0,0,0
Erp29,7,0,3,1,10,19,23,20,14,11,20,5,14,7,9,3,0,4,6,0,20,12,16,0,0,7,44,9,4,8,8,12,6,8,0,16,2,18,18,4,5,1,6,1,2,13,2,19,9,0,9,8,2,14,2,0,10,5,12,0,1,13,0,0,15,0,1,7,2,13,3,31,12,6,0,6,14,2,0,5,3,0,16,5,7,14,9,2,11,2,13,8,3,19,1,10,2,8,11,14,4,11,8,5,0,7,1,8,15,7,8,0,19,12,14,11,0,7,12,8,0,0,4,1,0,0,6,8,0,10,0,12,3,0,0,3,0,3,6,3,0,0,13,11,0,12,7,0,6,9,4,2,4,0,12,11,9,5,6,8,4,3,4,4,13,3,0,5,10,5,0,6,8,0,4,0,3,10,10,0,4,8,5,4,5,3,3,3,8,9,7,9,4,7,7,10,8,9,5,3,0,11,3,0,14,16,6,3,4,4,10,16,1,13,6,19,0,0,15,8,10,0,1,4
Atp2a2,0,8,8,5,12,30,17,12,8,9,7,3,1,5,13,7,0,1,6,0,5,11,2,2,6,12,20,3,5,2,12,19,8,0,12,14,5,17,16,1,7,9,9,0,0,6,5,2,9,0,7,4,2,29,21,7,10,0,5,0,3,0,6,0,10,2,1,11,9,14,4,10,10,8,2,6,14,2,0,2,3,0,9,3,12,6,10,2,2,4,16,0,6,12,3,26,5,5,18,12,15,8,3,2,1,2,0,7,10,6,4,0,5,10,9,4,3,8,12,3,3,0,12,7,0,1,4,6,4,10,0,5,1,2,1,0,4,8,10,8,2,1,9,11,2,6,0,2,6,8,1,4,4,4,14,5,9,2,5,13,9,7,0,4,11,5,0,2,10,8,2,2,4,0,2,1,1,9,10,2,0,1,2,5,6,3,0,12,2,12,4,3,0,6,8,14,12,2,12,6,9,0,7,2,3,22,8,5,4,1,2,9,7,2,6,11,5,1,7,6,4,17,10,5
Denr,20,0,13,4,13,33,0,22,0,13,0,0,0,0,28,0,2,0,0,0,0,0,0,0,0,0,0,11,12,0,22,0,0,0,0,20,0,0,0,0,15,0,0,0,0,0,0,0,0,0,0,0,0,14,2,0,0,0,42,0,9,0,3,0,11,0,0,0,0,0,0,0,0,0,0,0,38,0,0,0,0,0,7,9,0,0,23,0,0,5,7,0,0,0,0,0,11,0,0,0,16,0,7,0,10,0,0,23,0,0,0,0,21,16,7,0,0,12,10,14,0,0,0,0,0,0,0,0,0,21,0,11,0,0,0,9,0,0,0,0,0,0,19,0,0,0,0,0,0,10,0,0,0,5,0,17,0,0,0,0,0,13,13,13,11,0,0,0,0,0,0,0,0,0,13,2,0,0,0,0,0,0,0,6,0,0,0,0,11,0,0,0,8,0,4,0,0,0,6,0,0,8,0,0,14,0,0,5,0,0,15,0,0,7,8,0,0,0,16,14,0,0,0,0
Arl6ip4,0,0,0,12,1,0,12,6,0,16,16,0,4,10,27,9,0,12,10,0,11,8,0,0,0,0,34,14,16,0,0,0,20,0,0,0,0,5,20,0,16,27,0,0,0,0,12,25,0,0,10,0,0,8,4,12,9,0,0,0,24,11,8,0,4,0,0,0,0,28,0,16,40,0,0,0,33,0,0,7,0,0,9,6,11,10,15,0,0,15,16,0,6,13,0,14,0,0,8,13,8,9,19,0,0,15,0,17,11,5,0,0,13,7,25,0,0,20,13,0,0,0,4,0,0,0,6,0,0,10,0,6,0,3,0,0,0,0,0,4,0,0,9,3,0,21,0,0,9,1,0,0,0,0,0,16,10,0,13,0,17,15,3,0,4,4,0,3,0,0,0,0,0,0,0,0,0,16,8,0,0,0,12,0,11,4,0,0,11,6,0,19,3,5,18,3,0,3,4,6,0,18,0,4,0,5,6,3,0,4,3,11,10,12,5,15,0,0,9,0,6,0,0,2
Polr2j,7,9,8,3,0,26,14,4,7,2,14,0,11,5,10,0,2,0,0,0,2,9,14,3,0,2,13,2,1,2,4,5,2,2,8,2,0,15,3,0,22,0,9,1,2,10,9,12,11,1,6,3,1,3,0,0,17,5,14,9,8,2,6,2,0,0,0,17,11,15,0,23,15,4,10,13,6,1,5,1,0,2,4,6,4,0,8,0,8,6,6,2,2,13,2,9,6,11,4,5,6,6,4,2,5,3,5,5,12,10,1,0,13,12,6,6,0,9,2,5,3,0,6,3,0,2,4,4,4,1,7,7,3,0,2,3,3,3,7,0,0,1,4,8,11,5,1,5,1,5,0,2,0,5,4,11,7,4,4,14,0,0,10,6,1,9,4,5,8,6,5,0,0,2,4,0,0,8,2,3,8,3,4,9,7,2,0,5,3,7,8,5,3,8,2,5,3,5,0,5,0,1,1,4,16,6,4,5,2,2,5,13,6,5,4,3,1,0,2,21,9,0,0,4
Fis1,0,6,0,0,0,35,0,0,21,38,0,0,6,0,76,8,0,0,0,0,30,0,0,23,0,0,70,0,0,0,0,0,20,22,37,23,0,19,0,0,39,0,0,0,0,0,0,27,0,0,0,0,0,0,0,0,0,0,50,0,0,0,0,0,0,0,0,0,0,0,21,73,32,0,32,27,52,0,0,0,0,0,0,0,36,28,0,0,0,0,0,16,0,23,0,0,0,0,32,18,0,0,0,0,0,0,0,0,18,18,0,0,0,28,10,9,0,18,10,0,0,7,0,11,0,0,10,0,0,0,0,0,0,0,0,0,8,0,0,4,0,0,0,0,0,0,0,0,0,23,0,0,0,0,0,0,22,0,0,14,0,11,0,8,0,0,0,0,0,13,0,0,0,0,0,0,0,0,0,0,0,0,0,0,34,13,0,0,0,0,7,12,0,0,9,22,0,19,6,15,0,0,22,0,13,0,0,0,0,17,7,0,0,0,31,0,0,0,20,29,0,0,0,0
Eif3b,14,17,3,0,11,22,21,7,21,9,26,6,12,3,28,8,2,3,4,0,17,15,11,1,0,15,26,19,15,16,15,7,8,11,6,18,5,13,29,10,10,15,2,2,4,15,22,24,13,3,7,42,2,10,16,6,23,14,26,0,9,8,5,0,19,0,4,12,7,17,12,39,39,21,2,13,28,7,0,8,1,0,14,5,19,12,27,5,10,4,12,3,27,20,1,16,11,12,25,11,4,13,5,6,0,12,1,17,19,18,13,4,11,25,31,8,0,23,7,8,3,1,10,5,4,4,6,2,1,12,3,14,8,0,0,0,1,15,9,5,0,0,13,13,0,11,3,5,8,9,10,2,1,6,15,18,11,11,12,17,6,5,9,20,10,14,4,10,16,12,9,12,11,1,12,1,5,15,19,3,3,4,16,16,6,14,6,12,18,16,5,15,4,4,12,13,1,8,17,6,5,4,8,2,19,14,19,5,2,10,8,15,6,4,7,36,1,2,14,15,14,9,1,2
Smurf1,9,0,2,0,0,1,3,0,0,0,6,0,0,1,0,3,0,1,4,0,5,2,0,1,0,1,0,0,5,0,8,0,1,2,0,6,0,6,0,0,4,0,0,3,3,9,9,0,0,4,2,0,1,0,1,6,3,3,4,2,1,8,0,0,7,0,0,1,0,6,3,5,4,0,0,0,0,0,0,0,0,0,0,0,1,7,0,0,2,0,3,1,5,6,3,5,1,0,2,1,4,4,2,0,3,0,0,3,0,0,0,0,3,5,1,0,0,6,5,4,0,0,0,0,1,0,3,1,0,6,0,0,4,0,0,0,0,5,0,3,0,0,6,2,0,3,1,0,1,2,1,2,0,0,5,3,1,6,1,0,0,2,0,5,0,0,3,4,0,0,4,0,2,0,0,0,0,0,0,0,0,0,2,0,0,0,0,0,0,4,0,3,1,1,0,1,0,4,2,1,0,2,1,1,2,2,0,0,0,0,1,2,0,2,0,2,0,0,0,3,3,0,0,2
Arpc1a,2,0,3,4,5,6,0,0,0,18,3,2,5,2,8,1,0,0,2,0,5,4,0,0,0,8,11,9,5,9,5,0,3,3,6,3,0,3,4,4,7,7,0,5,0,11,3,0,2,0,0,4,2,8,14,11,0,2,7,8,0,0,0,0,0,0,2,0,0,24,7,9,15,0,9,7,0,7,0,0,0,0,4,5,2,1,0,0,0,8,11,0,1,8,0,4,4,3,4,1,1,4,7,0,3,2,0,3,5,11,3,0,8,0,5,1,0,5,4,0,0,3,0,0,0,0,2,2,0,0,0,1,3,0,0,0,0,6,5,6,0,0,1,2,6,7,2,0,1,7,2,0,0,0,11,2,3,2,0,0,5,1,8,1,3,0,0,2,4,1,0,5,4,0,5,7,0,1,4,1,2,1,6,2,2,3,0,6,5,9,7,2,0,0,0,8,2,1,1,4,4,5,6,1,0,3,2,1,1,2,2,9,2,1,6,6,0,0,5,3,6,0,3,0
Polr1d,3,15,13,9,6,5,34,20,6,10,3,2,7,7,4,8,0,2,7,2,1,0,12,9,1,9,22,12,5,5,14,5,9,7,3,19,5,12,38,9,0,10,3,0,8,12,12,15,23,2,14,5,0,6,9,32,16,0,30,2,12,5,0,0,25,0,0,20,2,0,6,14,24,1,8,8,20,11,7,11,5,0,9,1,8,16,21,4,6,2,5,5,11,11,9,6,13,5,3,3,8,3,4,12,7,5,11,5,5,26,13,0,15,18,14,16,0,8,18,12,2,3,3,7,0,2,11,12,12,3,5,7,2,4,6,1,6,5,8,2,4,2,15,11,2,11,6,2,4,10,10,4,2,0,15,16,3,4,5,14,9,14,12,11,8,2,8,3,17,2,21,2,6,2,9,4,0,9,20,3,1,2,17,11,6,8,5,6,18,17,0,17,8,9,7,11,7,0,9,16,7,4,2,3,19,8,11,12,3,6,4,13,4,7,3,25,4,4,7,16,3,0,4,2
Hsph1,3,5,4,3,6,8,0,15,1,2,5,3,2,0,8,4,1,0,2,0,1,6,0,0,7,18,1,4,4,0,11,23,8,3,9,3,1,11,7,3,0,4,8,4,0,5,5,4,2,2,6,3,0,9,3,2,7,3,0,0,9,11,3,0,2,0,4,7,0,10,3,13,3,1,6,0,11,6,0,2,0,0,1,3,0,3,7,0,4,7,5,3,5,14,2,0,4,5,3,3,11,0,0,4,6,3,0,6,8,1,4,0,3,9,11,20,0,2,4,3,0,0,1,7,0,7,0,3,1,1,0,5,0,3,0,0,0,1,13,12,0,0,0,2,0,8,3,6,0,1,3,0,0,0,4,6,2,7,2,2,2,12,2,3,6,10,0,2,3,2,5,4,3,3,5,0,0,5,2,0,0,2,3,0,3,0,0,6,0,10,2,6,2,0,3,3,2,3,7,2,0,0,2,3,17,11,5,1,3,4,3,6,2,0,4,2,0,0,14,2,5,0,11,1
Shfm1,12,16,31,15,23,68,43,32,19,47,39,15,25,22,34,29,8,11,13,7,23,30,22,14,10,20,69,39,26,19,41,42,14,30,27,30,11,31,66,24,27,16,40,17,20,48,34,52,23,8,17,15,9,43,15,21,9,24,39,4,12,22,7,0,40,6,0,27,14,75,12,76,58,18,25,19,44,16,22,21,7,8,38,33,26,24,28,7,16,24,38,31,12,16,11,22,14,32,36,12,31,30,21,23,15,23,20,35,43,48,13,2,41,28,44,34,6,18,19,36,5,5,1,14,5,11,34,19,22,30,12,20,9,12,14,5,17,18,23,7,5,8,20,29,2,48,22,15,21,17,10,11,8,6,17,29,21,23,16,16,16,17,33,18,46,23,12,23,39,19,25,24,23,7,35,19,6,21,21,2,14,32,14,23,12,26,6,23,25,32,27,35,10,14,23,9,24,14,24,30,14,13,26,15,27,16,16,14,17,18,32,20,5,2,29,23,13,14,28,33,39,1,6,8
2610001J05Rik,5,2,6,3,6,29,9,4,8,8,2,0,1,5,8,10,0,4,4,3,10,5,5,1,0,6,11,20,2,1,11,6,6,7,3,5,0,18,14,6,10,15,0,6,5,6,3,12,9,0,4,5,2,1,11,0,5,3,5,1,4,6,0,4,2,1,6,21,10,28,3,10,17,0,6,5,4,3,3,5,0,0,2,1,7,3,12,2,2,7,2,6,1,9,0,4,5,0,6,8,12,13,5,5,9,4,1,9,3,8,9,0,9,10,12,6,7,3,11,5,8,5,6,8,0,0,11,2,1,3,1,9,0,2,0,0,0,1,3,5,0,1,7,3,0,6,0,4,4,5,2,2,1,10,11,7,3,7,1,5,6,3,11,4,6,10,0,0,8,5,0,1,2,0,5,6,1,5,7,0,1,3,0,2,0,7,0,11,1,3,2,11,1,3,8,12,0,4,8,0,7,4,3,1,8,5,2,3,3,6,2,5,3,0,10,6,5,1,9,15,7,6,6,2
Flnc,8,13,0,4,3,9,18,9,8,20,9,6,4,6,17,3,0,3,0,2,0,3,5,4,1,12,2,6,10,4,0,6,0,3,1,10,0,13,17,6,11,9,0,6,0,18,3,4,11,2,17,9,1,4,21,9,0,0,6,6,4,1,3,0,4,5,0,11,0,24,15,23,4,4,5,0,12,3,2,3,0,0,5,1,7,7,6,0,0,4,3,2,7,3,0,5,0,3,8,7,4,2,5,4,0,6,5,2,10,14,3,0,4,2,12,13,1,1,13,2,3,2,0,0,2,0,4,1,5,3,0,7,0,0,1,0,0,0,1,2,1,0,6,7,0,5,0,0,3,5,4,0,2,2,3,5,7,6,4,4,6,3,11,0,13,12,0,3,6,9,2,2,1,4,2,1,0,3,5,1,2,0,9,6,1,2,0,3,1,9,2,3,4,2,5,2,2,9,1,0,2,5,5,0,4,19,6,2,0,3,4,5,0,6,4,9,0,4,7,2,11,2,4,0
Tax1bp1,1,5,6,5,11,20,4,8,15,20,20,6,6,0,9,7,0,1,7,0,13,3,14,4,0,3,20,8,3,6,9,1,4,10,3,0,7,10,4,3,19,11,13,6,0,13,22,14,14,5,6,20,4,19,10,4,8,0,3,0,7,16,1,0,12,0,3,10,7,28,4,6,16,5,0,0,11,2,7,6,1,0,12,3,4,8,7,4,4,9,4,9,6,7,5,12,10,13,3,11,14,6,19,11,6,12,4,14,7,12,10,0,15,8,21,3,0,10,8,5,0,6,3,4,2,2,7,0,2,6,3,2,8,1,2,12,5,2,2,3,0,1,4,5,0,9,18,0,9,11,6,3,2,3,8,3,6,6,10,16,5,3,9,14,15,6,1,2,7,5,3,3,9,3,7,2,1,4,10,1,2,3,5,5,5,8,0,7,6,5,3,1,0,1,7,2,9,6,19,3,2,5,5,0,11,11,5,8,2,5,2,10,1,3,18,5,9,1,4,12,11,0,6,2
Fkbp14,11,3,0,0,7,0,0,0,2,20,0,0,0,3,3,1,1,0,1,0,1,0,8,9,0,1,13,11,0,0,3,0,0,0,11,10,0,10,0,5,8,0,9,6,0,18,4,13,0,0,3,0,0,13,8,0,0,0,0,0,4,0,0,0,3,0,1,0,5,25,0,17,13,0,7,0,0,3,0,0,0,5,20,0,0,8,13,0,3,18,11,6,0,0,0,26,0,13,6,6,6,0,5,12,0,11,0,8,8,3,11,0,9,0,4,0,4,0,9,0,0,2,0,0,0,0,10,0,10,4,0,0,2,0,8,0,0,4,3,9,0,0,8,5,0,7,3,0,5,6,3,0,0,3,2,10,5,0,10,0,2,0,11,0,0,0,0,3,6,0,0,0,4,0,0,3,0,2,8,0,0,0,5,0,9,3,2,6,2,7,9,0,0,2,0,7,0,0,5,3,9,7,0,0,7,1,7,4,5,0,2,7,0,0,9,0,0,0,1,5,0,5,0,4
Mrpl35,0,0,1,2,8,0,0,14,0,6,0,14,0,0,0,0,0,0,0,0,1,0,8,0,0,0,15,9,6,0,0,0,7,0,4,0,6,0,6,0,0,0,0,0,0,0,10,0,0,0,7,0,0,0,0,0,9,0,12,7,2,0,0,0,0,0,0,0,0,0,0,2,0,0,0,0,0,0,0,0,0,0,0,0,7,0,0,0,0,2,5,0,7,2,11,0,8,0,17,0,0,5,0,0,0,0,0,20,5,0,0,0,0,0,11,2,0,0,0,0,0,0,0,0,0,0,0,0,0,0,0,3,5,0,0,0,0,3,9,4,0,1,14,0,0,0,0,1,0,0,0,1,0,1,0,0,0,3,0,0,0,3,2,0,16,0,0,0,0,3,0,0,0,1,0,4,0,3,0,0,0,0,2,0,0,11,0,3,0,0,0,19,4,0,0,0,0,0,8,0,0,0,0,0,0,0,0,0,0,4,0,0,1,0,11,9,0,1,7,0,0,0,0,0
Immt,12,10,0,2,16,17,0,15,7,7,16,10,7,0,2,5,0,1,2,0,6,9,21,5,0,0,5,1,9,1,19,7,4,6,4,1,5,2,5,8,5,3,6,0,0,16,8,5,9,0,7,13,4,17,16,13,10,0,11,0,8,2,0,0,5,0,0,24,0,14,2,0,3,0,13,5,5,6,0,8,0,0,9,4,0,15,9,0,4,0,15,2,8,6,4,6,11,4,9,9,0,10,0,8,0,13,2,5,7,13,13,0,9,7,7,8,0,13,12,3,0,0,2,10,0,0,3,2,0,7,2,6,0,1,0,0,0,0,3,4,0,1,0,4,0,3,0,0,5,6,4,0,0,6,2,12,2,10,4,4,11,1,14,10,8,1,0,6,15,2,1,5,6,0,8,3,0,8,11,0,4,0,8,13,3,12,0,6,3,7,3,14,0,9,12,9,8,5,1,2,2,11,5,0,3,12,6,1,0,0,3,11,0,0,10,14,1,5,7,10,7,0,0,3
Mat2a,8,6,0,0,0,6,2,6,0,4,4,0,9,2,6,5,0,0,4,0,0,10,7,18,2,0,0,0,9,5,5,4,0,0,0,0,0,16,22,0,10,9,0,0,1,12,7,6,15,4,0,0,8,1,4,0,6,1,30,0,4,6,0,0,9,0,0,11,0,0,0,21,0,0,24,1,0,0,0,2,0,0,2,0,11,0,2,0,0,8,4,0,10,4,0,0,0,0,6,4,0,11,0,0,6,5,0,6,0,4,3,0,1,7,4,2,0,4,10,9,0,0,6,0,0,0,1,0,10,0,0,5,0,1,0,2,0,0,0,0,0,0,4,6,0,0,0,0,0,0,5,0,0,0,4,14,1,0,3,0,10,0,5,0,10,0,0,0,0,8,0,5,0,1,5,0,8,3,2,0,0,0,8,0,0,0,0,7,7,8,0,0,0,3,2,0,0,8,4,0,0,2,9,0,0,6,9,4,5,0,9,0,7,0,8,6,0,0,0,1,0,0,0,0
Aup1,13,14,9,0,0,18,1,4,0,18,10,0,2,0,0,3,0,0,0,0,7,5,5,3,1,0,22,1,4,9,3,7,6,0,9,5,2,9,10,11,5,0,0,0,9,20,0,2,5,2,9,10,4,0,9,6,3,5,6,0,0,4,0,0,6,0,0,22,4,15,13,23,1,6,2,15,11,0,0,1,0,0,0,4,6,3,0,2,4,4,2,2,14,2,1,3,1,6,9,9,5,3,4,2,2,11,1,2,10,7,9,7,5,6,2,4,0,5,6,0,5,2,1,4,0,0,4,3,0,5,4,3,3,1,1,1,2,5,5,0,0,0,5,7,0,10,4,2,1,0,0,3,0,0,3,8,5,1,0,2,4,4,17,3,18,5,5,2,2,2,7,3,1,1,3,2,1,4,4,0,2,0,4,0,5,1,0,6,9,0,0,8,1,5,9,6,1,0,11,2,2,5,1,3,3,3,13,6,2,0,4,7,1,8,6,6,3,0,3,7,3,0,3,0
Dysf,0,0,8,5,0,0,0,0,0,0,11,0,0,0,0,3,0,0,0,0,0,0,0,0,0,0,1,6,13,0,0,7,3,4,0,0,0,6,0,0,4,0,0,0,0,0,2,0,0,0,0,0,4,0,9,0,0,0,0,0,0,0,0,0,0,0,0,0,0,0,0,11,13,0,7,0,0,0,0,0,0,0,17,0,0,12,0,0,0,0,0,0,5,0,0,0,0,0,0,0,0,0,0,0,0,3,0,0,0,0,0,0,0,3,0,4,0,1,0,0,0,0,6,0,0,0,0,0,0,7,0,1,0,0,0,0,0,9,0,0,0,0,0,0,0,0,0,0,0,0,2,0,0,0,0,4,0,0,3,3,5,0,0,1,0,0,0,0,5,0,0,0,0,0,2,0,0,0,0,0,0,0,0,0,0,0,0,0,0,2,0,0,0,2,0,0,0,0,0,1,0,0,12,0,2,0,0,0,0,0,0,0,0,0,0,0,0,0,0,0,2,0,0,0
Nfu1,4,10,5,2,2,7,14,8,0,5,12,6,20,1,8,4,1,5,4,2,9,4,10,1,1,6,13,4,3,3,18,5,8,6,8,11,3,8,37,10,10,9,0,0,9,9,2,11,0,3,6,17,0,9,16,4,16,7,1,5,10,9,3,1,3,8,5,8,13,0,1,9,5,4,0,9,17,4,0,9,0,0,1,4,4,14,14,0,3,7,18,5,12,8,4,0,6,3,16,7,4,1,7,7,3,14,0,14,12,15,5,0,5,7,18,6,0,4,15,10,3,0,2,4,2,4,15,5,0,7,4,15,2,7,3,6,4,5,2,1,0,0,4,6,2,21,6,2,2,19,4,2,0,1,11,16,4,7,5,11,2,1,12,9,18,6,2,8,11,13,10,5,5,0,9,4,3,6,6,1,0,4,2,2,1,8,0,1,3,18,0,17,3,8,3,8,5,3,10,2,2,7,5,2,7,6,9,6,1,4,6,7,0,2,9,9,3,0,11,7,9,0,0,1
Uba3,1,5,5,9,2,4,8,0,3,13,5,12,1,2,16,6,0,0,5,0,9,15,6,5,2,3,9,10,12,0,5,3,3,0,9,10,6,15,18,2,11,7,11,3,0,5,4,6,15,3,7,5,2,11,17,0,12,7,13,0,3,10,0,0,17,0,0,9,2,28,0,16,13,0,2,5,2,0,0,8,2,0,9,13,8,6,9,2,9,2,6,3,5,14,3,5,5,4,10,7,6,8,5,2,1,13,5,8,10,6,4,1,6,5,8,9,2,15,7,5,1,0,8,4,0,3,10,2,1,2,3,2,0,3,2,1,3,3,7,2,0,0,6,0,2,1,1,2,10,4,3,0,0,7,7,2,6,11,4,3,6,6,11,5,10,6,3,3,4,2,1,3,3,0,2,11,1,5,2,0,3,4,3,1,1,4,1,4,7,9,7,6,2,0,13,4,4,6,10,6,2,4,6,7,2,11,9,3,3,5,4,2,1,2,7,4,3,0,1,8,10,6,5,4
Arl6ip5,22,4,9,14,11,29,1,24,7,12,4,0,12,13,13,18,2,0,14,0,17,19,18,16,3,9,38,23,23,3,15,13,21,13,17,16,9,23,27,8,10,0,13,16,7,19,10,13,25,3,18,21,4,27,24,34,18,8,2,3,14,12,16,8,29,0,2,25,1,66,5,56,44,16,11,8,10,1,0,7,0,0,19,4,17,10,10,0,8,11,19,4,15,5,3,7,4,8,22,9,9,20,15,15,4,10,6,23,14,14,16,0,15,20,12,6,0,15,11,9,0,0,1,10,1,5,7,4,0,8,0,16,3,0,1,0,6,4,18,8,2,0,16,10,0,15,11,4,2,11,7,0,6,4,9,24,16,11,4,12,4,1,34,12,20,13,1,8,14,7,5,9,7,6,19,0,2,9,10,0,1,8,10,2,14,6,0,16,8,13,10,16,4,13,13,12,10,6,9,8,7,5,2,0,29,9,5,9,3,3,15,14,4,3,5,8,5,2,7,20,17,0,2,8
Arpc4,3,33,29,1,0,60,26,41,25,26,33,9,9,8,52,28,13,6,31,0,24,18,51,32,0,0,52,31,21,34,35,30,11,40,23,48,12,20,32,29,36,38,17,12,0,40,9,0,57,3,16,8,9,0,19,24,22,10,45,1,13,16,6,10,0,0,12,46,17,31,45,45,93,30,15,28,67,11,28,13,14,0,49,21,7,33,38,19,16,17,4,14,25,41,17,13,25,11,18,13,56,14,23,19,12,34,4,23,11,41,21,9,7,38,53,20,4,21,14,13,7,6,19,2,8,9,20,5,4,11,9,18,21,8,4,0,6,24,4,14,3,4,43,23,11,31,24,16,13,18,19,2,0,11,47,26,19,16,34,24,19,21,47,19,54,20,14,15,43,14,41,7,21,7,36,3,8,26,31,0,8,16,21,6,30,12,7,25,3,15,11,13,18,27,3,28,0,30,18,26,7,17,25,0,22,15,16,16,9,4,8,42,13,28,6,47,18,2,40,71,18,28,18,2
Jagn1,5,2,6,6,6,0,10,11,8,3,6,3,7,2,5,3,0,0,1,3,0,5,7,1,0,12,16,2,12,5,3,0,5,0,0,9,1,10,7,1,0,4,3,5,0,13,5,9,0,2,0,14,5,0,6,3,13,5,6,2,7,10,0,4,1,0,1,6,0,5,1,17,8,3,4,8,3,1,3,5,0,2,5,0,3,3,6,1,0,4,2,0,5,11,0,0,4,5,14,5,5,1,3,8,4,1,2,2,6,6,1,0,5,9,9,4,0,3,12,0,2,0,6,2,0,1,6,2,3,5,1,5,3,0,1,2,0,6,2,2,3,0,0,3,0,7,1,5,3,7,1,0,0,0,7,6,4,3,4,2,8,4,4,1,8,4,4,2,2,3,2,4,6,1,4,6,0,1,6,2,0,0,4,2,8,4,0,8,3,2,5,2,1,3,1,4,4,2,0,1,3,6,6,0,3,4,2,5,2,1,2,3,1,4,3,3,1,0,8,6,4,0,0,3
Hnrnpf,0,0,0,0,0,1,13,14,12,7,7,0,2,2,0,6,0,0,0,0,5,11,4,0,0,0,6,6,0,1,7,10,0,0,5,10,0,0,8,0,0,11,0,0,0,0,0,0,9,0,0,14,0,0,0,0,9,0,0,0,0,9,0,1,5,0,0,9,2,0,5,0,0,0,4,0,9,0,0,1,0,0,0,0,0,3,5,0,0,0,1,0,2,8,0,7,1,0,0,6,0,1,4,2,0,0,0,0,0,3,6,0,0,13,0,1,0,9,3,0,0,0,4,0,0,0,0,0,0,0,0,2,0,0,0,0,0,2,0,0,0,0,6,7,0,10,0,0,5,5,0,0,0,0,12,5,0,1,1,0,2,2,11,7,9,0,0,2,9,4,0,9,0,0,7,0,4,0,15,0,0,1,1,4,3,8,0,0,0,0,0,16,0,0,6,4,0,0,2,0,2,0,4,0,9,0,3,4,0,0,6,10,0,2,7,0,0,0,0,8,4,0,0,1
Wnk1,0,0,34,0,8,6,12,9,25,20,5,4,0,6,0,5,0,0,3,1,8,6,0,0,0,0,24,17,11,0,4,16,0,31,7,0,0,6,0,6,0,0,0,0,1,56,0,25,10,2,0,24,0,0,4,0,0,0,5,0,3,20,3,2,11,0,0,8,9,63,0,73,22,21,4,2,37,15,13,0,4,0,0,9,18,0,21,0,2,0,0,9,18,14,14,11,19,17,0,9,30,1,13,10,29,35,0,20,35,2,12,0,17,0,11,12,0,12,5,6,4,0,0,6,0,0,7,0,5,0,0,5,12,0,0,3,9,0,21,0,0,0,17,9,0,5,1,0,7,16,6,0,0,10,5,2,14,4,8,8,0,19,13,0,17,18,0,7,2,6,15,7,0,1,10,0,0,15,13,0,0,2,0,6,7,4,0,19,3,13,2,12,4,7,0,0,3,0,0,0,5,3,11,0,8,14,0,4,4,12,5,2,21,8,16,18,0,0,0,14,17,26,2,0
Atp6v1e1,2,8,2,9,9,11,10,15,0,27,2,2,4,6,16,3,4,4,1,0,9,2,8,2,5,8,3,15,10,3,17,11,6,5,11,10,0,5,5,14,9,1,14,0,0,14,6,3,1,6,0,2,0,10,15,6,6,10,2,1,6,0,0,0,12,0,3,4,5,43,6,15,24,0,14,14,0,0,8,4,0,0,9,4,4,4,6,0,2,7,0,10,11,9,8,5,3,10,8,14,8,1,21,14,0,6,5,5,16,8,9,0,8,0,15,2,0,1,8,7,1,1,8,6,3,4,13,1,0,4,6,6,5,0,6,2,1,1,1,12,0,0,4,0,5,0,8,4,6,16,2,0,0,2,2,3,5,11,3,5,9,8,12,4,12,9,1,6,12,2,0,0,3,0,7,5,0,4,12,5,1,6,11,2,7,0,0,9,2,9,0,1,9,2,7,7,6,2,6,2,2,7,2,0,13,8,6,5,0,4,5,5,3,2,5,8,2,0,11,4,0,1,2,5
Emg1,0,7,7,0,10,4,11,2,11,3,7,0,4,0,0,5,0,4,5,0,0,4,0,0,0,7,10,6,7,6,9,1,5,0,3,0,0,5,6,3,9,5,1,0,0,7,14,2,0,2,11,8,0,0,0,1,6,0,10,0,0,6,1,0,5,0,0,0,7,0,4,0,38,8,0,0,0,5,0,1,0,0,0,0,9,0,3,1,0,0,7,0,4,8,0,3,3,0,0,7,0,7,1,2,0,0,0,2,3,2,0,0,7,13,3,3,0,3,3,1,0,0,0,0,0,0,6,5,0,2,0,1,0,2,0,0,0,5,5,3,0,0,1,0,5,1,4,0,8,5,1,0,0,4,6,4,1,2,0,6,0,3,13,0,5,2,0,5,1,1,6,4,2,0,4,0,0,5,3,0,0,0,2,3,0,1,0,2,4,3,3,12,1,5,10,2,0,0,0,4,0,1,0,0,6,13,8,6,1,0,6,4,0,3,3,9,3,0,3,9,10,0,0,0
Cops7a,0,0,6,2,4,11,22,20,5,15,10,2,5,8,8,9,0,3,0,1,10,5,17,4,3,0,11,4,2,3,9,5,4,2,0,6,0,14,12,9,4,1,0,5,0,23,6,15,7,1,8,10,0,0,0,0,4,6,8,0,5,8,4,2,7,0,0,14,3,0,10,26,0,9,5,11,7,5,0,2,0,0,8,5,10,4,8,1,0,10,15,3,15,9,3,8,2,1,15,8,12,4,1,9,0,0,1,4,5,6,5,0,4,9,14,3,0,7,5,3,0,0,4,7,0,0,3,0,0,3,0,9,4,0,1,0,0,4,0,4,2,0,1,4,4,9,10,4,1,2,1,2,1,2,5,8,3,0,3,2,3,0,4,4,11,9,0,3,3,5,12,10,1,1,3,1,1,0,15,0,0,0,2,4,2,5,0,8,6,10,10,10,0,7,2,3,7,3,4,4,2,8,4,1,12,4,2,6,3,7,3,3,4,7,13,13,0,0,5,17,11,2,0,0
Ccnd2,26,29,14,26,11,85,15,22,17,34,63,0,21,5,18,3,0,7,1,1,11,18,34,16,2,40,42,14,26,13,13,21,39,43,18,32,17,32,24,14,21,19,6,4,3,24,17,47,21,10,8,22,2,0,58,2,56,15,15,0,18,31,4,6,16,0,13,28,19,44,7,94,56,4,14,14,26,13,3,25,0,0,14,6,32,15,16,5,10,20,29,13,17,25,3,46,30,9,20,32,21,15,29,18,20,30,0,10,31,43,16,0,26,10,36,22,2,7,24,6,4,2,4,23,4,0,25,16,0,15,3,6,0,2,13,8,0,10,18,10,0,1,8,9,2,35,30,1,21,25,4,2,3,4,5,11,16,6,25,5,15,7,15,16,33,54,2,10,14,16,28,6,12,3,5,6,4,10,9,3,2,14,9,10,23,3,0,14,13,7,10,11,1,12,11,14,33,17,23,10,2,13,11,5,14,38,16,23,2,13,5,11,15,12,20,6,0,2,16,30,31,6,24,3
Arhgdib,6,8,18,14,19,80,28,18,13,21,12,13,11,7,24,5,14,0,9,1,3,17,19,0,0,43,45,0,28,7,9,8,18,18,15,5,4,20,31,8,14,12,10,16,9,46,6,22,32,7,4,0,13,0,39,27,0,13,41,5,7,24,0,4,14,2,18,13,12,12,13,52,8,5,30,27,23,5,22,12,9,6,20,16,0,16,0,1,6,13,29,13,13,15,11,17,12,9,27,1,0,4,22,1,12,18,5,11,12,34,0,1,12,29,17,4,1,0,13,6,7,1,8,14,2,3,21,7,4,7,3,0,16,4,14,1,7,10,8,14,3,4,11,17,7,11,7,7,16,5,7,5,1,26,6,0,10,10,10,13,1,3,21,2,13,4,10,9,12,19,18,3,13,6,2,11,5,8,6,5,1,5,12,11,10,10,2,24,0,14,4,21,10,8,16,14,1,16,18,24,3,9,3,2,3,8,17,4,13,11,24,23,8,3,14,0,2,6,19,1,22,0,5,12
Gm6654,0,0,0,0,0,0,0,0,0,33,0,0,0,10,0,14,0,5,0,0,0,0,0,0,0,0,0,0,0,0,0,0,0,0,0,0,0,0,0,0,0,0,0,0,0,0,12,0,0,0,0,0,0,0,0,0,0,0,0,0,0,19,0,0,0,0,0,26,20,0,0,0,0,0,0,0,0,0,0,0,0,0,21,0,0,0,0,0,0,0,15,0,0,0,0,20,0,0,21,0,0,0,0,11,0,13,0,0,0,0,0,0,0,0,0,12,0,0,12,9,0,0,0,0,0,0,0,0,0,14,0,7,0,0,0,0,0,0,0,0,0,0,0,0,0,0,0,0,0,13,0,0,0,8,0,15,0,0,0,0,0,0,0,0,0,0,0,0,0,0,0,0,0,0,0,0,0,14,5,0,0,0,0,0,0,0,0,0,12,20,0,0,0,0,0,0,0,0,8,9,0,0,0,0,0,0,0,0,0,0,0,11,15,0,0,0,0,0,0,0,0,0,0,0
Tsen34,4,0,0,0,0,0,14,0,5,0,2,0,3,8,7,3,0,0,10,0,0,2,0,0,2,0,0,6,0,0,5,1,4,0,0,0,0,0,5,0,5,6,0,0,0,4,5,14,0,0,0,4,0,11,0,0,0,0,6,0,3,6,0,0,0,0,0,17,0,0,6,5,8,0,0,5,10,0,0,5,0,0,4,0,0,0,0,0,0,0,0,0,0,0,0,0,0,0,4,0,4,1,0,0,0,6,0,4,0,5,10,0,2,3,0,6,0,2,0,0,0,0,0,8,0,0,0,0,3,6,1,6,0,0,0,0,0,0,6,0,0,0,0,0,0,0,0,0,0,3,0,0,0,0,4,5,0,0,0,1,0,0,0,0,0,0,2,0,4,7,0,0,0,0,0,0,1,2,8,0,1,0,0,3,1,0,0,0,0,4,0,2,5,1,3,0,0,0,0,5,0,0,0,0,6,4,4,0,0,3,0,6,0,0,2,6,0,0,10,1,14,0,0,0
Rps5,23,34,49,29,60,148,119,51,59,73,64,23,46,31,62,54,12,17,44,16,43,49,46,33,15,52,143,67,74,29,54,34,42,32,24,51,21,76,92,47,71,27,56,6,29,40,83,82,67,20,37,60,16,67,64,36,56,64,66,46,33,56,27,27,44,7,29,54,22,20,28,148,100,38,40,32,79,41,22,44,4,15,45,33,36,53,47,11,40,38,53,39,51,53,28,13,28,32,45,68,37,45,47,45,24,20,28,48,49,63,52,11,56,52,55,47,10,49,36,31,9,14,22,23,0,27,46,54,24,25,28,33,7,28,29,5,23,23,39,28,12,7,19,40,13,26,56,32,32,15,28,4,0,21,40,45,42,17,12,49,18,9,24,22,59,23,9,27,44,40,21,27,26,13,35,20,5,67,41,3,27,24,22,48,37,45,6,70,31,31,21,42,27,20,49,24,21,21,34,29,29,34,36,20,47,43,46,35,15,32,39,39,31,37,41,48,23,0,23,40,28,32,35,21
Ppp5c,2,0,4,7,0,2,17,3,5,3,8,3,4,2,2,2,0,2,4,0,8,3,0,4,0,2,13,8,10,0,0,6,6,5,0,2,0,3,6,0,3,4,0,2,0,2,2,5,3,0,5,5,0,5,0,2,7,0,12,0,0,12,0,0,6,0,2,9,3,0,2,14,0,0,0,7,6,0,0,3,0,0,2,0,3,0,4,0,0,0,9,0,6,4,1,6,4,0,8,4,6,8,4,1,2,9,2,4,8,8,2,0,3,5,10,7,0,0,4,0,0,0,3,6,0,0,0,0,0,5,0,2,0,0,0,1,0,1,3,0,3,2,1,6,0,3,0,0,2,8,2,0,0,2,7,4,7,4,3,2,4,1,4,2,2,3,0,0,3,1,2,2,6,0,3,0,0,3,5,1,0,2,1,0,2,1,1,0,6,1,0,4,1,3,5,6,2,1,2,5,4,4,4,3,5,4,7,1,0,0,2,7,0,3,4,4,3,1,5,4,2,0,1,3
Vasp,0,0,0,0,0,0,0,0,14,0,0,0,0,0,14,0,0,0,0,0,0,0,0,0,0,0,0,10,0,0,0,0,0,0,0,0,0,0,0,0,0,0,0,0,0,7,0,0,0,0,0,0,0,0,28,0,8,0,0,0,10,13,0,0,0,0,0,0,0,23,0,43,10,0,0,0,0,0,0,13,4,0,0,0,0,0,0,0,6,0,0,0,9,0,0,3,7,0,4,9,0,7,7,0,0,0,0,3,8,0,9,0,0,0,0,13,0,10,0,0,0,0,0,0,0,0,0,0,0,0,0,0,0,0,0,0,0,0,0,7,0,0,0,0,0,0,5,8,0,4,5,0,0,0,0,0,0,5,0,0,0,0,0,0,0,0,0,0,0,0,0,0,0,0,0,0,0,5,0,0,0,0,0,0,0,0,0,0,11,0,0,0,0,0,0,0,0,0,0,0,0,0,0,4,0,0,0,0,0,0,0,10,0,0,0,0,0,0,0,6,0,0,0,0
Gemin7,0,11,3,16,10,5,9,8,0,4,9,6,5,9,17,7,0,0,0,0,7,22,5,5,1,6,22,10,9,6,13,2,13,0,6,11,0,16,21,6,0,0,7,4,0,23,2,0,10,3,6,16,7,14,30,0,4,5,21,6,13,7,0,1,6,0,0,12,0,4,16,25,5,0,3,0,15,13,4,0,2,0,4,0,9,4,12,2,12,1,4,9,12,9,2,6,2,2,3,8,5,3,4,4,2,9,1,3,10,6,0,2,18,8,5,5,1,12,6,4,1,3,0,4,1,2,6,7,1,4,2,3,0,2,1,1,1,5,4,3,0,0,5,1,7,8,1,2,7,6,2,5,0,2,8,8,3,5,1,9,7,2,11,6,7,13,0,1,12,7,5,2,0,2,0,4,0,5,9,0,1,1,7,10,7,3,1,11,10,4,0,6,2,0,5,12,8,5,6,5,2,2,0,1,2,3,8,5,2,4,6,9,2,3,5,13,3,0,5,7,7,8,4,4
Ethe1,0,4,3,10,4,0,8,0,3,1,0,9,0,1,0,9,0,1,5,2,4,15,0,4,2,8,0,2,0,0,6,0,2,0,3,4,0,5,18,7,0,0,11,0,0,4,0,0,7,0,1,5,8,6,3,0,7,0,0,1,0,3,0,3,2,0,11,3,0,6,0,0,6,2,13,8,5,5,0,2,4,0,3,0,2,1,0,0,3,8,2,0,2,2,0,0,2,1,5,4,0,5,3,0,1,1,0,0,4,0,0,0,2,1,3,3,0,2,0,0,0,0,0,0,2,2,1,7,0,0,4,6,0,0,2,1,0,2,6,2,2,0,9,0,1,4,2,4,1,3,0,0,0,0,0,0,3,2,0,5,0,3,9,2,3,3,0,2,2,0,0,0,0,0,1,1,2,4,4,0,3,3,4,0,1,4,1,3,0,2,0,7,3,4,0,1,0,0,0,0,1,4,5,1,1,1,0,5,0,1,0,0,2,4,2,4,0,2,0,9,2,0,4,0
Timm50,6,6,3,4,3,2,14,10,1,6,14,5,0,2,5,10,2,4,9,3,0,8,12,7,0,1,4,1,13,6,2,6,0,2,16,4,0,8,8,11,7,8,1,0,3,4,6,5,6,0,4,3,0,10,0,0,8,2,26,5,2,10,2,3,4,4,0,3,0,0,2,10,11,5,8,17,10,3,5,0,12,5,11,0,4,4,4,0,4,10,1,1,6,14,9,6,2,2,10,2,7,3,1,8,6,7,2,4,7,7,8,0,2,13,7,9,4,9,1,2,0,0,12,5,0,0,0,1,0,8,0,4,5,4,0,3,11,2,3,0,0,0,2,3,0,8,5,1,3,5,0,1,0,4,6,6,1,0,1,7,10,3,9,9,10,8,0,3,9,6,18,4,0,1,10,1,3,13,3,0,4,11,1,2,2,6,3,5,9,9,1,4,0,5,13,8,0,6,3,0,0,3,7,1,12,15,11,11,0,0,6,13,4,5,6,12,0,0,3,4,0,0,0,2
Sirt2,6,5,4,0,3,15,1,2,10,6,6,3,0,0,12,5,0,0,0,0,9,0,6,0,0,3,13,1,1,1,6,7,4,9,7,11,4,4,8,2,0,5,5,11,0,4,6,0,13,0,3,4,1,4,8,9,7,0,0,0,9,0,0,0,6,4,3,14,0,14,11,15,1,11,0,0,12,0,8,4,4,0,6,6,7,5,7,0,10,4,7,3,3,4,0,0,0,4,3,6,9,6,5,2,0,2,0,3,3,12,1,0,8,0,2,5,3,0,4,2,0,1,3,1,0,5,3,0,0,4,0,1,0,0,2,0,2,5,3,0,0,0,5,3,8,1,5,4,3,1,0,1,0,0,4,6,0,0,0,0,3,3,1,0,0,4,0,2,0,2,11,2,4,3,4,0,1,0,1,1,2,3,5,2,3,0,0,2,4,0,0,7,2,0,4,4,4,2,4,1,5,5,0,1,3,3,5,4,0,2,4,1,0,0,4,6,3,4,0,3,0,0,0,2
Actn4,15,25,30,34,16,79,68,24,27,58,33,17,15,11,39,5,2,8,26,2,15,24,27,8,2,49,104,61,49,17,36,38,22,23,29,37,21,21,30,22,17,24,9,11,6,52,25,41,53,13,35,21,6,41,63,49,34,10,42,6,38,31,12,0,33,0,3,37,22,61,22,99,59,23,14,34,60,0,6,17,4,2,29,18,28,34,48,6,17,19,18,8,47,34,15,25,5,23,42,28,25,50,19,12,10,21,9,31,47,34,18,0,27,62,49,18,0,14,23,14,7,0,9,18,0,2,16,16,4,27,6,17,0,1,2,6,15,17,16,23,2,0,38,21,3,20,21,7,10,17,7,0,1,6,27,46,23,31,25,22,18,32,37,24,34,19,0,9,27,36,25,17,30,0,28,13,2,20,27,2,6,1,19,15,23,9,8,32,16,37,6,46,13,13,23,38,10,19,23,7,7,23,12,10,27,45,28,12,3,3,16,27,25,21,7,45,3,12,28,31,27,22,14,5
Eif3k,29,7,15,12,15,52,13,23,4,21,11,8,8,7,16,12,0,7,6,3,13,12,24,3,2,11,30,24,13,20,19,16,19,9,6,25,9,13,23,15,18,9,7,4,19,11,9,19,14,13,15,15,0,12,13,13,14,11,27,0,17,21,6,2,3,1,4,16,7,65,16,14,16,7,29,6,38,21,15,29,0,2,17,11,7,28,30,0,10,9,15,12,17,28,6,22,10,12,15,19,12,11,9,15,14,6,12,28,8,20,20,10,16,20,25,7,3,14,14,10,2,11,10,15,1,11,16,10,5,8,6,7,5,4,7,3,2,14,8,18,2,0,18,13,9,17,7,6,8,8,10,6,2,7,22,23,7,7,7,17,7,5,20,16,17,9,4,20,24,14,8,5,6,1,16,6,2,19,10,0,6,13,8,5,9,8,2,17,17,11,9,18,4,24,13,10,12,10,1,14,8,10,12,8,11,30,21,9,7,9,13,18,5,16,19,24,6,0,30,29,14,3,2,6
Rbm42,11,5,17,0,0,13,14,2,0,10,11,0,5,0,11,5,1,2,0,1,0,1,4,4,0,8,6,0,3,3,3,6,1,4,0,18,0,10,5,0,0,0,5,0,3,14,0,12,11,3,2,0,0,11,3,4,14,0,9,0,0,0,0,0,4,0,0,8,3,33,1,17,12,0,6,16,14,0,7,0,0,0,8,2,2,7,9,0,0,7,0,1,10,5,0,4,4,3,5,9,16,7,9,0,0,4,2,12,2,0,0,0,5,4,6,3,0,4,13,0,0,4,3,0,0,0,0,0,0,3,0,0,0,0,0,0,2,0,2,2,0,2,7,10,0,9,5,1,0,8,4,3,0,0,6,6,5,3,1,2,6,0,13,2,6,3,0,2,7,5,4,0,4,1,6,5,0,1,0,1,0,4,9,1,0,2,0,1,8,7,7,0,1,0,9,8,0,4,8,0,1,3,1,0,2,1,4,6,0,0,0,5,6,4,10,6,0,0,3,4,2,2,0,1
Tmem147,7,11,26,26,6,21,16,14,0,9,22,0,13,16,49,8,3,0,0,4,10,0,16,5,8,7,54,25,21,13,23,21,24,15,0,31,10,21,33,2,16,7,8,19,18,26,4,19,12,12,27,7,0,26,40,0,17,9,28,9,1,19,0,11,8,11,6,14,12,59,7,43,41,33,22,12,19,12,14,2,7,1,6,5,19,24,35,3,4,25,33,3,22,19,6,7,8,19,10,19,26,7,9,7,2,10,3,22,13,18,6,7,17,12,18,14,6,15,18,12,1,8,3,20,3,8,8,2,6,11,5,19,2,4,0,2,16,12,13,7,9,8,7,0,7,23,14,8,17,11,0,1,2,5,5,19,16,4,7,0,9,2,16,6,13,14,4,17,30,15,29,13,1,12,14,5,4,11,11,6,11,7,14,7,7,5,0,9,19,6,2,15,11,14,7,8,7,8,3,7,11,5,17,7,7,18,16,10,5,0,16,19,3,12,24,15,7,3,13,10,1,5,3,4
Uba2,0,0,11,0,4,5,0,1,7,10,18,3,1,0,13,6,0,5,0,0,0,6,1,7,1,0,18,7,10,0,7,7,3,0,7,3,1,0,7,0,2,10,0,0,0,13,6,12,10,0,3,8,4,3,3,8,5,0,0,2,5,2,5,0,5,2,0,36,7,12,2,3,15,0,12,14,2,4,0,0,4,0,4,0,2,5,9,3,0,9,5,0,4,4,1,4,1,0,10,5,0,0,0,3,0,5,1,6,6,6,3,0,8,9,4,6,0,5,7,4,0,0,7,6,0,4,4,0,4,7,0,13,0,4,7,0,0,2,4,5,1,0,4,4,0,14,1,2,1,3,2,0,1,0,3,6,4,0,5,9,2,0,10,0,3,3,2,3,9,0,2,9,9,6,11,3,4,6,5,0,2,1,5,0,0,2,0,11,5,4,1,8,3,4,7,5,2,2,2,5,5,4,2,0,4,3,6,6,0,6,1,11,6,0,3,19,0,3,5,6,2,0,0,3
Etfb,3,6,7,6,0,14,6,4,7,6,2,2,2,4,8,0,1,0,2,0,4,2,8,1,8,6,21,3,10,10,3,9,5,10,3,2,4,2,9,5,5,8,3,0,0,7,7,11,6,1,10,8,0,6,12,3,5,0,7,0,3,0,0,0,1,0,6,0,1,24,0,52,10,3,0,5,5,4,1,20,6,0,7,14,10,15,40,0,2,4,18,8,28,29,15,15,20,0,20,24,8,30,11,9,4,4,0,27,21,22,25,0,19,11,22,36,1,2,33,15,0,0,14,0,10,0,6,7,0,11,3,6,0,0,6,3,2,6,10,12,0,8,37,5,0,35,4,3,8,34,0,0,0,1,16,13,14,7,3,11,18,4,17,3,9,6,0,11,21,19,7,10,10,0,15,8,0,12,13,0,8,1,23,5,21,11,0,8,21,39,3,30,5,10,6,21,13,12,17,6,2,10,18,0,12,39,25,10,8,6,6,18,2,16,18,19,7,0,52,19,19,0,25,12
Cpt1c,2,0,0,0,0,3,6,6,0,7,0,5,0,3,2,15,0,0,0,0,16,1,18,0,0,3,0,3,0,0,2,0,1,0,0,5,4,5,6,0,0,0,0,3,0,6,12,9,3,0,6,6,0,2,10,9,4,0,0,0,1,0,0,0,9,0,0,0,16,5,11,11,0,3,0,0,4,0,1,13,0,0,2,0,0,8,7,0,0,0,2,0,1,0,0,9,0,2,5,4,0,3,17,3,0,0,1,6,5,5,2,0,1,3,6,1,6,5,6,0,0,0,0,0,0,0,5,0,2,2,0,2,0,0,0,8,0,10,1,0,0,0,7,13,0,5,6,1,0,1,0,0,0,0,3,0,8,5,6,3,1,5,1,0,1,0,3,1,6,2,0,0,4,0,2,0,0,1,6,0,7,4,4,0,2,3,0,3,0,1,0,4,0,0,8,3,0,2,4,4,2,7,4,0,2,11,3,3,0,0,2,0,0,0,0,5,4,0,8,0,2,1,0,8
Gys1,0,6,3,17,16,18,14,0,0,8,0,0,0,0,22,3,0,8,0,0,8,0,8,0,0,13,14,6,11,0,20,0,0,9,14,0,0,4,18,0,1,7,6,0,0,14,0,24,18,0,11,13,0,13,24,9,11,0,11,4,6,16,0,0,13,0,0,15,26,14,4,44,0,0,0,0,0,0,0,7,3,0,10,4,19,22,23,0,1,0,5,14,12,14,0,9,0,0,0,18,4,5,0,6,5,4,0,13,0,7,4,0,10,0,2,4,0,4,6,3,0,1,4,3,0,0,15,0,0,0,0,5,0,0,0,0,0,22,1,4,0,0,0,0,0,3,0,0,2,9,16,0,0,0,4,4,13,9,6,6,3,3,5,10,5,0,0,6,16,8,7,0,2,0,10,0,0,16,0,2,0,0,4,0,0,0,0,8,0,4,2,10,8,6,12,0,0,14,3,8,7,8,5,0,8,13,8,4,2,0,10,15,0,6,19,0,0,0,20,15,8,0,6,0
Nucb1,8,7,7,4,11,51,2,30,10,22,12,5,8,7,8,2,3,7,11,0,15,4,26,19,3,22,22,21,7,15,12,14,5,5,6,17,0,22,6,13,4,23,4,8,1,22,5,6,30,0,4,8,1,35,10,20,10,0,13,0,7,4,0,0,32,0,1,10,0,78,7,39,4,0,0,2,3,5,7,11,2,0,6,10,19,10,15,0,2,7,16,5,18,7,0,24,6,18,33,6,9,16,21,5,6,23,0,23,8,25,10,0,22,16,8,14,1,6,12,3,8,5,3,6,0,0,5,5,4,9,4,11,0,0,0,2,0,7,5,4,0,3,18,23,0,14,0,1,0,11,0,0,0,2,16,8,17,8,8,10,12,4,9,11,7,6,1,4,12,5,0,6,8,0,4,6,0,3,8,0,1,0,12,2,13,6,0,2,6,16,8,7,6,5,11,8,2,13,19,3,7,6,8,1,11,16,13,7,3,0,6,18,9,7,4,15,0,1,16,18,7,0,0,3
Tm2d3,0,0,0,0,1,14,0,10,0,6,11,0,8,6,0,0,0,4,5,0,7,0,6,0,0,2,16,8,8,0,2,8,0,0,0,4,0,10,12,0,0,0,0,2,7,13,2,24,9,0,5,4,0,10,12,2,13,0,9,0,0,0,0,0,0,0,0,2,3,33,3,8,14,4,0,0,0,0,0,0,0,4,8,6,4,3,0,0,0,9,10,0,2,3,0,7,0,17,4,0,9,3,0,6,0,8,1,0,0,7,1,0,0,8,0,14,0,9,10,0,0,0,2,4,0,0,0,4,5,0,8,1,0,4,0,4,5,2,4,5,0,0,5,2,0,6,5,0,1,7,3,0,0,0,10,0,2,4,2,4,7,7,5,0,8,3,0,7,7,2,5,0,4,6,7,0,5,10,3,1,0,3,2,0,0,6,0,3,5,8,4,2,3,0,4,3,0,6,7,4,1,0,2,4,9,2,3,1,6,0,4,4,0,0,4,3,8,0,3,13,1,0,3,0
Cib1,6,0,0,14,7,68,0,19,8,28,5,0,15,0,9,0,12,0,0,0,13,23,0,14,0,15,31,15,6,29,0,2,3,22,30,28,15,29,0,0,34,0,6,6,20,26,22,35,0,19,5,8,8,32,22,0,12,40,19,22,12,0,0,0,0,0,21,52,16,4,19,31,39,12,47,35,9,18,2,9,3,0,4,18,9,1,17,0,19,20,9,19,11,6,19,16,11,24,18,19,31,19,17,9,0,20,0,28,14,24,5,0,21,14,0,10,4,23,8,17,12,0,4,0,0,8,18,8,0,18,11,12,0,0,10,10,17,10,13,17,3,3,5,9,0,12,16,12,5,15,12,0,4,7,20,4,13,11,0,11,3,8,15,15,18,5,0,18,23,9,24,6,10,12,0,18,0,12,2,0,22,5,6,18,20,13,3,3,22,2,7,13,0,17,8,18,10,0,3,6,7,0,7,13,12,15,10,12,12,7,18,23,4,9,16,11,7,0,0,7,22,0,9,0
Sec11a,0,16,0,0,0,0,0,16,7,0,18,6,0,2,28,0,0,0,0,0,11,25,8,6,0,0,0,16,16,0,7,9,17,0,13,0,0,0,18,6,0,0,6,0,0,9,0,29,38,8,0,13,0,19,26,0,13,0,17,0,25,0,0,3,0,7,0,7,10,30,0,21,50,0,5,14,0,4,6,0,4,0,15,8,19,11,26,0,11,12,1,8,13,9,2,7,0,20,7,0,11,13,9,25,0,10,9,6,11,5,9,3,1,28,2,6,1,5,10,5,0,0,0,6,2,0,0,17,6,3,5,3,0,0,0,0,5,0,7,0,0,1,9,20,0,4,5,0,8,11,4,0,0,4,24,8,8,4,0,9,10,3,10,5,14,0,1,10,9,10,1,7,3,2,10,0,0,9,14,1,5,0,8,5,0,0,4,12,0,14,3,0,3,14,10,6,4,3,0,9,0,13,2,0,28,22,0,8,0,8,5,14,0,0,10,4,2,0,17,21,0,5,4,0
Tmem126a,0,9,16,2,14,0,0,9,10,4,22,4,10,8,20,4,0,0,11,7,9,2,18,16,0,1,33,21,24,2,22,0,5,3,11,31,0,22,3,1,3,23,4,3,0,36,3,34,0,0,0,15,0,16,29,0,1,14,22,2,0,17,0,0,2,0,8,9,4,10,20,49,4,0,10,0,31,1,10,6,3,0,1,3,8,10,8,4,0,4,9,7,4,11,11,0,6,5,5,15,11,2,0,11,1,6,5,20,8,5,9,6,8,14,16,15,0,0,5,0,2,2,11,5,2,4,11,6,5,6,4,13,0,0,2,2,3,12,8,3,4,1,12,7,0,18,12,10,12,8,2,2,2,2,4,5,6,7,7,14,8,0,6,9,27,4,4,7,9,0,12,4,5,1,5,5,1,19,11,0,0,5,4,8,10,7,5,2,9,6,0,22,3,0,18,17,4,2,3,9,3,5,10,5,9,23,13,3,3,0,6,5,6,2,13,20,1,0,15,22,5,0,6,8
Spcs2,11,23,17,5,12,26,23,22,0,10,32,16,4,4,13,12,0,6,8,2,12,15,20,6,9,7,18,20,18,10,11,14,7,0,0,32,3,33,21,8,0,9,7,5,3,10,12,18,12,5,0,17,6,39,12,7,12,7,16,17,5,8,2,0,10,16,6,40,10,50,18,34,19,5,6,0,20,5,0,13,0,1,27,7,9,18,13,3,4,13,1,4,6,11,12,12,9,6,8,18,4,12,6,22,17,8,0,8,16,7,10,0,8,18,20,16,2,22,16,5,0,9,2,5,1,4,9,13,4,5,2,11,0,0,4,0,2,9,8,5,0,0,21,21,0,24,9,9,6,12,3,5,4,0,21,5,21,12,1,5,5,4,6,7,8,3,5,7,10,8,1,12,14,3,28,13,0,2,14,1,3,0,17,3,8,5,1,14,17,4,14,15,0,4,10,6,3,7,8,9,2,5,13,2,17,11,9,7,8,6,13,23,4,5,19,13,4,2,12,10,14,4,0,6
Ilk,7,12,13,14,10,37,9,7,18,29,16,4,9,12,33,13,0,4,6,5,3,8,6,8,0,7,28,7,9,6,6,14,8,39,11,7,1,20,7,21,24,15,10,2,0,18,21,6,1,1,13,3,7,18,46,21,6,2,16,7,17,4,1,2,17,4,0,12,17,12,1,33,22,12,18,0,17,7,5,7,5,0,20,6,14,12,23,1,2,11,13,0,20,30,3,7,2,9,18,6,16,1,6,20,3,3,0,19,14,4,3,3,7,14,28,11,4,7,11,10,4,2,3,4,3,0,17,6,7,14,7,10,0,1,2,0,2,8,13,3,0,1,6,5,0,12,3,11,3,7,11,0,2,1,14,24,3,10,5,12,4,20,8,3,6,12,8,3,13,16,13,2,13,0,15,5,5,6,8,2,0,1,10,15,8,4,5,13,8,30,4,12,12,4,8,21,3,8,4,1,6,9,10,4,11,22,19,6,6,10,10,17,4,15,12,12,5,4,11,6,8,22,5,3
Usp47,7,9,7,8,8,6,0,2,2,14,3,2,7,0,12,11,0,0,0,2,6,2,7,2,0,9,1,6,5,11,1,12,9,0,0,7,2,17,23,6,6,0,0,0,1,6,10,2,0,0,0,7,1,12,10,6,5,0,24,6,4,11,10,0,1,0,0,7,8,1,7,9,9,0,0,0,11,5,3,5,0,0,12,0,0,9,6,0,4,9,5,4,6,5,0,3,0,4,7,0,8,3,5,16,0,11,0,6,0,0,6,0,2,6,3,12,0,15,0,1,0,0,0,9,0,3,0,3,0,9,6,2,0,1,0,8,0,0,7,4,0,0,0,6,0,8,14,3,4,9,2,0,2,0,7,9,7,6,10,5,6,4,8,5,4,5,2,2,4,6,0,3,5,0,7,1,1,4,8,0,0,0,0,0,4,6,1,1,6,9,0,3,1,6,5,9,2,4,0,3,4,3,4,0,7,12,7,0,0,4,0,9,5,4,0,8,0,0,4,4,0,2,7,7
Gga2,0,0,0,0,0,20,0,0,0,4,16,0,1,0,0,0,0,6,4,1,7,0,5,0,0,0,0,0,5,8,5,0,7,0,0,0,0,9,0,0,0,13,0,0,0,3,0,0,6,0,4,0,0,1,0,0,0,0,0,0,3,0,0,0,0,0,0,0,0,1,0,0,10,0,0,0,8,0,0,10,0,0,5,0,0,1,0,0,6,0,6,0,0,8,0,0,0,0,0,4,0,1,4,0,0,0,0,0,4,13,0,0,0,3,0,1,0,0,0,0,0,0,0,0,0,0,0,0,0,0,0,5,0,0,0,2,0,0,0,0,0,0,4,11,0,0,0,0,0,4,0,0,0,0,0,0,2,0,0,0,4,0,0,0,0,0,0,5,7,4,0,0,0,0,0,0,0,8,7,0,0,0,2,0,0,5,0,0,0,5,0,0,0,0,0,9,0,1,1,2,0,0,0,0,0,4,1,2,0,0,3,4,0,0,5,0,0,0,6,0,0,0,8,0
Eif3c,14,30,18,1,17,35,18,22,4,28,32,5,12,0,29,18,0,4,14,0,15,21,6,0,18,25,27,24,25,25,18,27,13,21,6,31,5,34,36,17,20,14,16,0,0,21,17,16,35,6,18,31,3,43,14,19,20,13,14,18,12,19,3,0,12,0,4,20,6,69,11,84,44,15,0,16,35,4,2,26,0,2,21,13,23,20,28,0,3,2,7,7,18,18,0,9,9,2,22,35,3,18,11,13,8,13,1,21,22,41,14,0,25,25,23,6,0,19,18,19,0,0,11,4,5,3,19,17,2,13,7,19,0,0,0,11,2,8,11,15,0,0,10,30,2,33,12,13,20,19,13,0,1,5,9,25,17,5,9,14,14,9,4,11,18,7,0,9,14,27,2,6,12,2,11,4,6,28,22,0,4,4,9,5,19,15,3,13,28,13,2,17,0,6,31,28,8,14,10,11,9,31,14,9,25,10,28,13,4,6,25,24,5,12,15,28,3,0,29,16,11,2,2,17
Bckdk,0,9,5,4,5,10,7,0,1,4,5,3,3,0,6,11,0,1,8,1,0,7,4,13,3,4,14,13,2,0,10,0,0,0,2,7,0,4,12,3,8,6,1,0,9,13,3,8,9,0,3,6,2,2,6,0,0,5,6,2,0,0,0,4,6,2,0,0,2,8,2,14,6,2,3,3,15,5,2,1,1,0,5,3,5,3,10,0,5,3,4,2,5,7,2,6,0,5,3,2,2,6,1,2,0,0,0,7,7,6,4,2,3,8,7,2,0,11,8,0,5,0,3,8,1,0,4,4,4,3,4,1,0,0,1,1,5,2,10,4,2,0,9,0,0,4,0,1,1,3,1,0,0,6,5,6,1,3,1,4,6,0,2,2,0,4,2,6,5,8,0,0,4,2,7,4,3,3,5,3,2,1,7,5,0,6,0,4,3,2,1,3,0,1,5,3,0,4,1,3,0,6,5,0,2,11,2,2,0,0,1,4,1,3,4,2,2,1,4,4,1,3,0,2
Psmd13,8,0,12,10,0,13,0,5,15,9,6,0,4,4,10,7,0,0,6,0,10,4,7,6,0,8,9,6,2,2,13,7,6,12,5,5,0,19,6,13,16,8,0,0,0,12,13,14,11,0,2,6,1,6,4,17,6,7,17,0,0,2,2,0,8,0,0,22,6,18,10,43,7,0,0,9,14,0,0,2,1,0,5,0,4,5,7,1,0,9,10,0,9,21,0,3,0,1,5,9,1,7,2,5,1,2,0,3,3,4,3,0,5,9,10,2,0,2,3,1,0,0,0,0,0,0,11,4,1,3,2,8,1,2,0,2,2,0,2,0,1,0,4,3,2,6,0,0,4,3,4,0,4,1,7,6,0,4,3,6,4,0,5,3,6,1,0,5,3,4,3,5,5,0,2,6,0,9,9,0,0,1,0,4,8,6,0,0,7,10,0,5,0,3,7,1,3,5,0,1,3,3,6,4,3,6,9,6,2,0,7,4,2,1,13,14,2,1,6,12,3,4,0,2
Rnh1,16,7,4,17,5,4,11,6,1,9,22,3,12,1,4,2,1,4,10,4,2,4,5,2,4,13,23,4,16,4,31,10,6,11,1,1,0,25,5,8,5,10,4,0,6,10,16,20,5,3,8,13,2,18,18,4,20,7,14,7,9,2,1,5,7,5,4,12,0,14,5,45,14,18,5,13,6,2,2,7,0,1,12,7,1,10,6,2,0,0,4,18,17,20,3,7,2,0,16,6,8,18,8,8,2,15,5,8,12,10,9,0,14,17,5,12,0,12,8,0,0,6,3,2,4,0,6,3,0,5,0,12,2,0,2,10,0,2,4,4,1,0,8,2,6,4,1,3,9,11,3,4,0,7,12,6,6,1,3,8,6,7,2,2,9,2,1,3,7,6,7,6,4,0,8,0,0,4,2,3,2,2,4,0,9,0,0,10,3,8,1,3,0,0,4,6,0,2,5,3,4,5,0,0,4,10,10,3,3,3,6,5,3,7,5,8,5,3,9,10,6,7,7,4
Agpat6,1,2,4,0,5,2,8,2,2,6,1,4,2,7,4,7,0,0,10,0,5,5,8,0,3,6,13,7,11,4,11,4,0,1,2,10,0,2,5,10,4,5,0,0,0,9,1,1,3,0,7,5,0,8,5,6,12,0,7,0,2,10,2,4,3,0,4,0,6,24,5,26,5,0,0,16,3,2,0,1,0,0,11,0,6,4,8,0,1,6,7,4,6,9,0,11,6,4,12,4,0,14,5,5,2,0,0,5,0,8,5,0,9,6,10,9,0,4,6,1,0,0,1,0,0,0,3,1,1,2,1,3,0,0,0,0,6,3,8,2,0,0,1,2,0,10,1,0,2,3,7,0,2,0,4,4,3,2,4,6,3,0,8,4,3,3,0,6,8,2,0,8,4,0,7,1,0,5,8,1,3,0,6,6,1,0,0,6,3,5,1,6,1,0,4,3,0,5,4,1,5,5,6,0,9,8,9,3,0,2,0,9,0,6,4,5,0,0,6,6,3,6,0,5
Tmem66,1,4,3,4,7,37,15,13,6,16,10,5,3,9,11,4,0,6,1,0,10,10,5,15,2,4,18,3,25,4,8,13,4,7,8,14,5,10,12,6,10,0,11,0,0,15,2,11,0,0,0,0,4,12,18,12,4,5,15,0,8,7,1,0,10,4,2,0,12,24,10,29,0,12,0,19,12,0,1,0,0,5,7,4,1,11,14,4,4,9,7,0,9,6,2,17,4,1,8,7,5,3,16,4,1,3,2,4,6,6,5,0,9,2,14,7,0,2,12,3,0,0,2,2,0,1,6,4,0,7,3,2,3,1,2,3,0,5,8,5,0,0,4,10,0,10,5,1,2,5,2,0,2,0,10,9,12,1,5,2,9,1,0,3,12,1,0,6,3,0,4,7,8,0,7,3,0,8,2,0,0,2,1,2,9,6,0,2,1,13,0,8,3,0,6,1,4,4,8,3,4,1,10,3,4,8,0,2,5,0,5,6,1,8,9,3,0,0,11,9,5,0,4,5
Fat1,0,11,21,9,19,42,15,19,7,13,8,11,7,6,9,10,1,5,0,7,13,13,19,12,5,9,36,16,13,2,6,9,1,0,26,19,8,17,8,7,22,0,0,0,7,12,15,24,7,10,6,10,11,14,35,2,10,14,10,3,5,13,1,4,19,3,0,18,1,20,2,24,34,2,24,19,22,6,10,0,1,0,1,12,13,14,7,4,10,4,5,16,15,12,11,24,8,12,15,1,14,10,17,8,8,20,0,21,4,28,8,5,7,15,15,6,0,12,12,14,0,0,5,14,0,0,11,4,1,14,0,10,0,6,6,8,10,6,14,7,0,0,0,1,9,6,13,1,8,3,9,1,0,3,11,13,12,0,10,6,14,16,0,8,7,14,0,7,7,20,14,10,23,4,5,4,1,1,15,6,1,6,9,9,11,10,0,17,10,29,5,5,8,12,5,9,4,3,9,5,16,8,20,6,11,25,4,3,0,3,9,1,5,7,17,8,0,1,9,20,19,19,19,0
Ufsp2,4,3,1,3,1,6,11,0,3,1,0,1,2,0,3,1,0,0,0,0,4,1,1,5,0,0,0,0,4,4,2,4,6,1,3,3,0,4,4,2,7,0,1,0,2,4,0,5,5,3,2,1,3,2,5,0,0,2,1,0,0,6,0,1,0,1,1,4,6,4,3,6,6,0,0,4,0,0,0,5,0,0,8,9,2,11,11,1,2,0,9,4,6,3,5,0,0,1,9,4,4,6,4,4,5,1,0,11,3,9,13,0,5,5,9,1,0,4,10,4,0,6,4,3,0,5,6,1,9,0,7,4,1,2,3,2,5,9,6,5,0,0,6,0,0,15,1,1,9,10,4,0,0,4,6,3,10,4,6,5,0,1,2,3,6,1,0,4,7,2,3,6,2,1,3,1,3,4,7,0,0,1,0,8,4,2,0,8,7,0,4,11,0,2,11,3,0,10,13,2,4,2,0,6,1,9,7,4,3,0,0,0,3,2,12,6,6,0,6,2,0,0,6,5
Aga,5,0,0,4,2,3,0,7,5,5,10,2,2,4,5,3,0,0,4,0,6,5,11,0,1,2,5,8,5,6,1,2,0,4,4,5,0,5,6,2,4,6,0,0,0,6,2,4,4,10,1,0,0,0,5,3,0,1,2,2,1,1,0,1,6,1,3,9,1,5,5,8,0,0,0,7,3,0,1,2,0,0,11,0,5,2,7,0,6,6,4,0,4,0,0,14,3,4,2,4,1,7,4,4,4,4,1,6,3,4,1,0,9,3,20,3,0,0,4,0,1,0,2,0,0,0,3,0,0,3,0,4,0,0,1,2,0,4,2,2,2,0,12,3,10,5,2,1,2,2,0,2,0,5,4,0,2,9,2,2,5,5,0,2,3,3,0,7,9,1,0,3,4,0,5,0,2,1,4,2,0,0,6,3,6,7,1,2,1,9,0,7,0,9,8,5,2,2,3,3,0,0,8,1,4,5,3,7,3,3,1,9,2,3,9,6,2,0,2,5,1,0,0,3
Fam32a,4,7,0,0,0,1,13,3,7,2,6,0,7,0,0,4,0,3,1,4,3,0,4,0,0,6,9,0,7,0,0,0,1,1,0,10,0,10,0,5,7,0,0,2,1,6,0,8,0,5,4,6,1,9,4,0,5,0,6,0,2,6,0,0,11,0,0,7,0,11,5,4,4,6,0,8,11,6,3,4,0,2,2,3,1,6,0,0,1,3,4,0,7,6,0,9,0,0,0,4,0,0,7,2,0,0,0,8,6,6,0,0,0,6,10,10,0,0,0,0,0,0,2,0,0,0,0,0,2,5,2,3,0,0,0,3,0,6,6,7,0,0,15,5,2,2,0,2,0,3,1,0,0,0,3,7,1,1,1,3,8,0,3,2,3,1,4,4,5,0,0,4,4,0,0,6,0,2,8,0,0,1,0,2,1,1,0,0,5,6,2,0,0,0,5,6,0,2,5,1,0,2,4,1,0,1,2,4,1,1,0,8,0,4,3,0,0,0,2,4,5,0,0,0
Sin3b,0,0,3,0,0,0,11,0,0,0,8,0,0,0,0,0,0,0,0,0,0,0,0,0,0,0,0,0,11,0,0,0,0,0,7,0,0,16,16,0,0,0,0,8,0,13,0,0,6,0,0,0,3,0,0,0,0,0,8,0,6,0,0,0,0,0,0,0,0,0,0,0,0,0,0,27,0,0,0,0,1,0,0,0,0,5,0,0,0,0,0,0,0,11,0,0,0,0,0,0,0,0,0,0,12,0,0,0,0,14,0,0,21,0,0,0,2,0,0,0,0,0,0,0,0,0,0,0,0,8,0,0,0,0,0,0,0,0,0,0,0,0,17,0,0,0,0,0,0,0,0,0,0,0,0,0,0,0,7,0,0,0,0,0,0,0,0,0,13,0,0,0,0,0,0,0,0,0,0,0,0,18,0,0,0,0,0,0,0,8,0,0,0,0,0,0,0,0,4,0,0,0,0,0,0,0,0,0,0,0,0,0,0,17,0,0,0,0,0,0,0,15,0,0
Abce1,10,3,4,2,0,0,7,9,2,5,11,7,4,1,10,4,0,1,7,0,5,6,18,5,0,15,11,6,1,7,13,4,5,0,0,6,1,19,7,3,5,3,1,1,0,8,12,16,15,0,3,15,3,5,9,0,1,2,6,8,3,1,5,0,5,0,0,5,5,17,1,19,14,0,10,15,14,0,0,0,1,0,0,2,5,3,2,1,3,7,8,5,4,3,0,3,5,4,10,3,5,6,5,10,5,7,0,5,6,5,4,0,2,6,9,5,0,3,3,3,0,0,9,4,1,1,8,8,1,5,0,4,1,0,3,1,1,1,6,4,2,0,6,2,1,6,3,0,4,4,12,0,2,6,6,6,5,3,3,0,1,0,0,1,1,8,0,0,2,6,2,0,3,0,5,0,0,1,3,0,1,1,7,0,1,3,3,6,9,8,0,5,0,2,5,5,2,1,1,6,0,0,5,0,4,5,3,5,0,2,4,3,0,4,3,4,0,0,6,6,10,3,0,3
Mri1,0,0,2,0,4,16,0,0,0,0,0,0,0,2,4,1,0,3,0,0,0,0,1,0,0,0,0,0,1,4,7,6,0,0,3,0,0,12,6,0,0,4,0,0,0,8,7,0,6,0,2,17,0,0,4,0,0,0,0,0,8,10,0,0,4,0,0,0,0,0,7,2,1,1,0,0,13,4,7,0,0,0,0,0,2,3,0,0,4,0,2,5,13,1,0,0,0,0,4,0,0,0,0,0,0,9,0,0,3,0,0,0,0,8,3,3,0,1,0,5,0,0,0,0,0,0,0,0,0,0,0,1,0,0,0,5,0,0,5,5,0,0,0,5,0,5,3,0,0,0,0,0,0,0,4,0,0,5,0,0,1,0,0,0,0,0,3,0,4,0,7,1,0,0,1,0,0,8,0,0,0,0,9,6,0,0,0,6,0,0,0,4,4,0,7,4,1,0,3,1,0,8,5,0,1,10,7,0,0,0,3,0,0,0,0,0,1,0,4,0,0,0,0,0
Nfix,0,0,0,0,0,0,0,0,0,0,0,0,0,0,0,0,0,0,0,0,0,0,0,0,0,0,0,0,0,0,0,0,0,0,0,0,0,0,0,0,0,19,0,0,0,0,0,0,0,0,0,40,0,0,0,0,0,0,0,0,0,0,0,0,0,0,0,0,0,0,0,0,11,0,0,0,0,4,0,33,0,0,37,0,0,0,0,0,0,0,0,0,37,0,0,0,0,5,46,0,3,17,0,22,0,0,0,0,0,0,8,0,24,0,0,20,0,0,0,0,0,0,0,0,0,0,0,11,0,7,0,17,0,0,0,0,0,0,0,0,0,0,0,41,0,0,0,0,0,16,0,0,1,0,0,0,0,0,0,0,0,0,7,0,0,0,0,0,0,0,0,0,0,0,0,0,0,0,31,0,0,0,0,0,0,15,0,0,0,24,0,0,1,0,0,0,0,0,18,11,0,0,0,0,0,0,0,0,0,0,0,0,7,0,9,0,0,0,0,0,0,0,0,0
Csnk2a2,0,0,7,5,4,0,8,9,0,8,19,4,0,6,11,13,0,2,0,0,5,0,0,2,0,0,0,6,6,0,5,4,4,1,7,4,0,0,12,0,0,5,1,0,0,10,0,11,0,0,6,1,0,14,4,6,9,0,8,0,3,2,0,0,12,0,9,15,17,24,8,15,12,4,7,16,16,0,2,6,0,0,1,0,6,10,6,2,3,0,0,1,1,6,1,6,4,0,2,6,0,4,7,6,3,0,0,8,6,6,7,0,5,8,3,4,0,0,12,2,0,1,2,8,0,1,9,0,9,1,0,8,0,7,2,0,2,0,2,0,2,0,7,6,0,4,0,3,2,4,2,0,0,2,5,4,6,6,3,8,2,2,6,8,4,2,0,3,0,5,3,3,4,2,6,1,0,1,3,0,0,0,3,2,0,6,1,5,3,2,2,12,6,5,8,4,2,1,0,10,3,1,3,1,3,2,0,2,0,2,1,4,1,5,2,12,1,0,3,5,2,0,0,5
Cbfb,4,0,0,0,4,6,0,2,6,4,8,1,2,5,3,7,1,0,4,0,7,0,2,5,0,8,14,4,3,2,3,7,0,1,0,5,3,0,5,3,0,0,2,2,0,5,4,2,18,0,2,1,0,5,5,12,8,0,0,0,1,0,4,0,0,0,0,6,5,2,0,4,0,0,0,6,4,4,4,3,3,0,0,2,2,0,7,1,0,3,4,2,1,5,2,2,0,0,2,2,6,10,2,1,2,6,5,5,1,7,13,1,3,12,4,2,0,6,5,0,0,1,2,3,2,1,5,5,2,1,2,1,0,1,0,6,1,0,2,1,2,0,1,5,2,8,2,0,0,0,2,1,0,0,0,0,6,3,3,0,0,1,3,1,4,5,0,2,1,1,0,0,4,0,0,0,3,1,8,0,0,0,1,0,0,5,1,0,0,1,1,6,0,5,1,1,3,2,3,2,0,1,2,1,4,8,3,2,2,1,0,9,0,0,0,5,0,1,4,5,1,5,0,1
Chordc1,0,4,2,6,0,11,0,2,0,5,2,9,1,0,2,0,1,0,1,0,2,8,0,1,0,5,9,6,3,0,6,3,5,0,2,6,0,4,0,0,1,4,0,0,0,9,6,8,7,3,0,0,0,6,0,0,2,0,0,0,3,0,0,0,0,0,0,4,1,0,0,4,0,1,0,0,6,1,4,0,0,0,0,0,0,5,5,0,1,0,6,0,3,3,0,0,1,0,0,2,0,0,4,0,7,4,0,2,3,1,0,0,2,3,5,10,0,3,8,3,0,1,0,1,0,0,5,2,2,3,0,2,0,0,0,4,0,4,4,0,0,0,0,3,0,7,2,1,1,3,0,0,0,1,4,0,8,0,1,4,0,2,2,4,3,0,0,0,5,2,0,6,4,0,4,1,1,5,1,0,3,0,9,0,1,5,0,2,2,2,0,4,0,4,0,3,2,1,3,2,4,3,3,0,1,8,5,1,0,7,1,1,2,3,0,5,0,0,4,0,0,0,0,0
Pin1,0,0,0,0,0,0,0,0,0,0,0,0,0,0,0,0,0,0,0,0,10,0,0,0,0,0,0,0,0,0,0,0,0,0,0,0,0,0,0,0,0,0,0,0,0,0,0,0,0,0,0,0,0,0,0,0,0,0,0,0,0,0,0,0,0,0,0,27,0,0,0,0,0,0,0,0,0,0,0,0,0,0,0,9,26,0,0,0,0,0,0,0,0,0,0,0,0,0,0,0,0,0,0,15,0,0,0,0,0,0,0,0,0,24,0,0,0,0,0,0,0,0,0,0,0,0,0,0,0,0,0,0,0,0,0,0,0,0,0,0,0,0,0,0,0,0,0,0,0,0,0,0,0,0,0,0,21,0,0,0,0,0,12,0,0,0,0,0,0,14,0,0,0,0,0,0,0,16,0,0,0,0,0,0,0,0,0,0,0,0,0,28,0,0,0,0,0,0,0,0,0,0,0,0,0,0,0,0,0,0,0,0,0,0,0,24,0,0,0,0,0,0,0,0
Thy1,0,39,0,0,0,0,0,0,30,0,44,0,0,15,65,0,0,0,0,0,0,0,27,0,9,0,67,0,40,0,0,0,0,0,0,0,0,0,0,0,0,0,0,0,13,0,0,0,44,0,0,0,0,30,0,0,0,0,58,0,0,45,0,0,0,0,0,0,0,0,0,52,55,0,0,0,0,10,0,34,16,4,32,30,9,27,0,0,40,0,0,30,32,0,0,0,7,2,0,12,0,0,0,15,3,49,10,21,14,33,13,0,0,37,0,0,0,6,16,0,35,0,0,0,0,0,0,0,0,19,0,0,0,0,0,0,16,0,0,0,0,0,0,0,0,36,23,13,15,0,0,0,0,0,0,29,0,0,0,0,0,0,23,19,0,15,0,8,12,0,0,0,10,0,0,0,0,0,0,0,0,0,22,18,25,0,0,0,0,30,0,44,0,0,29,0,0,13,0,0,0,9,0,0,0,0,0,0,10,9,21,0,0,15,29,0,0,0,14,32,0,0,0,0
Atp5l,0,0,0,0,34,0,0,0,0,0,0,0,0,0,0,0,0,0,0,0,0,0,0,0,0,0,0,0,0,0,0,0,0,0,0,0,0,0,0,0,0,0,0,0,0,0,0,0,0,0,4,0,0,0,4,0,39,13,0,0,0,0,0,0,0,0,0,70,0,0,0,0,0,45,0,0,0,0,0,0,0,0,0,0,0,0,0,0,0,54,0,9,0,0,0,0,0,0,0,0,52,44,35,0,0,22,0,0,0,0,0,0,0,48,0,0,0,0,23,0,0,26,0,0,0,0,0,0,0,0,0,0,0,0,0,0,0,0,6,0,0,0,0,0,0,0,0,0,0,0,22,0,0,0,0,0,0,0,19,0,0,0,0,0,0,0,0,0,0,27,0,0,0,0,0,0,0,0,0,0,0,0,0,0,0,0,0,0,0,0,0,25,0,30,0,0,0,0,0,0,0,21,0,0,0,0,0,0,0,0,0,0,0,0,0,60,0,19,0,0,0,0,0,0
Rexo2,28,19,30,25,30,44,42,37,49,30,58,6,14,11,64,16,8,7,20,5,14,28,20,13,0,8,98,55,25,7,26,17,25,38,32,39,4,20,64,27,41,26,18,6,6,28,21,53,37,10,22,24,7,27,77,56,30,21,17,5,28,21,0,0,14,0,4,37,19,67,19,82,41,11,28,24,27,5,14,20,4,0,15,10,19,37,37,4,9,15,20,10,17,33,10,21,15,13,32,23,30,16,6,33,8,19,5,42,19,23,27,1,24,30,36,32,1,16,27,15,1,2,9,18,4,5,30,6,6,22,8,16,2,8,7,3,9,6,16,15,2,3,23,13,3,37,18,10,11,13,8,6,5,5,28,38,21,19,21,10,16,7,17,10,20,19,4,19,23,21,16,10,15,4,12,7,4,10,34,3,2,12,23,17,9,19,6,18,13,31,17,23,15,11,25,23,24,12,6,11,3,19,20,3,39,40,18,12,11,14,8,35,6,26,12,34,0,5,17,29,34,33,9,9
Timm8b,0,17,0,4,24,0,27,9,0,50,25,0,0,7,13,0,0,0,0,0,3,0,8,0,0,0,27,23,0,6,0,16,3,0,19,10,0,0,0,15,46,0,0,16,12,0,0,38,19,0,0,2,0,0,22,0,0,26,0,18,7,17,0,0,0,2,0,15,0,0,0,0,5,0,35,7,0,0,0,0,0,0,23,17,0,0,24,0,22,10,0,0,22,10,0,0,0,25,0,0,6,0,25,23,0,8,0,33,4,0,9,1,0,32,28,15,0,0,7,14,0,0,4,13,5,0,12,0,0,6,0,0,0,0,22,0,0,11,0,5,7,0,20,0,5,0,7,0,7,4,0,0,0,0,19,0,9,0,0,0,15,0,0,2,0,8,0,0,25,0,0,4,0,0,0,6,0,19,3,1,5,0,5,0,0,16,7,5,5,25,0,3,7,2,15,0,8,0,0,0,4,0,11,0,0,0,13,7,3,16,12,15,13,0,3,0,0,0,3,5,0,0,0,0
Wdr61,2,1,15,9,3,33,9,0,0,15,10,2,10,11,17,14,0,0,6,0,23,9,7,15,6,7,37,11,15,7,10,9,13,0,2,10,1,19,12,6,14,0,20,0,8,25,16,9,7,1,1,12,2,29,14,17,9,0,9,8,11,9,1,6,12,0,4,10,1,32,10,12,15,7,0,0,7,6,0,9,3,0,5,0,9,6,10,0,2,4,16,4,13,3,5,12,2,2,7,10,9,8,32,7,27,9,0,3,22,4,11,5,14,11,19,6,0,2,4,10,1,5,4,3,0,4,10,5,1,2,0,5,0,2,4,18,3,2,5,0,0,2,8,0,5,12,8,14,5,6,11,0,3,5,10,4,1,8,1,6,10,8,0,12,4,4,2,5,9,3,9,2,4,0,8,2,0,11,9,0,0,7,2,8,11,6,0,13,9,11,3,10,0,3,8,11,1,6,9,5,5,2,9,0,8,12,13,3,7,5,12,8,1,5,5,13,0,0,6,12,3,2,0,2
Etfa,6,4,8,1,3,6,20,6,10,20,12,5,10,2,9,8,0,1,10,7,5,7,7,11,0,2,35,20,13,8,8,10,8,1,9,7,3,5,13,1,0,18,2,4,9,8,4,14,12,9,4,10,2,12,19,5,14,4,9,2,9,0,5,0,3,2,2,11,5,3,9,17,12,0,11,4,20,3,3,6,0,0,10,2,13,2,4,1,3,5,3,7,8,14,7,8,4,7,18,10,13,2,11,5,1,18,0,12,11,15,13,1,6,8,13,6,0,10,9,6,1,6,9,5,0,0,6,5,0,1,5,7,0,0,9,1,0,10,4,1,2,0,6,7,0,9,2,3,6,7,4,0,0,3,6,7,8,5,8,6,2,2,3,5,6,5,4,8,3,0,4,9,6,2,1,1,1,9,11,0,5,0,4,3,3,6,0,9,10,6,3,8,0,2,2,5,2,9,7,2,1,1,2,3,10,9,8,1,2,5,7,5,0,1,6,9,1,1,10,6,6,0,5,2
Rab11a,0,0,0,12,0,64,0,15,0,0,0,0,0,0,38,0,0,0,0,0,0,0,27,19,0,13,67,0,8,0,0,0,23,0,0,0,0,39,0,2,0,0,0,0,0,0,0,0,0,0,0,12,0,27,21,0,17,15,0,0,0,11,0,0,3,0,0,0,0,0,0,0,66,7,0,0,0,0,0,0,0,0,0,0,0,0,0,3,0,0,0,6,8,0,9,22,0,0,0,0,10,0,0,21,0,0,0,0,18,27,0,0,8,0,36,7,0,0,7,15,9,0,0,0,0,0,0,0,0,8,0,2,0,0,0,0,19,5,23,13,0,0,23,3,0,0,4,0,0,0,0,0,0,0,31,0,0,0,0,0,0,0,8,0,0,0,0,0,0,22,4,2,4,0,0,5,0,0,9,0,0,0,0,0,0,10,1,0,0,0,0,12,0,0,0,8,0,12,0,0,11,0,0,0,10,0,0,5,0,4,0,0,0,9,0,0,0,0,12,23,0,0,0,0
Plod2,6,0,7,0,0,17,4,0,0,0,0,10,2,5,2,6,0,0,0,0,3,1,5,4,0,3,15,5,13,2,0,0,3,0,3,4,0,0,3,0,2,0,3,0,1,12,12,0,4,0,0,8,0,39,1,7,16,0,0,0,0,7,0,0,5,0,0,6,13,13,2,23,26,12,0,0,0,0,0,5,0,0,4,4,11,3,12,1,0,0,7,0,0,4,2,11,0,3,0,2,11,0,8,5,12,1,0,12,11,4,5,2,8,4,8,5,0,0,7,0,0,0,0,3,3,0,11,7,0,6,0,1,0,0,7,23,3,8,5,10,0,4,6,0,0,2,0,1,0,0,0,0,6,0,6,8,0,6,9,2,4,6,0,2,10,9,0,3,2,6,0,2,4,7,9,5,0,0,4,0,0,0,0,7,8,9,0,6,5,5,0,9,7,0,4,6,4,0,0,1,0,0,3,2,3,0,0,3,0,0,0,5,6,1,5,1,0,1,9,14,0,0,3,3
Copb2,9,5,0,5,3,9,0,27,0,13,0,7,0,7,4,8,0,0,2,0,7,14,13,2,1,15,11,9,11,3,10,7,14,3,0,0,5,7,27,5,8,12,0,0,1,26,9,12,10,2,9,9,2,31,5,4,1,9,6,3,4,4,4,0,7,0,0,0,0,17,13,3,11,6,12,7,12,0,0,8,0,0,13,2,10,10,9,0,0,3,4,7,6,2,2,20,4,3,12,18,13,8,0,7,2,8,3,4,8,7,4,0,3,7,6,6,2,5,5,9,0,4,1,4,0,0,7,1,2,19,3,6,1,4,1,2,2,2,5,5,0,0,9,13,1,15,4,8,6,3,4,3,0,0,7,6,4,2,11,0,3,4,3,3,9,2,2,3,13,4,1,2,4,0,0,2,1,3,8,2,3,1,7,1,3,0,1,15,2,2,3,9,3,7,8,1,2,3,6,5,6,3,3,1,6,6,4,5,1,3,1,9,1,2,8,12,1,0,11,10,3,8,0,3
Ryk,33,9,3,17,12,38,18,14,22,18,16,7,6,8,27,11,0,2,0,2,0,5,26,3,4,15,19,29,20,13,20,5,22,5,12,0,0,9,12,11,8,18,0,1,5,8,3,10,5,0,9,30,5,34,27,3,20,20,12,10,4,9,0,0,20,0,0,21,4,23,8,31,31,10,32,25,16,6,3,7,5,3,4,10,12,13,21,4,0,25,23,8,32,20,19,12,3,8,15,5,15,16,6,14,2,10,0,8,7,9,12,0,12,4,14,19,2,9,18,6,0,9,4,20,0,0,6,3,2,8,0,2,13,2,7,0,2,3,8,7,4,0,10,12,0,13,11,11,6,10,14,3,5,2,13,12,10,9,4,7,2,2,8,16,13,2,7,4,7,5,15,2,9,2,6,6,5,5,8,0,4,5,4,14,0,4,0,19,5,15,7,20,5,14,11,8,8,0,0,10,9,6,5,6,15,6,10,4,7,10,10,8,0,19,14,5,0,3,10,14,14,20,2,12
Dnajc13,0,0,6,0,0,1,1,0,0,16,9,0,4,0,0,0,0,0,1,0,7,0,8,0,0,0,13,0,0,0,0,0,0,0,8,12,0,6,7,0,0,0,0,0,0,2,0,0,2,0,1,0,1,0,0,9,0,0,0,0,1,0,0,0,2,0,0,0,1,0,5,0,4,0,0,0,0,0,0,12,2,3,0,2,5,1,0,0,0,0,4,0,0,0,0,9,0,1,0,0,0,0,0,1,0,0,0,10,4,0,0,0,0,0,0,0,0,0,0,0,0,0,1,0,0,0,5,0,0,0,0,8,0,0,0,5,0,0,0,0,0,0,0,3,0,0,0,0,7,0,0,0,0,0,8,5,0,0,0,0,0,1,0,0,3,0,0,0,4,3,5,3,0,0,0,0,0,0,0,2,0,0,0,0,0,6,0,0,0,4,0,0,2,0,7,0,0,0,7,0,3,0,0,2,0,3,0,0,0,6,0,0,1,0,1,13,0,0,0,8,0,0,0,0
Crtap,12,4,4,4,8,7,6,12,0,11,4,2,12,1,15,14,0,8,1,0,2,8,18,6,0,6,13,11,4,2,1,7,3,0,4,10,8,14,15,8,0,6,0,0,1,22,5,15,2,0,10,3,2,25,27,14,15,0,9,0,5,4,0,1,16,0,1,18,11,48,5,39,4,9,8,14,10,6,6,1,1,0,12,1,8,6,16,1,0,21,6,1,13,2,0,18,0,5,11,10,19,6,0,8,0,4,1,1,7,14,6,0,5,6,4,10,2,7,8,11,6,0,10,5,0,2,10,10,0,8,1,9,5,0,0,2,0,8,5,3,0,0,4,3,7,5,4,7,2,4,8,4,2,4,2,7,7,4,8,6,5,11,7,5,3,6,0,3,1,10,14,5,3,8,13,4,0,2,6,1,0,0,8,0,10,10,2,13,3,15,7,6,0,9,13,8,1,9,5,13,5,7,6,6,12,14,8,7,0,0,0,6,6,3,10,10,5,0,5,10,7,7,0,3
Snhg6,6,12,15,1,12,11,12,2,6,13,22,6,11,5,3,4,0,2,3,2,5,9,6,9,3,6,29,12,14,4,11,11,3,9,0,7,1,3,3,18,4,6,0,0,4,15,8,19,8,7,9,0,0,4,6,6,18,3,16,4,1,6,0,2,5,0,3,21,6,10,0,18,5,2,0,4,12,3,9,9,1,7,6,5,11,8,10,3,5,7,2,0,9,8,7,6,1,14,2,9,12,1,0,10,4,3,2,6,10,10,5,0,6,17,10,5,2,6,5,4,8,0,4,8,10,3,9,13,3,8,2,2,8,3,2,0,5,0,2,1,3,0,7,7,6,7,6,8,5,9,5,0,1,2,4,9,8,3,4,4,2,1,0,0,9,0,3,2,5,12,1,7,1,2,6,0,0,11,2,0,1,7,6,8,7,6,0,12,10,13,0,8,7,2,5,7,4,8,5,8,2,8,5,0,13,12,5,3,2,0,3,10,0,4,2,19,4,0,6,3,4,6,3,0
