Row,cell1,cell2,cell3,cell4,cell5,cell6,cell7,cell8,cell9,cell10,cell11,cell12,cell13,cell14,cell15,cell16,cell17,cell18,cell19,cell20,cell21,cell22,cell23,cell24,cell25,cell26,cell27,cell28,cell29,cell30,cell31,cell32,cell33,cell34,cell35,cell36,cell37,cell38,cell39,cell40,cell41,cell42,cell43,cell44,cell45,cell46,cell47,cell48,cell49,cell50,cell51,cell52,cell53,cell54,cell55,cell56,cell57,cell58,cell59,cell60,cell61,cell62,cell63,cell64,cell65,cell66,cell67,cell68,cell69,cell70,cell71,cell72,cell73,cell74,cell75,cell76,cell77,cell78,cell79,cell80,cell81,cell82,cell83,cell84,cell85,cell86,cell87,cell88,cell89,cell90,cell91,cell92,cell93,cell94,cell95,cell96,cell97,cell98,cell99,cell100,cell101,cell102,cell103,cell104,cell105,cell106,cell107,cell108,cell109,cell110,cell111,cell112,cell113,cell114,cell115,cell116,cell117,cell118,cell119,cell120,cell121,cell122,cell123,cell124,cell125,cell126,cell127,cell128,cell129,cell130,cell131,cell132,cell133,cell134,cell135,cell136,cell137,cell138,cell139,cell140,cell141,cell142,cell143,cell144,cell145,cell146,cell147,cell148,cell149,cell150,cell151,cell152,cell153,cell154,cell155,cell156,cell157,cell158,cell159,cell160,cell161,cell162,cell163,cell164,cell165,cell166,cell167,cell168,cell169,cell170,cell171,cell172,cell173,cell174,cell175,cell176,cell177,cell178,cell179,cell180,cell181,cell182,cell183,cell184,cell185,cell186,cell187,cell188,cell189,cell190,cell191,cell192,cell193,cell194,cell195,cell196,cell197,cell198,cell199,cell200,cell201,cell202,cell203,cell204,cell205,cell206,cell207,cell208,cell209,cell210,cell211,cell212,cell213,cell214,cell215,cell216,cell217,cell218,cell219,cell220,cell221,cell222,cell223,cell224
Smap1,6,5,0,0,0,0,0,8,0,0,6,0,0,0,13,3,0,0,5,0,9,0,0,0,0,0,2,11,10,6,0,12,18,0,0,0,0,0,17,0,7,5,0,0,0,7,1,4,0,0,0,0,0,7,0,0,13,0,0,0,0,0,0,0,12,0,4,0,0,42,0,15,20,0,0,7,8,0,0,0,1,0,5,7,0,0,3,4,5,0,4,6,0,4,0,15,5,12,0,5,10,6,7,3,2,0,0,3,0,0,6,0,1,0,0,0,0,2,4,0,0,0,8,1,0,1,5,0,5,11,0,0,4,0,0,0,0,0,0,0,0,0,0,1,0,0,4,0,3,3,3,0,0,0,1,0,2,9,5,2,4,4,5,4,2,0,0,2,0,2,0,0,1,0,5,0,0,4,6,7,0,3,0,0,0,2,0,1,0,4,3,0,0,5,5,6,0,6,2,0,2,0,7,0,6,10,0,3,0,0,7,6,0,2,5,7,1,0,4,0,0,0,3,1
Phf3,5,0,0,3,0,9,0,7,0,8,0,0,3,0,0,0,0,0,0,0,0,0,0,0,0,0,0,0,10,0,0,0,0,3,4,0,0,5,12,0,0,0,0,0,0,3,0,0,4,5,4,0,0,5,0,0,0,0,7,0,4,0,0,0,0,0,0,0,0,15,0,14,0,0,0,4,0,3,0,6,0,0,4,0,0,6,7,0,0,0,2,0,1,5,0,2,0,3,5,0,0,0,19,0,0,0,0,0,4,6,3,0,0,6,5,2,0,0,4,2,0,0,0,0,0,0,8,3,0,6,0,5,0,0,0,4,0,0,0,0,0,0,9,2,0,0,0,0,2,3,0,0,2,0,2,6,1,0,4,0,0,1,0,0,3,1,0,0,1,0,0,0,0,0,0,0,0,0,2,0,0,0,3,0,3,4,0,0,5,0,0,0,0,0,0,0,0,0,7,0,2,0,0,0,0,0,1,5,0,0,1,0,3,4,0,0,0,0,4,0,0,6,2,0
Mrps9,3,0,4,3,2,0,0,2,6,4,2,5,2,0,0,4,0,2,0,0,0,5,11,3,0,1,3,9,12,0,2,2,9,0,0,0,5,3,9,4,9,5,14,0,4,0,13,10,2,2,7,5,0,11,3,6,6,0,9,0,0,5,5,0,0,0,2,1,7,11,0,20,12,0,0,7,2,0,0,6,0,0,3,0,7,6,5,0,5,0,0,2,14,5,0,0,0,3,2,0,6,4,6,1,1,4,0,3,6,1,0,1,9,8,8,3,6,1,7,0,0,0,0,1,0,0,3,1,6,3,0,3,0,0,0,2,2,0,5,0,0,0,6,3,4,2,0,0,6,3,2,2,0,0,5,6,12,3,0,9,2,0,13,0,3,3,2,4,2,0,3,4,0,0,0,2,0,18,10,0,2,0,15,0,5,4,0,2,5,8,0,11,3,0,2,1,2,1,0,0,1,2,1,0,2,0,5,4,3,0,2,0,3,6,3,3,0,0,8,1,6,1,1,4
Ppil3,1,0,4,2,7,0,9,0,0,0,2,0,0,2,1,3,1,0,0,0,1,2,0,5,0,0,7,0,0,0,1,0,4,0,2,7,0,5,6,2,2,10,1,0,0,0,3,12,8,1,0,7,2,8,8,1,0,0,5,0,3,0,1,0,11,5,0,6,2,2,1,7,8,0,7,0,0,0,3,2,1,0,2,2,6,3,11,0,0,8,7,0,2,4,3,2,5,3,2,6,0,4,1,0,5,0,4,5,7,6,5,0,0,5,4,5,0,4,2,4,0,0,0,2,0,0,2,0,0,0,3,1,0,2,2,6,0,0,0,0,1,0,6,0,1,5,0,0,2,0,4,0,0,0,1,4,2,5,3,2,3,0,0,6,10,0,1,2,0,5,0,0,4,0,1,2,2,3,7,0,0,1,3,0,0,7,0,0,9,5,0,2,0,0,2,1,6,0,0,0,0,0,0,4,1,1,5,4,0,0,4,5,3,1,0,1,0,0,0,2,4,2,1,5
Arpc2,0,0,0,0,0,0,0,0,0,0,0,0,0,0,0,0,0,0,0,0,0,0,0,0,0,0,52,16,0,0,0,0,16,0,0,19,0,0,0,0,0,0,0,0,0,0,0,0,0,0,0,0,0,27,0,0,0,0,0,0,0,0,0,0,0,0,0,0,0,32,0,0,0,0,0,0,0,0,19,0,10,0,0,0,22,0,0,4,0,21,4,0,0,17,0,0,22,16,0,0,0,0,24,0,0,24,0,0,0,25,25,0,18,0,36,6,0,14,0,0,0,0,0,0,0,0,0,5,0,0,0,0,9,0,0,0,0,14,0,0,0,0,0,0,7,0,0,0,0,0,0,0,0,0,0,0,0,0,0,0,0,0,0,0,10,0,9,0,0,0,0,0,0,0,0,0,0,0,0,0,0,0,9,0,0,0,0,17,0,0,0,0,0,0,0,0,15,0,0,0,0,0,0,0,0,0,0,0,0,0,0,0,0,0,0,0,0,1,0,0,0,0,0,0
Aamp,7,10,18,6,9,35,28,23,0,23,25,2,13,6,27,8,1,4,8,0,14,11,17,12,0,15,17,23,28,22,8,23,6,0,9,13,2,34,13,26,16,3,10,0,4,25,16,42,23,2,8,13,6,34,45,4,6,24,15,0,28,23,0,0,63,2,10,18,2,41,14,65,6,0,9,9,20,0,3,15,0,0,16,10,14,19,24,0,4,24,19,5,8,16,3,18,8,13,33,9,14,5,30,11,7,14,3,24,17,47,6,0,27,19,24,17,0,9,8,7,2,5,4,4,2,0,16,8,0,12,4,3,0,1,5,6,0,11,1,6,0,0,20,19,5,10,4,2,7,11,0,0,0,0,10,21,16,8,2,1,13,10,12,4,10,10,4,3,13,3,2,10,12,3,17,1,3,21,8,1,0,0,9,5,13,3,1,12,6,13,3,11,3,1,11,3,3,11,8,3,6,9,14,4,27,9,12,0,2,7,7,9,3,13,11,8,1,0,13,25,11,9,4,5
Chpf,18,13,18,14,18,39,25,31,7,19,29,8,21,10,29,15,1,4,15,2,11,23,46,8,3,9,34,24,26,8,23,14,23,4,27,5,1,24,14,25,24,6,5,18,4,39,2,9,17,4,6,15,10,34,4,16,23,0,24,2,19,10,0,11,71,3,3,24,14,65,7,41,34,15,14,17,26,13,12,12,0,0,40,24,14,16,39,5,2,14,28,19,16,25,4,25,4,13,31,24,17,32,10,10,18,21,0,19,12,34,23,0,25,15,26,26,3,9,19,8,1,0,4,4,0,7,11,9,1,17,2,20,4,0,0,7,4,2,22,11,2,2,16,24,6,28,2,8,3,18,1,7,12,7,29,20,19,18,13,28,18,22,12,25,13,19,4,11,17,19,9,13,15,2,19,7,2,16,17,1,5,1,13,16,24,10,0,10,17,21,15,17,11,14,22,14,7,13,26,14,11,12,11,3,34,19,28,17,2,10,5,21,10,4,18,19,8,3,16,19,15,8,4,9
Farsb,4,4,10,5,6,28,12,0,6,9,10,4,6,0,20,1,0,2,0,1,2,4,0,2,8,0,17,6,5,0,3,5,2,4,3,0,0,5,6,9,2,2,0,0,0,21,6,8,7,0,1,1,0,5,9,4,13,5,10,10,2,11,0,0,0,0,4,7,11,0,0,12,13,0,10,11,13,0,0,4,0,0,4,2,8,4,2,1,0,8,1,1,14,5,3,0,7,8,4,5,11,5,17,10,3,9,3,7,7,8,4,2,3,15,10,4,0,4,6,6,0,4,5,8,0,0,4,4,1,1,4,6,0,0,0,0,0,4,9,5,1,0,12,4,0,7,1,4,8,3,3,0,2,8,6,4,6,3,8,4,2,5,5,3,8,0,3,1,5,6,6,0,6,1,3,3,0,11,5,0,0,7,3,3,2,0,2,5,7,12,0,4,0,2,5,5,7,5,4,1,0,0,2,1,3,11,7,3,2,0,6,15,1,2,3,16,13,1,0,9,6,0,1,3
Cul3,0,5,0,11,0,0,0,0,0,0,0,0,0,0,0,0,0,0,0,0,0,0,0,0,0,0,0,0,0,0,0,0,0,0,0,0,0,12,0,0,0,0,0,0,0,0,4,0,0,0,0,0,0,0,0,0,0,0,0,0,0,0,0,0,8,0,0,0,0,0,6,0,18,0,7,5,11,0,0,0,0,0,0,0,0,0,0,0,0,0,8,0,8,13,0,0,0,0,0,0,0,5,0,3,0,10,0,3,0,10,6,0,0,6,0,0,0,5,1,0,0,0,0,0,0,0,0,7,0,0,0,0,0,0,0,0,0,0,0,0,0,0,0,0,0,0,0,0,0,0,0,0,0,2,0,0,0,0,0,0,0,0,0,0,6,0,0,0,2,0,1,0,0,0,0,0,0,3,0,1,0,0,0,3,0,1,0,0,0,4,0,3,2,0,7,0,5,0,0,0,1,0,0,0,0,0,9,0,0,3,0,4,0,0,0,1,0,0,6,0,0,0,0,0
Eif4e2,8,13,12,3,15,30,14,1,0,11,6,0,0,8,19,23,0,4,0,0,2,9,13,21,0,6,35,10,26,6,12,4,16,0,0,0,0,9,12,2,9,0,0,4,3,5,0,19,0,0,2,11,0,17,2,0,10,0,0,0,10,14,1,0,46,0,2,14,6,21,3,13,17,9,0,1,16,0,0,7,5,0,1,0,12,6,14,0,4,8,13,5,6,11,0,8,7,0,5,14,0,21,0,3,0,16,0,13,13,7,4,1,6,10,14,4,0,4,2,2,1,0,0,4,0,0,6,0,0,9,0,5,0,0,0,0,0,5,0,6,0,1,1,4,0,9,3,0,6,5,2,1,0,0,16,14,7,1,0,11,4,4,4,2,8,4,1,5,4,5,2,2,4,3,8,1,0,16,5,0,2,0,6,0,10,4,0,6,8,8,0,8,0,4,0,7,1,6,2,4,0,4,2,0,4,12,6,4,5,0,0,7,0,0,3,15,5,0,11,9,4,0,7,3
Cops8,2,1,11,1,4,4,3,4,5,0,8,1,0,0,5,6,1,3,0,0,3,5,3,2,0,0,5,2,8,0,2,5,4,4,6,4,0,3,7,5,8,6,0,0,0,5,0,2,1,0,4,3,0,2,14,4,4,0,5,0,6,6,0,0,7,0,0,0,0,0,0,6,3,0,0,10,9,3,1,0,0,2,4,0,6,12,5,1,0,6,2,0,0,0,0,4,4,2,3,6,2,9,1,0,0,2,0,0,5,1,10,0,2,3,3,3,0,0,5,0,0,0,5,4,0,1,5,4,0,4,0,2,0,0,4,0,7,0,0,0,0,0,5,2,0,8,2,0,5,0,1,3,0,0,10,4,2,0,3,3,1,0,6,11,4,5,3,0,6,2,4,0,4,0,9,1,0,9,9,0,1,0,4,2,3,4,0,6,2,1,3,6,0,1,3,3,0,9,1,11,4,0,0,1,4,5,4,6,1,1,1,9,0,0,3,1,0,0,5,4,2,0,2,4
Ndufa10,26,6,21,11,15,21,43,22,3,7,9,4,14,7,15,18,4,7,20,0,18,13,7,4,0,10,31,20,8,1,14,14,4,10,3,10,5,18,14,16,7,12,2,0,0,6,7,31,30,5,7,28,2,12,13,24,13,15,23,2,13,13,0,0,32,4,0,23,8,32,10,53,8,9,8,11,18,1,4,23,1,4,16,11,13,12,16,2,4,17,22,6,8,3,1,14,1,8,15,20,3,17,14,7,4,12,8,7,9,23,4,0,22,30,15,6,0,4,19,4,0,4,0,3,0,4,9,6,7,13,6,13,0,1,0,6,2,9,13,4,0,0,10,14,1,12,7,3,12,11,4,2,0,3,11,12,14,7,20,11,11,2,13,8,2,6,2,6,19,15,0,5,9,0,11,5,1,22,18,2,1,2,15,10,4,13,1,14,13,10,8,5,3,19,11,16,4,14,17,10,12,9,3,4,12,15,10,8,4,6,4,5,2,8,9,6,2,2,7,15,19,3,11,5
Dtymk,0,0,4,6,0,30,45,2,3,7,32,7,0,1,13,1,1,0,0,6,0,8,12,14,0,0,30,3,1,3,7,0,4,0,7,0,8,0,47,6,0,6,16,2,3,14,10,20,5,0,3,11,0,0,12,4,3,0,25,0,0,2,3,0,9,0,5,22,0,20,8,51,0,2,4,8,23,12,14,3,0,3,7,9,5,11,10,0,7,5,2,4,10,22,0,9,2,8,6,9,10,19,0,0,2,8,8,6,0,21,14,0,0,15,19,7,4,13,21,13,0,0,9,0,0,8,2,6,0,5,0,6,0,3,0,2,5,0,3,4,3,3,6,0,7,6,5,0,0,18,0,14,0,8,11,1,6,1,10,9,7,3,16,7,0,3,0,2,4,10,0,4,1,0,20,0,2,38,9,0,2,0,5,0,8,20,1,6,13,6,6,8,3,7,11,12,0,6,5,13,3,6,1,5,4,11,7,5,0,1,9,19,0,6,2,33,0,9,9,6,18,0,0,10
Actr3,12,8,5,9,5,32,2,8,13,9,10,3,2,4,8,5,0,1,2,4,2,8,6,1,3,13,9,4,15,6,12,3,16,13,0,8,1,15,28,8,12,4,0,6,4,20,12,17,9,0,3,19,2,19,7,3,9,7,13,4,10,9,2,2,9,4,0,15,9,11,5,22,27,7,8,3,11,6,8,2,0,0,7,8,7,11,11,5,1,1,7,4,6,14,2,1,6,2,8,4,5,3,4,3,0,2,2,12,13,5,10,0,17,2,13,5,1,5,7,7,0,0,9,0,0,0,7,0,0,3,2,5,0,2,0,2,14,9,9,7,2,0,5,4,0,8,3,7,7,7,6,2,1,0,6,7,8,2,12,11,4,2,11,3,8,10,2,1,5,5,6,3,2,2,9,3,0,11,7,4,1,1,8,7,3,5,2,11,7,8,3,8,6,9,13,9,6,2,4,6,2,7,5,0,9,16,6,2,2,4,4,21,6,2,4,9,0,3,1,2,10,3,0,5
Snrpe,12,2,0,7,7,44,12,9,13,21,16,7,0,0,23,14,0,5,24,2,2,8,19,0,6,0,28,10,14,12,13,5,10,0,10,0,0,34,12,10,0,0,2,1,20,6,11,14,10,1,10,15,0,22,8,8,15,4,20,14,3,5,3,0,19,0,0,8,15,4,0,13,0,3,11,22,21,8,5,18,1,6,4,5,11,4,16,1,5,3,1,5,5,12,4,4,13,2,9,6,7,17,8,2,9,7,5,7,7,42,5,1,13,11,16,18,5,14,13,20,6,5,13,5,3,9,5,3,2,8,7,9,2,2,3,0,6,9,16,1,1,1,8,3,0,6,2,14,6,14,1,0,0,4,10,21,0,5,11,13,4,10,19,3,7,9,2,8,20,7,8,11,8,0,10,4,8,18,22,2,6,7,3,14,3,4,8,8,17,12,1,12,5,6,13,14,4,6,10,2,0,4,14,4,11,10,21,4,0,5,8,14,6,11,7,11,3,2,9,25,10,1,3,4
Timm17a,11,16,21,17,11,77,14,7,15,13,26,4,9,20,12,7,4,6,19,3,4,20,23,28,11,18,48,29,36,10,17,16,13,12,20,9,6,20,27,28,24,18,18,2,8,31,9,46,17,5,20,16,3,8,26,23,30,21,58,9,21,39,3,1,0,5,4,26,12,39,11,30,61,25,28,34,27,9,7,17,9,4,14,5,17,18,60,5,9,3,12,1,30,30,9,5,21,11,29,20,13,20,4,28,10,28,6,35,20,26,14,0,13,31,35,14,2,8,15,11,0,0,5,7,2,6,18,15,9,21,4,12,3,6,0,7,5,12,15,14,10,2,31,11,6,18,7,15,10,14,0,5,3,4,22,20,12,11,9,17,12,4,27,7,18,12,3,7,22,13,18,22,10,5,27,4,0,41,15,2,4,6,18,15,10,15,6,24,15,26,1,18,9,11,26,29,12,7,10,12,5,11,9,5,17,20,18,10,4,21,8,37,1,8,5,30,2,0,17,16,23,11,5,4
Ier5,0,0,0,0,0,17,0,0,0,0,0,0,0,0,0,0,0,0,0,0,0,0,0,0,0,0,20,0,12,0,11,15,0,0,0,4,0,0,0,0,0,0,0,0,0,0,0,0,0,0,0,0,0,25,0,0,0,0,0,0,15,0,0,0,4,0,0,0,0,14,0,24,0,0,0,0,0,0,0,0,0,0,0,0,6,16,12,0,0,0,0,10,0,0,0,0,0,0,0,0,0,0,0,0,0,0,0,0,0,7,0,0,0,0,0,0,0,0,0,0,0,0,0,0,0,0,0,0,0,0,0,0,0,0,0,0,0,0,4,0,0,0,0,0,0,0,0,0,0,0,0,0,0,0,0,0,1,3,0,24,0,0,0,0,0,0,0,0,0,0,0,0,0,0,0,0,0,0,0,0,0,0,4,0,0,4,0,0,0,0,0,0,0,0,0,0,0,0,0,0,0,0,0,0,0,0,0,5,0,0,19,0,0,0,0,9,0,0,7,18,0,0,0,0
Prdx6,38,54,0,8,4,70,17,36,0,0,55,7,0,0,15,18,0,0,0,0,10,18,54,0,8,0,48,8,39,2,22,34,10,0,0,24,0,0,0,23,0,16,0,7,11,12,18,18,50,17,0,22,7,22,25,0,7,30,0,9,12,57,0,18,0,0,23,0,6,34,10,94,30,47,35,37,32,13,7,21,9,4,6,57,5,16,20,1,11,44,18,9,28,33,14,22,7,24,15,16,41,10,18,10,26,9,3,21,21,31,8,1,10,57,31,13,3,18,28,2,5,6,14,9,9,24,15,15,7,21,2,13,3,0,11,1,4,8,6,2,2,0,49,10,4,13,20,11,18,17,8,5,4,17,24,13,12,0,16,36,0,0,19,13,0,23,8,16,21,13,29,4,20,0,9,11,2,33,15,0,5,24,8,8,10,0,0,17,36,20,2,18,15,7,46,6,6,6,36,7,0,18,11,9,11,19,25,12,4,11,15,28,17,18,0,36,0,15,12,29,13,7,4,12
Sdhc,4,0,7,7,4,36,19,10,1,23,11,12,4,10,9,12,3,4,4,10,19,6,21,18,3,7,19,10,17,8,10,4,15,9,4,1,8,27,12,12,25,17,5,5,1,8,16,19,4,0,4,23,5,18,27,8,15,12,9,8,8,8,5,6,22,8,0,10,11,28,2,14,0,10,20,8,14,8,6,0,0,0,16,16,17,11,16,8,0,28,0,20,25,20,4,12,0,0,17,7,7,8,9,12,13,10,8,9,16,16,12,0,17,5,13,1,0,7,19,9,0,11,12,13,9,7,6,11,13,6,4,9,7,2,0,3,3,2,11,4,0,0,16,12,16,17,4,17,1,7,1,0,9,0,11,16,13,0,10,13,4,11,0,7,10,1,3,4,12,10,20,8,5,5,11,8,0,13,3,8,8,1,0,2,12,5,7,18,3,11,7,5,11,4,11,10,12,4,5,3,1,13,5,0,13,11,13,6,5,11,5,18,4,9,11,9,7,0,11,15,7,6,6,8
Ndufs2,8,0,16,8,31,34,0,28,0,32,40,0,0,0,32,29,0,0,0,0,0,0,38,36,0,0,0,30,22,0,12,14,0,0,0,16,0,11,45,12,0,0,2,0,13,20,0,0,26,0,0,9,0,14,39,0,0,0,0,5,8,12,6,0,0,0,0,0,0,0,0,22,47,0,0,0,33,0,0,27,0,0,20,0,30,15,28,0,0,0,17,7,22,23,0,26,0,12,8,17,0,4,12,0,0,9,0,12,23,29,0,0,10,5,19,15,0,8,31,14,0,2,12,0,0,0,12,0,0,7,0,16,7,0,0,0,0,12,9,9,0,0,12,5,0,21,0,0,0,13,0,1,0,0,26,24,23,0,12,29,0,7,0,0,31,0,8,0,25,8,9,11,0,0,6,0,0,33,21,0,0,0,18,0,13,16,0,0,9,29,9,18,0,15,12,19,0,10,22,0,0,16,0,0,5,11,5,7,0,16,28,9,0,19,28,20,11,0,39,0,21,0,9,8
Wdr26,0,0,6,0,10,0,21,9,0,7,15,0,0,0,13,3,3,0,0,2,9,4,1,1,0,0,14,20,9,0,13,3,9,0,12,13,17,0,8,0,0,0,0,6,3,14,0,8,0,0,4,0,0,2,8,0,16,0,9,0,10,0,0,0,0,0,0,0,4,44,4,14,14,16,7,15,28,3,1,0,5,0,0,8,17,3,0,3,0,8,13,7,3,7,0,4,0,1,4,12,4,3,9,1,0,0,0,2,2,0,3,0,6,3,17,10,1,5,1,3,0,0,0,11,0,2,2,4,1,14,1,5,1,6,0,2,6,16,12,15,0,0,8,12,0,5,8,0,6,1,0,5,0,0,6,3,0,4,0,0,11,8,0,0,1,9,0,5,4,0,4,0,9,0,4,0,0,10,6,6,4,0,3,2,1,2,0,14,0,10,0,6,0,8,4,3,0,0,0,7,11,3,2,3,9,0,0,12,0,1,2,1,10,3,4,4,0,0,4,4,1,9,6,6
Capn2,21,6,8,5,14,29,15,12,11,22,1,11,13,6,20,18,0,1,9,0,13,11,17,0,2,31,29,18,9,14,17,32,6,0,8,6,0,19,25,2,11,11,2,17,6,31,16,18,13,4,1,11,4,10,43,31,3,2,10,0,5,4,3,3,10,1,1,18,3,32,13,49,12,3,34,5,34,0,9,1,0,0,10,0,12,22,12,0,0,0,5,23,11,25,5,8,10,27,17,14,13,14,14,14,0,24,0,12,15,34,19,0,9,19,25,11,2,2,14,4,0,0,0,7,0,3,16,10,6,10,17,10,2,2,3,1,3,8,8,4,2,6,14,9,11,17,14,0,6,6,0,0,0,0,20,10,12,0,0,6,12,7,12,9,10,18,0,4,7,10,10,4,3,0,13,0,7,22,6,0,0,5,5,3,21,0,3,7,6,6,1,14,5,0,10,7,0,1,8,1,3,11,1,0,25,13,6,5,1,0,8,8,12,11,18,10,1,0,12,16,25,0,24,2
Eprs,14,11,4,5,18,20,17,7,5,11,19,7,14,2,9,7,4,2,6,1,7,8,9,2,10,13,19,4,7,4,18,15,17,5,1,22,5,20,9,7,8,7,2,0,2,33,5,25,8,7,11,7,1,13,7,6,13,0,2,13,5,7,0,3,5,2,0,16,8,7,11,42,5,1,2,12,11,0,4,4,1,0,19,9,16,5,5,1,3,7,10,2,19,4,0,10,0,11,14,19,6,10,1,8,1,10,0,20,8,16,6,0,7,12,11,4,1,16,11,3,0,1,5,4,0,0,13,6,2,8,3,8,0,1,4,2,0,6,6,5,1,0,5,6,1,15,4,0,20,7,6,1,1,1,10,15,5,0,5,8,3,5,7,7,8,2,0,6,10,5,4,6,9,5,10,3,1,27,12,0,4,4,3,1,8,4,3,3,5,3,2,4,2,7,11,13,3,7,5,5,4,7,11,1,15,23,9,4,2,4,10,8,5,4,9,11,1,1,11,17,11,12,7,8
Ptpn14,0,0,14,0,0,30,19,0,14,0,0,7,4,1,7,16,0,0,0,0,0,2,18,7,0,0,23,9,13,7,0,1,0,0,0,0,0,4,2,0,19,0,0,0,0,9,0,10,8,0,10,10,0,5,12,9,0,0,8,2,0,13,0,0,0,0,0,7,0,20,0,27,16,14,0,0,1,1,0,7,2,0,4,0,0,0,10,0,0,4,8,2,14,2,6,22,0,8,0,0,11,8,31,0,3,0,0,0,0,11,0,0,8,3,9,0,0,0,0,5,0,1,0,0,0,0,2,0,0,4,0,0,1,0,1,0,0,0,6,6,0,0,9,0,3,0,7,2,6,6,0,0,0,4,6,0,0,6,0,6,14,4,12,0,0,0,0,9,5,10,4,0,6,0,7,1,5,7,14,5,3,0,0,9,0,2,0,9,0,7,4,2,0,9,0,9,4,9,0,0,1,3,10,4,10,8,6,0,0,1,5,13,0,7,7,0,2,1,0,0,10,9,7,5
Smyd2,1,16,22,6,4,9,15,7,1,11,20,7,7,2,17,7,2,3,10,0,11,5,10,9,4,7,30,10,8,10,6,13,4,8,4,8,1,19,17,5,15,17,9,2,0,8,6,11,13,7,10,6,4,23,8,13,27,8,5,1,6,15,8,1,0,3,5,12,12,3,8,27,47,1,5,7,16,1,3,3,2,1,6,0,16,9,6,0,5,13,21,1,19,12,11,1,11,0,16,4,6,9,0,8,2,8,5,9,4,7,9,0,7,19,15,9,1,7,3,3,5,1,0,5,0,4,2,8,5,6,3,7,2,4,5,0,5,1,8,7,1,0,19,8,4,14,4,3,3,9,9,4,5,3,7,12,12,8,8,7,9,8,17,10,7,5,3,3,3,10,13,9,10,2,9,7,1,19,15,0,2,4,3,0,11,10,0,9,13,9,4,8,1,6,15,15,2,8,3,4,1,12,5,0,8,9,12,2,4,5,4,8,7,4,5,27,2,0,15,11,10,0,4,1
Pcmt1,14,4,7,16,4,12,0,12,0,6,16,8,3,5,10,12,0,2,5,0,11,11,8,9,2,4,9,16,6,5,17,6,5,0,4,15,0,10,32,3,6,8,5,3,1,16,9,25,5,1,3,12,5,30,7,17,8,0,15,3,6,1,1,0,5,0,14,8,0,33,2,46,9,23,8,17,38,2,0,1,9,0,2,2,11,5,9,1,4,13,6,6,17,8,2,8,5,2,10,8,11,7,10,2,0,10,0,10,7,9,18,0,9,9,13,8,0,4,8,0,0,2,0,6,3,0,5,6,1,5,4,9,6,2,2,0,6,13,13,2,2,0,10,11,0,6,15,1,14,3,3,1,0,6,8,6,11,6,2,10,5,8,17,9,5,0,0,0,4,3,0,2,7,0,14,4,4,13,16,0,10,0,2,5,6,9,0,7,3,6,0,5,8,0,8,9,0,5,5,4,1,9,5,0,12,12,8,9,1,6,2,7,0,5,7,6,4,3,5,10,13,1,1,0
Katna1,3,3,3,0,1,2,2,0,2,3,2,0,1,1,0,0,0,0,1,0,2,5,0,3,0,0,3,2,2,0,0,0,1,0,3,0,4,5,0,2,0,2,0,1,1,1,3,5,2,1,2,1,0,0,0,4,1,2,3,2,0,0,3,0,1,0,0,0,5,1,3,2,1,1,0,5,2,1,0,3,0,0,3,1,2,0,7,0,5,0,1,0,3,0,0,1,0,1,1,0,0,3,3,2,0,4,0,0,8,4,2,0,1,2,4,3,0,0,2,0,0,0,0,0,0,0,3,0,0,3,0,3,0,0,0,1,0,0,1,0,0,2,5,5,0,0,1,0,2,1,1,2,0,0,0,0,4,0,3,3,0,2,3,0,0,1,0,0,5,3,0,2,1,0,5,1,1,1,1,0,0,0,4,2,0,7,0,4,4,2,0,0,0,3,3,4,1,3,1,5,2,2,0,3,4,1,2,5,1,2,2,1,0,1,4,3,0,0,0,1,2,0,0,0
Fuca2,5,18,10,14,0,39,5,0,1,39,20,9,0,10,11,0,0,0,12,3,15,12,48,19,0,0,9,16,11,10,29,28,5,10,17,21,0,11,23,12,12,0,5,22,0,20,10,24,28,8,12,0,3,42,26,3,0,4,16,6,15,0,1,0,9,0,0,24,15,93,35,68,6,28,0,11,25,0,3,13,5,2,17,0,12,20,15,0,9,18,12,13,19,12,0,13,14,10,14,19,12,10,12,0,9,3,3,21,22,14,12,0,12,6,11,22,0,16,16,9,0,1,10,0,0,0,2,0,0,9,3,0,2,0,2,9,1,11,20,4,0,0,7,0,2,19,0,8,8,6,0,0,5,6,24,16,8,3,12,15,9,3,12,17,17,0,2,14,10,8,11,7,9,3,20,0,0,2,18,0,7,9,14,0,0,8,0,9,0,11,6,0,3,15,6,2,5,4,18,4,10,10,10,5,15,3,14,9,0,12,15,13,6,4,16,7,0,5,2,32,7,7,0,8
Cited2,1,4,12,10,6,20,0,1,0,8,12,0,9,18,14,0,0,0,4,0,6,3,15,19,0,16,0,5,12,2,18,6,16,0,7,8,13,13,0,4,10,16,0,0,0,17,11,22,11,0,0,12,4,41,5,6,16,37,12,0,9,5,0,0,38,0,0,14,1,0,0,15,62,3,0,4,12,2,9,2,0,0,12,0,15,12,11,0,10,31,5,0,5,9,0,10,0,0,14,2,12,1,7,5,0,6,2,17,8,3,2,0,1,3,1,7,0,0,9,8,18,4,6,0,0,0,16,1,0,14,0,3,0,0,0,0,7,2,9,5,0,0,0,6,0,0,15,0,5,1,6,2,5,0,4,6,10,3,7,7,3,3,0,7,7,0,21,4,4,3,4,11,3,0,10,5,0,3,0,0,0,4,5,8,8,1,0,5,7,3,0,14,0,7,11,0,5,5,10,3,4,6,12,8,15,0,8,4,2,0,4,8,9,2,7,11,0,0,3,10,1,0,0,2
Sec63,0,0,17,7,10,8,4,2,0,11,10,0,8,0,2,12,3,4,2,0,6,0,0,0,0,12,26,4,2,0,5,2,1,0,5,7,5,19,24,17,4,0,0,0,0,10,10,15,4,0,1,4,3,3,11,8,5,0,2,0,15,7,0,0,12,0,0,2,4,38,6,27,0,3,0,0,13,0,0,3,2,0,0,8,10,3,7,1,0,0,1,5,0,8,0,4,0,0,13,5,4,6,5,11,3,0,0,3,2,4,0,0,9,14,10,0,0,4,2,5,1,0,0,10,1,0,1,2,0,3,3,6,0,0,0,2,2,0,5,4,4,0,6,0,0,5,13,0,4,1,3,4,0,0,5,15,8,1,0,0,2,8,7,0,4,0,0,0,5,2,3,1,9,0,0,4,0,4,5,2,1,0,1,0,0,0,5,17,0,1,0,15,1,3,4,9,4,5,10,1,0,1,6,0,7,5,2,0,0,0,2,7,6,0,0,4,0,1,8,0,4,10,5,0
Plekhj1,3,11,9,0,5,3,0,12,4,18,16,0,8,1,0,3,0,3,9,0,0,10,0,0,0,0,0,14,4,5,10,1,0,0,23,9,0,6,0,1,0,7,4,0,0,14,10,0,6,0,11,0,3,0,7,3,17,0,4,0,0,13,0,0,3,0,0,0,1,22,0,0,0,0,0,9,16,0,0,6,0,0,0,4,0,0,9,0,5,0,13,0,0,14,0,0,0,2,1,20,0,11,0,5,0,0,3,4,12,5,5,0,0,0,0,3,0,3,0,0,0,0,0,0,0,0,0,3,0,5,0,3,3,0,0,0,0,0,3,4,0,0,3,8,0,14,0,0,0,4,0,4,0,0,0,0,0,4,0,2,0,5,1,3,11,0,0,3,4,0,7,0,0,0,0,0,0,0,1,0,0,0,8,0,6,12,4,0,0,0,0,5,0,0,0,2,0,0,0,0,0,5,2,2,7,4,0,0,0,0,0,4,0,3,3,4,0,0,0,7,0,0,0,0
Mrpl54,8,23,16,7,19,17,53,11,0,13,8,8,18,18,34,24,0,12,18,1,11,14,0,12,0,21,42,18,12,3,40,24,9,18,13,18,0,17,25,9,10,0,0,0,5,17,22,31,20,0,11,6,5,29,16,22,13,4,22,10,8,17,4,13,9,0,0,9,11,51,20,12,22,20,17,0,13,14,12,11,5,3,9,12,9,16,21,0,9,8,25,12,11,7,7,8,9,14,39,6,2,17,12,12,13,13,9,14,16,28,4,7,15,27,31,3,3,5,23,3,3,3,2,15,0,4,11,9,6,13,3,13,0,0,5,5,8,4,3,8,5,2,14,18,2,28,2,0,9,12,0,4,2,0,16,24,13,8,1,17,22,3,4,20,11,0,11,18,28,12,20,14,14,1,16,15,0,9,14,3,6,4,12,2,4,8,0,15,19,28,2,16,3,9,22,13,11,22,0,7,11,3,15,4,20,8,9,6,8,2,12,8,2,6,11,8,3,10,34,30,14,0,2,10
Hsp90b1,78,38,45,23,44,181,159,48,61,61,32,23,13,41,102,29,0,17,9,5,50,40,56,9,8,144,220,43,67,24,61,54,42,16,33,28,20,74,77,48,6,23,27,9,0,91,37,52,45,11,31,96,24,74,21,45,72,6,60,6,56,57,2,0,78,0,7,31,33,133,52,60,99,32,60,43,45,6,15,7,8,6,59,31,33,45,41,4,2,55,46,39,31,57,13,63,19,46,44,43,52,56,12,59,34,57,0,54,59,54,30,10,55,82,86,13,0,35,45,30,14,8,18,32,0,5,18,14,6,38,23,29,7,3,12,12,0,38,46,17,8,6,50,46,7,49,21,10,31,37,17,26,0,7,55,38,55,19,49,35,21,14,24,20,43,0,0,22,44,20,23,28,45,0,45,9,11,25,47,6,16,10,18,34,19,14,4,34,29,54,34,18,17,17,29,23,19,26,46,24,41,28,37,2,34,80,17,10,6,46,10,44,32,31,57,36,18,0,50,48,41,46,26,23
Cct2,10,9,18,2,25,32,45,9,27,16,14,10,14,7,13,9,1,12,2,0,25,12,20,7,0,1,41,24,18,19,18,3,30,3,16,15,2,20,48,33,7,4,26,0,0,5,3,25,31,8,0,22,0,16,20,12,18,5,24,7,11,44,10,0,7,5,0,9,36,35,1,51,27,15,31,32,37,23,0,0,0,4,27,15,51,11,34,0,9,13,31,0,25,6,2,23,10,7,22,24,8,24,4,17,15,15,0,21,34,15,7,0,18,28,16,25,0,11,33,0,0,0,12,9,0,13,9,20,0,14,0,3,10,0,0,0,16,0,7,5,0,0,14,3,0,35,32,12,10,14,6,0,2,6,12,19,11,24,15,1,21,13,28,17,13,0,6,25,26,5,7,17,11,4,16,3,4,18,24,0,10,3,5,19,2,16,0,21,15,16,4,21,7,5,17,24,2,8,5,17,14,16,7,2,7,17,8,1,0,7,0,12,0,18,14,15,1,0,27,33,17,29,5,8
Cdk4,38,31,16,31,31,79,33,33,40,25,41,25,7,26,26,34,11,15,22,2,24,16,38,22,14,37,41,9,21,15,15,20,20,22,11,30,9,16,43,8,23,39,0,22,14,18,25,44,14,0,27,24,16,19,20,14,15,15,19,25,1,35,4,0,18,0,0,12,34,20,29,50,59,20,20,16,32,17,7,20,7,5,10,10,14,25,27,9,14,21,11,9,15,33,13,20,23,20,20,24,9,51,10,14,22,12,18,15,22,32,27,9,25,31,24,30,0,15,1,17,7,20,11,16,11,2,19,13,12,14,6,7,0,14,0,5,0,12,19,12,9,2,27,21,0,20,4,7,5,12,11,0,11,23,13,10,17,10,16,19,20,7,15,17,11,0,9,11,21,24,4,8,15,12,28,11,0,19,25,4,3,5,17,17,16,10,4,16,14,7,7,11,16,21,26,17,7,15,19,12,5,14,5,12,23,39,26,13,11,10,8,30,6,23,10,28,0,0,29,18,17,1,12,9
Os9,16,6,9,6,5,10,0,7,2,5,10,0,2,3,6,7,0,2,10,0,1,0,11,0,2,1,15,9,13,11,11,10,0,5,10,14,0,10,0,8,10,10,2,0,0,14,2,8,10,0,2,8,0,12,4,8,3,4,9,5,7,7,0,0,7,0,0,3,0,16,0,11,0,11,7,0,0,1,5,0,1,0,16,1,14,14,7,0,8,5,12,0,2,10,0,6,4,3,9,7,2,9,8,0,0,13,0,7,9,5,2,0,7,10,10,2,0,1,6,1,1,6,1,0,0,0,3,2,0,7,1,4,0,0,0,1,0,5,2,9,1,1,2,15,0,8,1,1,1,2,1,3,0,0,8,5,3,5,7,10,9,3,2,4,5,0,0,2,4,7,0,8,5,0,6,0,0,0,4,1,1,1,8,3,2,1,0,1,2,14,2,1,5,9,8,3,7,1,14,0,0,15,0,1,9,5,1,10,0,0,5,8,0,8,10,13,0,6,9,19,2,7,0,9
Mars,4,24,10,3,22,49,29,0,10,3,29,0,0,2,40,15,0,4,13,0,0,17,33,0,14,14,0,44,8,2,26,16,10,0,16,23,0,26,9,19,10,18,0,0,0,21,7,29,16,0,7,19,12,0,24,0,31,0,0,0,8,8,0,0,26,0,0,35,15,63,7,57,50,19,0,21,15,0,0,0,0,0,19,0,28,18,11,0,0,0,7,2,6,8,0,29,0,6,0,20,0,4,17,0,0,8,0,33,13,21,10,0,15,0,15,8,0,6,4,18,0,0,0,0,0,0,8,0,8,2,0,15,0,0,0,3,0,0,9,10,0,0,0,0,0,20,0,0,0,11,0,0,0,6,0,19,16,0,1,12,11,0,7,1,1,0,0,6,12,8,0,0,11,0,14,0,0,25,8,0,9,0,5,0,14,9,0,5,11,15,0,22,0,12,20,13,0,16,5,0,1,10,14,5,13,22,25,7,0,0,4,14,0,1,1,1,0,0,15,0,0,0,0,0
Lrp1,4,10,17,12,3,39,18,22,15,20,27,6,9,14,19,9,0,5,6,0,31,10,29,12,4,21,18,30,19,12,5,9,15,1,4,24,7,28,16,6,22,5,0,1,18,44,13,21,16,3,12,7,5,35,23,12,12,5,11,20,15,6,4,6,22,0,3,28,11,83,18,47,29,10,0,9,15,1,10,24,0,0,19,3,11,13,13,9,8,17,27,12,18,21,3,21,4,11,18,25,22,26,28,19,7,43,0,28,12,21,14,0,24,14,21,17,2,6,29,10,8,0,7,12,8,0,12,12,0,19,0,4,5,0,0,15,2,3,9,14,1,3,4,15,11,20,15,8,5,5,7,11,3,4,6,25,9,12,20,9,18,9,16,10,14,0,2,8,17,7,8,20,16,0,11,1,2,5,7,0,2,0,16,7,20,7,1,12,3,6,0,14,4,12,15,4,6,7,17,2,8,12,7,2,21,27,7,8,0,2,5,14,8,16,13,6,0,0,17,25,17,15,4,2
Naca,19,0,0,0,0,143,0,0,0,0,0,0,0,25,0,0,0,0,0,0,0,0,0,0,0,0,0,0,0,0,0,0,0,0,0,0,0,0,0,0,0,0,0,0,0,0,0,103,0,0,0,91,0,0,0,0,0,0,0,0,0,0,0,0,0,0,0,0,0,0,0,0,0,0,0,0,0,0,0,0,0,0,0,0,0,0,0,0,0,0,0,0,0,0,0,0,0,0,0,0,0,0,0,0,0,0,0,0,0,0,0,0,43,0,0,0,0,0,48,0,0,0,0,0,0,0,42,0,0,0,9,0,0,0,0,0,0,38,0,0,0,0,0,0,0,0,0,0,0,0,0,0,0,0,48,50,0,0,0,0,0,19,0,0,0,0,0,0,0,54,0,0,0,0,0,0,0,0,0,0,0,0,0,0,0,46,0,0,0,49,0,0,0,0,0,0,0,0,0,29,0,0,27,0,63,0,0,0,0,0,0,65,0,0,34,0,0,0,0,101,0,0,0,0
Dnajc14,0,1,0,0,4,0,0,9,0,5,2,0,0,4,0,0,0,0,8,0,0,0,0,0,0,0,10,6,2,0,6,7,0,0,0,4,0,8,5,0,0,5,0,0,0,4,1,4,11,0,0,7,0,5,3,0,0,0,4,0,2,0,1,0,0,0,0,7,0,2,3,0,0,0,0,0,15,1,1,0,0,0,4,0,5,0,4,1,0,0,4,8,0,0,0,0,0,0,2,4,0,2,1,6,0,12,0,1,2,6,4,0,0,5,2,4,0,0,3,0,0,0,5,3,0,0,0,0,0,3,0,3,0,0,0,0,0,1,5,0,0,0,6,6,0,5,0,1,0,1,1,0,0,0,0,3,1,3,0,4,5,0,1,12,0,0,0,0,2,1,0,0,0,0,2,0,0,3,1,0,4,0,6,0,2,0,0,0,3,0,1,2,0,2,0,7,0,0,3,0,0,5,2,1,4,0,0,2,0,4,4,5,0,0,0,2,0,0,4,2,5,4,1,0
Grb10,3,8,0,0,0,0,0,16,0,18,21,0,0,0,0,19,5,8,0,0,9,6,0,10,6,26,0,0,8,12,11,10,0,0,0,0,11,30,16,0,0,3,0,0,0,8,0,0,6,13,0,25,0,24,0,0,0,0,0,0,7,0,0,0,0,5,0,0,7,0,18,35,12,2,30,0,0,4,0,0,0,0,9,0,18,16,16,0,0,4,0,11,10,18,9,10,0,15,0,13,0,11,6,0,12,0,10,14,22,0,5,0,11,0,0,0,0,16,11,3,3,0,0,0,0,0,0,11,0,4,8,0,0,0,0,3,0,7,6,0,1,3,0,11,5,7,8,0,0,6,8,3,2,0,0,19,0,0,10,0,0,5,0,2,0,0,0,0,8,10,0,17,6,0,0,0,7,0,9,0,2,0,0,0,0,0,2,0,0,3,0,9,2,0,0,9,5,11,6,3,0,11,12,0,7,0,0,7,0,0,8,0,0,6,0,0,0,0,8,9,0,16,11,5
Pno1,5,11,2,1,0,10,22,3,6,6,16,4,7,0,7,4,0,3,3,1,7,11,5,7,3,11,17,15,21,14,19,7,9,8,0,0,6,5,13,8,0,4,0,0,4,9,13,14,14,4,4,9,0,4,5,19,4,15,0,4,5,3,3,4,11,0,2,10,7,17,3,32,9,0,13,0,18,3,2,5,1,0,11,0,5,8,9,6,3,5,1,2,4,7,6,5,5,4,9,1,5,4,3,3,3,3,0,5,7,19,4,0,3,20,15,7,0,5,11,5,1,0,1,6,0,5,10,8,3,1,5,4,2,1,0,2,3,6,2,0,0,0,10,4,1,7,8,4,10,5,0,3,0,1,12,4,9,3,3,0,0,3,8,7,10,3,3,6,7,9,2,3,2,3,7,0,1,16,2,2,0,0,8,1,7,3,2,12,4,6,4,15,0,0,4,1,6,6,0,7,3,5,4,3,6,8,9,0,6,1,0,2,6,2,6,9,1,0,5,21,5,3,1,5
Mdh1,1,17,4,7,9,18,5,5,4,14,4,4,3,2,7,8,0,0,2,0,11,4,18,4,4,0,20,5,4,0,10,9,1,11,3,5,3,16,20,4,6,6,4,3,5,23,10,14,9,0,3,4,3,1,3,20,21,8,8,0,7,5,0,0,5,0,2,15,0,18,13,0,24,4,16,7,16,0,5,6,1,2,9,1,4,8,6,1,11,17,6,2,12,3,0,8,6,8,5,17,14,26,8,3,5,2,0,14,7,3,5,3,5,7,21,12,0,8,6,1,1,7,4,3,3,1,5,0,0,9,0,14,0,4,2,4,2,7,9,4,1,4,4,9,2,12,15,0,4,10,0,0,0,2,4,7,5,4,5,3,3,5,4,6,7,5,0,6,10,3,0,1,1,0,15,1,1,8,1,0,3,1,3,5,5,5,0,8,5,5,8,4,10,5,7,4,4,2,14,6,10,2,3,1,14,2,8,5,1,13,3,11,5,5,11,6,0,0,4,5,8,2,1,2
Xpo1,7,0,0,1,0,5,8,0,0,0,0,5,0,5,0,6,0,0,0,0,0,0,0,0,0,0,0,0,5,4,11,0,6,0,0,0,0,0,26,0,0,0,4,1,0,0,12,0,0,0,0,0,5,0,0,0,1,0,0,0,4,6,0,0,0,0,0,0,0,0,0,4,3,0,0,5,7,2,0,7,1,5,0,0,0,0,0,9,0,0,0,3,0,5,0,0,3,3,6,0,0,4,0,0,0,0,0,0,2,0,3,0,2,2,0,0,0,6,0,0,0,0,9,0,1,6,0,3,5,2,2,7,2,0,4,0,2,0,0,0,3,0,0,0,0,5,0,0,2,3,0,4,0,0,0,2,0,0,2,0,0,7,0,1,4,0,0,4,0,0,0,0,0,0,3,0,5,7,3,0,0,3,0,0,2,0,0,0,0,0,0,9,0,1,0,5,0,0,0,1,0,0,0,1,0,10,7,0,1,0,0,5,4,0,0,0,0,0,0,0,0,0,0,0
Ahsa2,2,2,0,0,0,0,13,0,0,5,4,0,0,0,0,0,0,0,5,0,1,0,0,0,0,0,13,2,0,2,3,6,0,0,0,0,0,0,0,0,0,7,0,0,0,3,1,0,0,0,0,0,0,0,16,0,0,3,0,0,0,5,0,0,0,0,0,7,0,0,0,12,0,0,0,0,7,1,0,0,0,0,3,0,0,3,3,0,0,0,0,0,0,0,0,5,0,0,3,0,0,7,1,0,0,0,0,0,9,1,0,0,10,0,0,0,0,0,3,3,2,0,0,2,0,0,0,0,0,4,0,0,0,0,0,0,0,0,3,1,0,0,0,0,0,7,0,0,0,3,1,0,0,0,4,0,0,0,7,3,4,4,0,6,2,1,0,0,5,8,0,0,4,0,0,0,0,1,0,0,0,0,0,0,4,3,0,0,0,5,0,4,0,0,0,0,0,4,4,5,0,6,0,0,2,0,4,2,0,0,1,4,0,0,1,0,0,0,0,8,4,0,3,3
Ccdc104,6,6,7,11,0,15,1,0,5,2,14,0,6,8,14,9,0,0,6,0,16,4,0,4,0,9,49,8,5,1,10,0,6,0,0,4,0,0,10,13,1,0,15,0,0,5,14,0,2,0,5,9,0,9,7,10,0,0,10,0,8,14,0,0,0,0,0,0,7,15,12,26,11,0,0,0,0,1,9,0,0,0,0,0,9,3,6,0,0,4,18,0,14,7,2,0,2,0,9,6,4,3,5,6,10,10,0,8,12,4,0,0,8,7,13,0,0,0,7,7,1,0,0,0,2,0,13,0,0,11,0,4,0,0,0,2,3,0,3,0,2,3,16,0,0,5,0,0,11,13,3,0,0,0,8,7,11,3,1,2,1,0,9,1,18,3,3,3,12,10,0,6,9,0,0,0,0,4,0,0,5,0,14,0,3,4,0,6,2,3,0,10,3,7,1,0,4,0,6,3,0,1,4,0,7,9,4,0,0,2,2,8,6,7,0,2,0,0,9,9,8,0,7,2
Ccdc88a,0,2,0,9,9,24,24,13,0,1,3,0,0,5,20,4,0,0,0,0,2,8,9,0,3,10,6,0,0,0,11,0,6,0,0,14,0,16,20,2,0,5,4,0,0,1,5,6,1,2,0,4,0,16,12,7,36,4,6,0,5,4,0,0,8,0,0,15,0,12,6,7,0,0,0,9,10,6,2,12,0,1,8,7,0,2,14,1,7,0,1,0,2,11,0,0,0,0,8,11,6,0,11,10,4,19,0,1,7,5,7,0,8,5,10,0,0,3,9,7,0,0,0,6,1,0,0,5,0,10,5,7,0,0,2,0,0,4,10,7,0,0,3,4,0,1,1,0,12,3,0,0,0,0,1,3,1,1,3,7,4,8,4,8,4,2,0,2,0,10,4,9,2,0,9,0,0,10,4,0,0,0,0,0,0,7,0,7,2,3,13,17,2,2,10,0,0,4,3,5,5,0,1,0,5,12,7,8,3,0,4,5,10,6,3,5,0,0,11,0,7,0,4,2
Npm1,15,43,43,16,8,113,78,28,26,33,56,21,26,13,28,30,1,13,26,0,22,39,27,40,12,26,67,22,61,18,66,29,34,17,22,28,7,58,60,12,19,51,5,2,7,32,37,98,42,9,36,43,6,20,48,65,46,13,52,28,2,77,5,1,27,0,15,16,42,46,46,155,43,0,8,25,89,16,9,30,3,0,17,8,47,41,59,5,3,2,23,11,31,38,14,12,26,7,48,47,11,34,9,26,11,9,2,40,24,44,37,2,37,46,33,26,1,39,48,22,0,3,26,11,6,7,15,21,4,16,6,38,0,7,0,6,8,11,14,17,3,0,26,36,3,24,17,4,15,34,10,3,1,20,13,30,17,21,26,52,10,10,20,24,38,14,0,26,27,27,13,19,16,5,35,3,7,39,41,0,6,4,16,13,9,34,10,25,27,31,12,55,6,21,41,43,20,15,8,24,15,15,5,7,38,55,34,10,6,14,19,36,7,18,21,61,13,2,39,36,35,4,9,18
Hnrnpab,4,12,0,7,14,47,37,18,14,41,35,14,19,4,30,32,0,15,0,2,4,36,15,2,2,23,17,26,31,16,13,18,14,17,24,16,12,32,35,2,19,12,15,6,0,40,33,5,32,6,24,8,0,21,28,31,48,11,55,4,2,24,4,15,12,0,6,36,8,12,23,49,29,4,6,21,64,4,5,8,6,11,20,4,16,14,30,2,11,9,12,13,16,17,3,12,13,10,29,27,9,17,15,8,0,12,2,9,21,28,28,1,11,30,13,9,0,21,20,4,0,0,8,12,13,11,11,6,5,13,1,16,2,8,0,2,7,2,19,3,3,0,15,12,6,19,10,0,12,20,16,0,2,13,26,13,8,10,11,34,11,3,28,13,17,16,7,8,19,9,3,6,10,0,12,5,3,17,30,2,5,2,13,13,9,15,0,12,16,8,1,11,3,5,23,28,5,11,8,10,2,13,18,0,23,18,27,3,2,9,5,28,14,8,18,15,1,0,15,8,20,26,6,2
Skp1a,0,13,0,18,24,29,26,7,0,21,14,0,7,21,12,11,0,0,27,6,14,30,9,20,0,0,11,10,25,2,28,10,13,3,12,0,0,4,8,0,21,0,28,8,6,18,0,32,17,4,14,16,6,24,22,0,27,19,0,0,10,0,3,0,23,0,0,19,6,14,0,38,17,12,6,19,34,4,8,4,3,3,8,5,9,10,7,2,18,10,11,10,8,16,10,14,4,8,18,19,17,10,4,9,14,21,4,15,18,8,9,6,12,12,20,11,0,14,10,3,3,3,9,11,1,3,11,10,4,9,3,4,3,1,2,3,1,9,19,8,0,0,14,14,3,16,6,8,13,6,7,5,2,2,10,13,15,12,3,9,8,10,1,5,15,8,5,11,12,18,4,4,8,2,9,8,1,19,18,3,0,4,11,0,14,2,2,20,8,11,3,10,6,30,5,2,0,4,10,3,10,7,0,8,6,5,0,10,5,0,6,13,13,2,9,12,0,5,24,37,26,4,2,5
9530068E07Rik,9,23,10,17,3,15,11,7,12,10,14,5,4,8,9,3,0,2,5,7,5,7,14,8,0,10,23,14,4,10,26,17,3,1,4,1,9,6,16,4,11,5,6,6,1,13,10,9,22,7,6,8,18,32,16,15,1,1,5,9,6,8,1,2,8,0,0,18,4,31,8,5,17,7,12,1,7,6,0,7,3,10,10,5,7,6,8,0,9,11,9,4,7,7,0,14,1,4,6,6,9,11,11,5,2,9,2,3,9,17,10,0,6,3,11,7,1,3,12,1,4,0,10,0,0,3,4,6,2,10,0,4,0,0,0,2,1,2,10,7,0,3,4,10,9,6,4,1,3,2,4,1,0,0,6,13,3,3,6,8,7,4,5,4,4,2,0,3,8,6,2,2,8,0,14,0,0,4,6,1,9,1,14,7,5,3,3,5,8,10,1,4,5,1,8,9,0,5,7,2,6,3,6,1,4,17,2,5,2,1,7,6,4,4,10,7,0,5,6,10,7,4,7,3
Hspa4,13,13,3,11,8,22,14,9,0,8,17,3,10,7,3,4,0,3,8,0,8,4,0,0,0,0,24,3,7,1,15,1,11,11,0,11,9,9,5,0,4,20,3,1,0,5,1,5,3,7,9,5,1,24,26,10,13,0,16,0,10,20,0,5,13,0,0,15,7,23,3,16,29,0,1,2,5,9,4,12,5,0,0,10,4,5,13,4,0,3,3,8,17,5,0,2,3,6,8,15,10,12,7,8,10,11,0,7,6,19,6,0,9,13,9,5,0,6,7,1,0,0,1,1,0,0,3,3,1,4,2,11,0,0,0,3,4,2,6,5,0,0,7,7,0,5,5,0,2,6,6,0,0,0,6,22,4,11,6,4,4,2,7,5,13,1,2,2,3,4,1,3,6,1,4,3,2,8,6,0,6,11,4,8,6,8,4,17,10,13,6,15,2,6,10,2,0,5,14,4,2,7,1,5,13,9,5,4,1,7,7,5,7,6,6,11,5,0,11,16,7,0,1,1
Chd3,0,8,0,0,0,0,0,0,0,0,0,0,15,0,0,2,0,0,0,0,0,0,0,0,0,0,14,0,15,0,0,0,1,0,13,2,0,0,0,0,0,0,0,0,0,0,25,0,7,0,0,0,0,24,17,0,0,0,0,0,0,0,0,0,0,0,7,0,0,21,0,0,0,0,0,3,19,0,0,0,0,0,10,0,0,0,3,0,0,0,22,0,0,0,0,16,1,0,1,0,4,0,0,0,0,1,0,0,9,0,0,0,10,0,0,0,0,0,17,0,5,0,0,0,0,0,0,0,0,0,0,6,0,0,0,0,0,3,7,0,0,0,0,0,0,0,0,0,0,0,6,0,0,0,0,0,0,14,0,0,0,6,0,0,7,0,0,0,12,0,0,2,6,0,17,0,0,0,0,0,0,0,0,1,0,0,0,0,0,0,1,0,7,0,5,0,0,0,0,0,0,0,11,3,0,15,0,8,0,0,0,6,6,0,0,0,0,0,0,0,0,0,4,0
Rnasek,8,8,1,12,12,18,13,9,8,6,20,10,6,4,14,9,0,0,2,3,2,0,7,13,0,6,8,9,8,1,5,7,4,5,4,2,3,22,8,9,27,1,0,4,5,37,1,5,12,3,6,0,0,35,8,7,4,2,7,0,6,21,0,1,19,0,0,16,6,29,3,0,21,8,24,14,12,0,5,11,0,0,3,8,8,14,12,5,14,30,7,8,5,11,7,15,5,17,19,10,16,19,10,4,10,15,15,7,6,9,4,6,1,15,8,21,1,3,9,7,14,0,1,3,0,0,2,8,3,10,7,4,3,1,1,12,2,0,3,7,0,4,9,9,7,6,4,6,1,7,3,0,5,0,10,5,3,2,0,8,20,0,1,6,14,13,8,3,3,11,11,0,10,0,10,0,1,7,7,8,3,4,2,2,18,1,0,6,0,5,1,11,10,4,3,2,2,3,12,5,3,2,3,0,13,6,11,4,0,1,3,9,0,4,4,7,1,4,8,11,3,9,6,0
Slc25a11,0,0,5,10,0,6,0,0,0,13,6,6,1,0,13,0,0,1,4,0,10,8,5,0,3,2,1,1,4,0,2,6,4,0,0,0,3,11,8,0,0,0,0,0,0,3,0,0,6,0,0,21,0,1,15,13,11,0,6,0,1,0,0,0,0,0,0,0,9,31,0,36,3,3,3,0,11,0,3,12,3,0,5,0,3,5,15,0,0,0,6,0,11,13,0,10,5,0,5,8,0,0,4,16,0,3,0,6,0,0,1,0,3,9,10,0,0,11,11,2,0,0,9,0,0,5,0,0,0,0,0,1,0,0,0,0,0,0,0,3,0,0,13,4,4,12,0,0,0,5,0,0,0,5,0,5,0,7,0,9,8,5,17,7,1,0,0,6,0,2,0,0,0,0,0,6,0,2,0,3,0,6,2,1,5,0,0,0,2,1,0,0,0,0,2,2,1,2,6,6,2,7,0,0,11,5,9,0,0,0,12,11,0,0,4,3,0,0,2,7,5,7,0,5
C1qbp,0,6,9,13,11,38,20,14,12,18,20,8,3,2,26,13,0,6,7,0,4,15,12,13,0,14,24,10,15,30,26,23,22,12,22,19,9,25,5,12,10,22,13,0,12,12,7,66,23,4,10,4,7,7,8,14,16,0,25,6,13,27,0,2,6,0,0,5,2,23,8,74,20,0,7,0,26,9,7,7,2,0,14,10,8,21,32,5,0,8,14,0,16,13,9,18,3,8,18,15,0,31,8,7,1,9,7,15,5,21,17,1,15,31,17,16,0,11,28,7,0,1,2,0,0,0,8,12,0,10,0,16,0,7,4,1,6,8,10,12,4,0,10,10,2,12,10,5,4,1,9,0,3,1,11,2,17,7,12,2,5,5,11,8,21,9,3,4,17,14,22,5,6,0,21,2,0,7,20,0,1,0,6,11,0,9,1,15,7,3,5,30,8,6,23,14,0,4,5,5,9,11,7,2,21,11,34,5,1,0,9,27,5,5,9,38,0,6,11,10,8,7,12,5
Pafah1b1,5,0,0,13,0,8,0,9,4,11,28,0,1,0,17,5,0,0,8,0,11,0,3,3,7,20,21,15,2,0,4,15,13,0,17,11,0,10,15,0,4,0,0,0,2,19,9,16,14,0,0,13,0,6,3,3,5,12,15,4,9,6,5,0,4,0,2,0,0,34,6,33,1,0,12,12,24,0,0,3,0,0,7,4,12,5,8,3,2,19,11,11,16,9,1,9,1,16,9,20,4,7,5,12,5,9,6,5,3,3,10,2,14,13,23,10,0,2,4,2,0,0,16,5,0,0,8,0,0,5,0,9,1,0,0,1,6,4,7,4,0,0,8,8,0,7,7,0,7,3,6,9,3,0,5,16,0,8,6,2,4,4,0,9,3,8,0,1,10,3,0,0,4,0,4,3,4,11,4,0,0,0,4,0,3,3,0,14,0,10,4,10,6,2,0,7,1,4,0,6,4,4,7,2,10,8,5,7,6,1,5,7,0,8,8,3,0,0,8,1,3,9,0,0
Myo1c,0,9,25,11,8,20,6,6,14,27,21,8,3,5,12,5,2,2,6,1,2,4,9,5,6,10,21,16,18,1,9,22,7,13,16,12,1,5,11,13,7,8,0,8,7,20,13,10,13,5,11,2,7,12,49,21,22,8,10,6,7,11,0,0,4,0,0,21,22,9,5,25,22,6,0,3,14,0,0,5,1,1,19,7,8,22,19,4,2,15,7,7,11,13,7,4,5,6,14,5,17,6,4,8,2,8,5,12,4,8,4,0,15,9,17,7,0,7,11,11,6,0,0,7,0,2,7,1,4,4,0,6,8,2,6,0,1,8,11,9,0,1,8,8,1,7,3,3,8,17,4,3,4,2,10,18,8,4,2,6,12,10,3,7,3,9,2,3,2,5,4,7,9,4,4,6,2,10,8,1,0,2,4,5,9,2,5,7,3,13,0,17,8,14,9,16,1,5,0,4,9,4,12,2,12,8,2,11,1,10,6,17,1,6,4,11,1,7,9,8,19,8,4,0
Crk,0,0,1,4,3,6,0,4,2,5,9,2,2,2,3,0,0,3,4,0,1,1,2,2,0,5,6,0,4,8,4,12,5,0,2,6,0,2,11,2,6,2,0,0,8,7,0,2,4,2,0,7,6,3,0,2,0,0,5,0,3,4,0,0,12,0,0,0,2,6,0,2,2,3,6,0,1,2,1,1,2,0,0,7,3,5,3,2,8,0,1,2,2,5,2,3,1,14,4,3,7,3,2,3,4,0,6,11,3,2,4,0,0,2,5,5,0,2,1,2,5,0,2,0,2,0,1,2,0,4,1,2,0,1,1,5,2,0,2,2,2,1,1,0,0,0,4,3,8,1,3,5,4,0,2,2,3,0,4,7,4,2,4,3,3,3,0,1,7,3,0,3,8,3,0,1,0,3,2,3,6,0,0,1,4,4,0,5,0,4,0,3,0,6,3,1,3,2,6,2,0,2,0,1,1,5,8,4,6,8,0,1,1,2,0,0,0,2,3,3,3,0,4,0
Rab34,7,2,0,5,0,4,20,2,0,3,7,9,12,0,0,3,3,0,12,1,4,9,0,5,0,4,14,8,18,6,3,4,3,1,8,5,0,12,2,0,0,0,2,4,5,4,16,22,12,0,3,5,6,10,26,14,10,4,0,4,4,11,0,0,0,0,4,4,8,4,3,6,24,7,2,0,0,2,3,9,0,0,6,5,13,3,3,0,7,5,9,0,5,10,5,9,2,1,15,8,6,10,0,11,7,7,2,9,6,24,11,1,4,8,12,4,0,9,4,3,0,0,3,2,3,0,8,11,0,1,1,4,1,1,4,0,0,0,5,0,3,0,0,9,4,5,9,6,8,3,5,1,3,2,3,10,1,11,3,5,4,1,0,0,1,5,0,2,7,3,7,4,1,0,2,2,0,2,9,1,3,6,5,0,6,2,0,6,5,1,3,6,3,2,2,4,6,0,3,2,5,2,3,1,5,13,6,4,0,5,1,12,7,7,2,9,0,2,0,13,5,16,0,0
Sdf2,4,1,5,8,7,11,9,14,6,9,11,2,4,2,10,7,7,0,6,1,11,10,11,11,2,5,7,14,8,4,13,5,1,3,4,4,0,10,14,7,6,0,10,0,0,16,4,1,8,0,2,5,5,14,6,5,8,3,4,2,15,3,0,0,10,0,0,16,4,41,3,17,0,0,2,6,4,4,0,3,0,0,3,0,4,6,8,1,3,8,7,4,4,4,1,9,5,5,2,5,0,3,8,3,4,2,1,10,7,10,15,2,16,3,20,9,0,4,14,4,0,3,0,6,0,1,4,5,0,8,0,8,1,3,6,3,1,0,6,0,0,2,9,8,0,1,4,3,0,2,0,0,0,1,5,4,14,6,9,3,0,2,4,1,8,0,1,5,6,3,0,1,8,0,0,7,1,7,4,3,1,0,0,0,2,2,0,11,7,10,4,6,0,10,3,4,2,0,5,3,0,4,3,1,5,9,2,4,0,2,4,3,0,4,3,11,0,0,3,9,11,7,6,2
Ggnbp2,5,5,2,4,7,14,22,0,4,7,2,4,2,0,9,4,0,5,0,0,13,0,4,8,0,0,9,13,10,6,5,1,6,0,0,7,0,4,0,1,7,1,3,0,5,4,4,13,9,0,8,2,0,3,7,0,2,0,11,0,2,0,0,0,0,0,0,10,14,8,2,0,2,5,11,0,4,0,7,6,0,0,6,5,10,4,12,0,0,0,7,0,16,9,1,7,1,0,4,4,0,1,13,12,4,7,3,7,2,5,10,0,5,12,6,2,0,0,0,7,0,0,2,2,0,0,8,5,0,6,0,2,0,1,0,6,4,0,7,6,0,0,4,8,1,4,4,0,5,7,1,0,0,2,14,14,1,0,1,2,6,1,3,3,0,12,0,1,5,2,4,6,9,0,1,0,0,8,4,0,2,0,0,0,5,5,0,5,6,8,2,6,1,1,6,3,4,0,3,6,6,6,3,3,3,3,5,4,0,2,1,5,0,5,1,16,0,0,5,4,15,0,9,0
Vmp1,10,6,7,10,12,11,19,14,0,11,14,8,13,26,18,0,0,2,0,15,14,11,11,13,8,0,19,11,27,3,22,28,6,0,17,28,9,10,36,0,0,26,0,0,0,22,28,33,21,0,22,28,5,13,15,25,4,0,5,0,15,16,5,5,15,16,7,36,1,88,13,59,7,11,6,6,3,5,4,0,0,0,10,11,12,18,14,0,0,7,17,8,17,10,13,43,0,22,9,15,25,13,19,19,17,15,4,16,6,9,7,0,23,8,27,9,0,11,13,8,9,7,0,0,0,0,11,0,19,13,4,8,3,4,0,0,4,4,4,12,5,0,15,13,4,15,0,0,5,14,4,0,0,0,13,16,4,4,9,3,12,7,7,9,19,13,0,10,17,8,0,9,0,0,24,3,0,5,14,0,8,13,1,12,15,2,0,24,10,8,9,8,0,0,7,8,12,6,13,2,5,13,5,0,12,15,4,6,5,10,14,3,7,9,12,18,0,0,12,22,24,0,0,5
Srsf1,0,12,0,7,0,0,0,0,0,0,2,18,0,0,0,0,0,0,2,0,0,0,0,0,0,9,4,0,0,0,0,6,0,0,0,0,0,12,20,0,0,0,0,0,0,0,0,0,0,0,3,0,0,4,0,0,0,0,0,0,2,0,0,0,0,0,0,0,0,0,0,15,0,0,10,0,0,0,0,0,0,0,0,0,2,0,11,0,0,0,3,0,13,4,0,0,0,0,6,0,5,9,0,11,2,9,0,0,7,11,0,0,7,0,0,0,0,0,0,0,2,0,0,0,0,0,0,0,0,0,0,0,0,0,0,0,0,7,2,0,0,0,0,0,1,0,0,0,0,0,0,0,0,0,6,0,0,0,0,5,0,0,0,0,0,0,0,0,0,0,13,6,0,0,0,0,0,0,0,0,0,0,0,0,0,7,0,10,0,11,0,0,0,0,5,5,0,0,0,0,0,0,0,0,0,21,4,0,0,0,7,7,0,0,3,7,0,0,0,0,8,0,0,0
Lrrc59,12,1,4,8,7,32,20,14,13,5,20,2,6,5,11,10,0,6,17,0,14,18,8,0,0,3,31,14,22,9,52,8,14,11,12,5,4,13,20,10,8,9,12,1,9,26,14,9,9,0,11,23,0,12,0,13,23,7,14,2,11,23,6,0,11,0,0,24,0,24,6,48,37,5,14,6,27,6,2,6,3,0,13,8,21,4,13,2,3,10,11,5,14,9,3,13,6,20,15,7,9,6,1,10,0,4,0,6,7,13,9,5,15,15,17,11,0,7,13,6,2,0,9,9,5,3,6,8,6,10,0,16,1,0,0,0,8,5,6,6,3,0,14,19,5,12,5,4,9,6,3,4,2,7,17,14,5,1,14,5,5,7,12,12,14,14,4,4,4,7,10,2,8,4,8,7,5,19,7,0,3,0,9,4,8,3,0,6,8,11,3,11,5,3,8,13,3,7,2,8,1,7,8,1,12,10,17,4,3,4,6,21,6,5,8,7,4,2,16,11,6,17,2,2
Spop,7,0,6,5,12,6,0,7,3,8,5,0,4,3,4,0,0,1,0,0,11,12,10,10,0,1,5,12,8,4,0,4,5,18,11,4,0,8,13,7,28,0,2,0,0,14,3,4,5,0,2,2,0,22,16,9,2,0,6,0,5,3,2,0,0,0,0,5,1,20,4,3,8,5,3,6,1,4,2,2,0,0,8,5,4,13,8,0,1,2,5,1,7,8,0,6,4,0,12,5,6,18,5,8,3,7,0,11,2,4,4,0,4,5,6,11,0,10,8,6,0,0,3,0,1,0,4,3,3,6,0,4,0,1,0,1,0,1,7,8,0,0,11,7,0,7,0,0,0,2,1,0,0,3,6,12,3,9,5,0,3,4,7,4,7,1,0,1,6,7,3,6,6,0,2,0,7,4,4,0,0,2,4,3,12,0,0,6,5,6,2,9,0,1,7,5,2,5,2,1,0,3,9,0,4,16,5,5,2,3,1,6,0,3,14,5,1,0,5,11,15,0,4,4
Nfe2l1,2,0,0,0,0,4,16,1,7,11,21,3,0,0,2,0,1,2,3,0,8,6,2,2,0,12,0,5,3,0,2,1,0,3,10,2,0,4,0,0,0,0,0,0,2,2,0,4,7,0,0,0,2,9,21,6,2,0,0,0,0,0,0,0,0,0,6,0,0,13,0,8,10,0,12,0,0,8,0,1,0,0,0,0,2,4,2,0,1,3,3,0,2,1,0,4,0,3,4,3,5,0,9,7,4,0,5,2,3,8,0,0,2,1,2,1,4,3,3,2,1,6,0,0,0,3,1,0,0,8,0,6,0,0,0,0,0,1,3,0,0,1,4,0,0,2,0,0,7,0,5,3,0,0,10,2,3,2,1,6,3,3,0,2,2,10,0,0,0,2,0,4,1,0,2,0,0,4,4,0,0,0,2,0,9,0,0,6,6,9,1,3,0,0,3,4,0,0,0,0,0,6,2,1,4,0,7,2,0,0,4,4,4,0,6,4,3,1,1,2,8,2,2,0
Npepps,6,0,0,5,2,5,0,3,4,2,2,5,3,0,20,2,0,5,0,0,12,0,3,0,0,12,12,5,2,7,10,3,8,4,5,0,0,15,10,7,0,0,1,4,2,16,0,0,3,0,0,4,3,22,6,3,6,8,0,1,8,1,0,0,2,0,3,0,0,23,9,0,9,6,4,4,2,4,4,4,0,0,2,4,2,4,6,2,1,1,1,5,8,4,1,9,2,2,5,6,3,4,11,2,4,4,0,4,0,4,5,0,11,9,5,8,1,9,8,5,0,0,2,4,0,0,6,1,7,2,1,3,0,0,1,9,1,6,6,2,0,4,2,2,0,6,4,0,6,2,2,0,0,4,6,9,2,9,2,4,4,9,5,6,16,6,6,2,9,3,1,1,5,1,6,0,2,0,5,0,0,2,3,1,1,6,3,0,3,2,5,5,0,8,6,3,2,4,2,5,3,2,3,5,3,4,1,4,0,1,0,4,2,2,13,4,0,1,7,4,6,5,1,7
Psmb3,0,0,0,0,9,20,0,0,0,7,0,0,0,0,2,0,0,7,0,0,0,0,10,3,1,11,28,8,20,10,19,5,11,0,0,0,0,18,7,0,0,0,4,3,6,6,0,0,0,0,6,0,1,4,5,0,0,0,0,0,0,0,0,0,0,0,0,0,0,7,9,5,14,0,17,0,0,2,6,7,3,4,3,0,14,10,4,2,6,7,7,5,10,3,5,10,5,11,5,11,6,5,4,9,8,8,1,2,26,10,2,2,4,20,7,8,1,8,6,13,6,0,4,0,6,0,6,19,5,4,1,5,2,1,5,3,10,0,9,5,5,0,5,0,2,0,0,5,5,18,5,1,1,6,19,7,0,2,7,0,0,3,12,6,0,2,0,8,9,0,3,12,9,0,0,1,2,12,7,1,2,5,2,0,3,0,0,4,4,8,0,14,2,6,9,4,5,10,0,8,0,0,6,5,11,13,15,3,1,0,0,16,2,7,13,13,1,1,13,21,13,0,4,0
Lasp1,15,32,21,7,0,41,26,37,18,28,6,17,0,19,0,0,12,0,2,2,3,9,0,25,0,47,53,19,11,12,8,16,8,45,12,16,8,26,33,13,35,44,1,3,0,53,49,7,32,7,18,17,19,22,42,24,10,0,46,0,18,30,0,10,18,0,0,15,4,0,30,63,17,18,0,24,48,8,1,15,0,2,24,13,8,31,18,0,2,0,22,0,32,5,7,11,12,0,13,3,3,27,23,15,5,4,0,21,57,18,7,6,11,18,27,17,9,5,2,17,15,0,1,0,0,10,10,0,0,16,0,9,8,0,0,0,0,13,3,4,0,2,31,6,0,24,13,8,16,11,14,0,0,3,32,27,28,8,17,27,20,15,12,14,25,8,0,5,15,7,31,31,17,0,7,13,12,24,29,0,0,4,18,11,12,1,0,12,2,20,1,30,23,0,24,13,10,27,17,5,13,29,8,0,33,8,25,5,3,10,20,23,0,20,27,41,0,0,17,26,6,0,29,8
Stat3,7,6,13,3,10,48,19,13,14,16,22,4,9,3,7,19,0,3,0,0,3,7,24,0,0,7,19,14,16,7,5,8,14,3,8,4,1,19,7,8,10,13,0,1,6,10,20,12,5,0,10,19,0,32,16,5,8,4,13,9,19,9,1,0,6,4,0,16,11,39,17,21,42,12,9,5,9,1,4,15,0,6,17,9,10,12,14,0,3,7,5,4,13,11,0,7,1,5,15,3,0,10,4,16,5,6,0,17,7,17,6,0,19,7,13,16,2,8,9,7,1,3,6,4,0,4,12,1,0,10,3,7,2,0,2,1,0,12,13,8,1,2,7,12,0,17,2,2,12,12,10,7,3,0,13,17,10,14,9,4,11,13,8,11,14,7,3,4,13,9,3,16,16,0,9,1,2,1,12,3,4,4,9,0,14,7,2,6,12,14,3,6,3,10,9,11,1,11,8,4,5,9,7,1,13,7,0,12,0,1,4,6,1,3,18,4,8,0,7,15,13,9,10,6
Eftud2,0,3,4,0,4,21,3,1,7,20,12,2,1,4,4,8,0,3,7,1,4,9,3,3,2,2,13,0,12,11,3,7,2,7,2,6,9,8,5,3,2,13,2,0,5,10,12,17,7,0,4,21,1,10,10,7,21,9,16,0,5,7,4,3,2,0,0,5,1,18,4,14,30,6,0,24,29,5,8,3,0,0,7,7,14,4,4,1,2,0,8,2,17,7,0,6,4,0,6,12,10,14,10,3,6,14,0,6,7,8,5,3,16,8,9,12,0,8,10,0,0,0,6,5,0,2,1,0,0,1,0,10,3,0,0,3,0,1,5,2,4,0,7,10,1,5,0,3,3,3,0,2,1,0,6,7,2,9,6,11,6,2,2,0,13,2,0,6,1,10,2,15,6,2,10,0,2,5,14,0,0,0,1,2,8,4,7,3,10,2,1,11,7,5,15,9,1,5,4,4,1,8,7,1,13,15,7,2,0,0,6,19,0,3,12,11,0,3,2,2,3,8,1,7
Srsf2,0,4,4,0,9,19,8,0,0,10,5,0,4,7,0,6,0,7,5,0,2,3,7,0,0,0,12,3,10,4,5,4,2,3,2,0,2,1,0,7,0,0,17,0,2,10,4,4,3,0,4,0,5,0,0,0,8,0,16,0,0,15,0,0,9,0,0,12,1,1,0,7,6,0,0,0,9,0,0,5,0,0,0,15,4,1,7,0,0,0,5,0,4,0,2,0,0,0,4,0,5,0,1,3,1,1,0,0,9,5,10,0,3,5,2,0,0,5,4,0,0,0,2,0,0,0,0,3,0,0,0,2,0,0,0,0,0,0,10,0,0,1,5,0,0,4,6,0,0,9,9,0,3,0,0,0,3,4,9,9,6,1,2,4,5,0,0,0,5,0,6,4,3,0,0,0,4,10,1,0,0,0,5,1,0,3,0,5,7,0,0,5,0,4,4,5,0,5,2,4,4,2,3,0,7,7,4,0,0,0,0,6,8,1,4,14,4,0,5,6,10,0,0,0
Syngr2,17,10,6,16,18,21,30,12,0,10,17,17,6,13,15,6,1,1,6,3,8,17,5,21,20,29,23,12,17,15,20,17,18,2,4,12,1,12,23,12,13,8,0,17,20,18,19,11,20,0,14,19,2,42,20,24,26,14,30,13,18,11,6,10,22,5,6,23,7,4,15,58,30,26,35,10,15,8,3,10,7,2,9,9,6,7,20,5,8,29,16,5,8,18,7,17,20,11,26,4,12,13,17,15,10,15,8,10,19,21,15,4,12,14,25,10,1,12,12,6,5,2,11,9,3,9,6,7,13,4,6,9,2,3,0,0,5,9,15,6,6,6,5,4,0,4,6,5,3,9,0,0,0,3,9,16,8,7,7,2,8,12,9,4,23,7,7,2,9,6,8,9,7,2,12,3,4,4,13,6,3,1,5,5,10,2,0,14,10,35,8,8,3,4,9,2,6,6,10,3,4,11,12,4,8,20,8,5,7,4,6,7,7,9,23,29,13,4,23,19,19,12,2,12
Slc38a10,30,7,4,0,7,15,12,11,7,15,10,6,9,2,21,4,1,6,4,0,10,4,17,6,0,6,5,5,8,6,8,3,8,3,3,15,0,18,5,7,9,2,4,0,0,27,3,13,10,0,6,7,0,18,22,5,3,5,11,0,10,4,0,0,27,0,3,17,5,12,7,22,15,7,5,2,18,4,2,2,0,1,22,2,4,6,5,0,8,9,14,10,5,8,1,28,0,5,7,8,9,7,12,7,4,14,0,5,14,20,2,1,11,3,10,4,0,9,7,3,3,0,3,2,0,4,1,5,1,7,0,5,0,0,4,0,2,1,3,9,0,6,13,12,0,9,7,0,2,3,4,2,0,0,14,10,7,2,10,6,10,7,1,4,7,4,2,2,2,2,1,3,1,0,9,1,0,4,2,4,5,1,1,2,14,3,0,2,3,10,2,9,3,2,8,7,1,5,12,3,1,7,2,1,9,11,3,4,0,4,2,12,8,0,11,5,0,0,9,12,3,14,0,7
Rab10,4,8,9,2,6,26,37,6,1,11,3,6,9,6,26,7,1,5,5,0,0,6,15,0,7,15,31,21,23,5,22,14,2,10,5,9,7,4,25,11,12,27,8,7,0,35,11,8,4,0,2,5,10,10,0,6,14,11,12,0,6,1,0,10,13,0,0,12,1,27,13,20,5,8,4,1,31,0,9,15,0,0,8,1,3,8,14,0,10,9,5,10,19,23,6,7,0,9,9,4,19,5,0,0,7,18,5,16,15,9,14,0,12,15,15,5,2,5,7,2,3,0,15,4,0,0,19,22,0,9,7,10,3,1,6,0,15,7,7,9,4,0,11,7,0,2,10,2,12,3,14,12,0,0,4,23,14,1,3,4,13,11,5,9,10,4,9,5,6,5,3,12,3,2,9,6,2,8,10,0,8,0,10,9,5,5,3,10,5,20,1,9,8,11,2,9,3,7,11,4,4,6,4,11,13,8,10,14,10,7,6,12,0,6,1,11,0,0,12,15,4,3,0,1
Sdc1,9,0,20,0,5,14,9,22,0,7,19,0,0,0,18,32,0,0,21,0,0,11,35,0,0,0,11,5,41,0,0,8,0,0,12,0,0,6,0,4,0,0,0,4,0,0,0,0,18,0,0,0,0,50,4,0,9,13,15,0,11,0,0,0,52,0,4,0,0,23,24,19,6,65,10,0,0,4,4,5,5,0,30,12,0,0,19,0,6,28,60,8,5,11,0,42,4,7,11,18,7,10,15,3,11,4,10,13,9,19,24,0,12,12,18,0,2,25,0,0,15,0,14,26,0,0,3,10,0,6,0,7,0,0,0,14,0,0,14,17,0,0,28,12,20,19,0,3,0,7,0,3,0,0,3,13,3,0,8,0,4,22,7,13,27,9,0,2,0,4,6,10,3,0,21,7,0,5,3,0,2,0,9,0,19,2,0,0,4,35,13,18,0,0,11,2,0,4,13,8,0,10,0,5,27,10,5,16,0,8,15,15,16,2,57,17,6,0,21,52,8,0,0,0
Strn3,4,0,0,11,0,14,0,0,7,7,4,4,0,7,0,4,0,0,0,0,13,0,0,0,0,0,30,0,2,0,0,0,8,0,3,11,0,1,23,11,0,5,0,2,0,8,0,0,5,0,0,0,0,11,13,0,10,0,0,0,0,0,0,0,0,0,0,3,0,13,0,3,2,3,8,0,0,2,0,0,4,5,10,0,0,0,5,0,0,5,5,4,0,5,6,10,10,3,6,13,11,5,10,0,0,13,0,0,3,13,7,0,4,5,4,7,0,9,3,0,2,7,7,0,0,0,2,0,0,3,0,2,0,2,5,0,0,0,0,6,0,0,0,0,0,0,3,7,0,0,0,0,0,6,5,4,2,0,10,0,0,7,0,1,0,0,2,0,0,3,3,0,5,0,4,0,0,0,0,0,1,1,2,3,0,8,0,4,2,3,0,0,4,6,2,0,0,0,2,0,0,3,3,0,4,0,0,5,0,0,0,3,0,0,0,3,0,0,0,0,0,0,12,1
Ppp2r5e,0,3,0,0,9,0,0,3,0,4,0,4,4,0,10,0,0,0,10,0,0,0,0,0,0,0,0,9,7,0,1,6,0,0,0,0,1,8,10,0,0,0,0,0,0,10,1,0,1,0,0,4,0,3,0,0,21,0,0,0,8,8,0,0,2,0,0,0,4,0,1,7,0,0,0,0,2,0,0,4,0,0,0,0,5,0,11,0,0,0,7,0,7,0,0,2,0,0,0,10,0,0,0,0,0,3,0,20,0,3,5,0,0,0,14,8,0,0,0,0,0,0,0,0,0,0,2,0,0,2,0,0,0,0,0,0,0,0,0,0,0,0,0,2,0,0,3,0,13,9,0,0,0,0,0,13,6,0,0,0,2,1,7,6,11,3,0,8,8,0,0,0,17,0,0,0,0,0,10,0,0,0,0,0,0,0,0,7,6,2,0,0,0,0,3,0,0,0,9,0,0,0,0,2,0,0,7,0,0,1,3,4,0,0,0,0,0,0,0,9,0,0,0,0
Vti1b,10,12,5,6,10,33,24,14,5,14,17,5,14,4,25,8,2,3,12,2,6,8,7,0,3,9,27,37,25,12,23,21,9,1,12,12,1,11,16,16,17,5,3,6,0,23,8,6,21,2,9,14,11,13,34,16,13,5,11,4,8,0,0,2,0,0,9,34,5,9,23,36,24,4,2,15,22,1,3,7,1,0,27,3,10,11,18,0,7,8,14,3,34,16,6,10,2,12,29,15,5,13,7,11,8,19,4,17,8,15,11,2,15,25,16,20,4,10,6,4,2,7,3,3,0,1,14,2,2,17,3,11,0,1,3,4,1,4,8,15,2,0,13,16,0,9,6,0,6,8,6,1,3,3,16,16,15,6,9,11,15,7,6,12,17,5,4,7,16,11,3,10,9,0,9,3,3,8,17,2,5,3,11,4,16,7,0,20,23,16,9,16,1,9,9,13,6,12,11,8,7,0,4,5,24,9,18,11,4,6,7,20,5,9,11,11,0,3,13,19,11,8,5,4
Cox16,0,7,13,3,5,24,12,0,0,17,11,7,0,0,9,0,0,0,0,2,0,0,10,2,0,10,0,6,3,0,0,0,0,3,0,0,0,0,0,2,5,0,0,0,0,12,0,0,7,0,0,0,0,9,0,0,1,7,5,0,2,0,0,0,0,0,0,0,5,0,0,2,7,0,0,2,4,3,7,0,2,0,0,2,2,8,11,0,4,0,6,4,5,0,6,10,6,5,5,9,0,0,0,0,2,0,0,0,0,15,0,1,0,3,7,0,5,0,9,0,1,0,0,4,0,5,3,0,0,0,0,0,0,2,3,0,5,0,0,0,0,0,0,10,0,7,3,0,1,0,0,3,0,2,0,5,0,3,0,0,1,0,1,0,6,0,0,0,7,1,0,0,0,0,4,1,0,0,0,1,1,1,0,5,3,0,0,0,0,7,5,0,10,0,0,0,5,6,6,1,0,6,0,2,2,10,0,0,4,0,0,0,0,5,0,0,0,0,0,9,9,0,5,0
Npc2,15,30,25,35,20,23,32,23,16,45,40,20,12,12,37,18,0,2,1,2,33,6,47,25,0,20,18,11,29,24,40,14,22,14,12,10,4,42,21,21,31,13,28,27,17,28,6,23,27,13,19,11,6,72,63,33,3,5,3,11,27,14,3,0,65,0,27,27,6,48,18,43,24,13,6,7,17,11,13,21,3,0,23,12,5,14,24,0,15,40,29,10,18,22,7,53,8,10,22,17,32,20,10,9,12,14,12,23,40,12,13,8,33,15,28,15,8,17,30,5,17,3,2,2,3,3,5,21,6,22,0,5,1,7,5,12,4,8,23,5,3,7,39,18,0,31,7,2,10,10,3,6,10,4,14,13,4,9,14,5,22,12,6,5,18,17,1,13,18,7,6,2,11,6,13,2,2,5,17,5,14,7,9,5,21,8,0,11,14,21,7,18,2,9,26,11,1,17,25,6,8,14,12,11,15,20,1,19,12,11,10,12,1,12,24,8,0,1,8,36,10,9,0,3
Fbln5,22,12,25,20,13,11,32,29,14,10,23,12,18,9,12,21,4,6,4,15,17,11,0,8,8,32,57,27,18,27,22,13,9,6,8,6,1,5,27,19,8,28,11,0,13,13,6,37,27,4,21,0,8,19,47,22,3,14,11,7,14,7,6,5,19,1,0,47,4,9,10,44,35,12,7,1,12,5,7,15,0,4,26,7,8,22,1,0,5,11,9,6,8,9,10,26,3,16,8,16,5,24,18,7,7,23,1,20,9,35,12,3,20,16,15,16,1,12,8,1,4,1,1,2,0,5,18,12,0,11,0,1,2,0,3,1,1,10,12,8,4,2,21,11,5,14,0,14,9,11,3,8,4,3,11,7,20,4,9,4,5,19,4,6,7,11,3,8,8,14,6,11,9,2,9,5,0,16,6,6,1,2,7,0,18,13,7,12,7,13,10,30,2,0,2,3,3,22,5,6,8,5,6,1,6,24,11,25,6,0,7,15,1,13,6,8,1,2,13,29,15,9,8,16
Ddx24,1,0,11,8,6,2,12,6,11,1,5,0,4,3,13,11,0,5,6,0,4,9,7,0,0,10,12,8,9,4,11,5,6,5,7,5,1,17,10,8,5,0,4,3,0,5,8,16,9,2,0,1,3,11,15,1,3,1,5,0,3,3,2,2,0,0,0,4,0,24,3,3,2,5,0,1,5,2,2,0,1,0,9,0,12,6,11,0,7,2,10,1,10,4,0,5,1,5,9,8,6,16,8,4,2,0,8,8,8,6,9,2,9,9,8,3,2,9,8,4,0,4,0,2,0,0,4,2,0,2,0,4,0,1,2,9,4,2,8,2,0,0,6,7,0,4,5,2,4,7,3,9,0,0,9,8,3,3,12,4,15,4,5,10,1,3,0,1,6,1,1,3,4,0,9,1,2,4,13,0,0,0,2,1,3,2,0,4,2,5,3,7,9,6,5,5,2,9,2,2,5,5,1,3,6,11,6,5,0,8,3,9,2,5,6,8,3,0,9,9,13,3,3,5
Dync1h1,15,4,4,10,10,22,17,26,6,8,16,9,14,6,26,9,0,8,12,0,4,3,12,0,6,15,15,25,17,10,10,5,8,4,13,11,3,13,12,4,10,23,0,2,0,21,24,28,17,1,3,1,8,13,5,2,25,12,21,0,29,3,0,0,1,1,0,8,8,49,5,51,33,15,20,10,10,1,0,12,0,0,16,1,17,12,23,0,0,4,9,13,7,16,0,12,1,0,7,11,11,12,10,9,3,4,0,8,8,11,16,0,13,11,3,10,0,1,6,2,0,2,1,5,0,2,8,0,0,10,2,3,0,0,1,9,0,4,9,6,0,0,8,11,0,3,0,0,1,6,0,0,2,0,17,9,9,6,4,11,7,10,9,13,6,3,0,4,13,1,1,20,16,0,8,0,0,8,6,1,0,0,13,5,4,8,0,8,4,11,2,8,1,3,9,6,9,6,5,6,1,8,3,3,14,14,10,7,1,1,17,14,4,4,12,14,0,2,16,7,8,7,6,5
Eif5,9,15,7,0,9,9,20,16,17,28,22,0,2,3,13,8,0,4,0,0,32,25,11,0,9,19,23,28,15,11,28,4,15,0,10,0,0,14,30,4,12,4,4,1,1,10,21,0,17,1,16,15,0,27,2,11,14,0,2,0,6,30,2,0,0,0,7,41,0,30,8,9,22,1,0,14,15,1,2,6,5,0,13,4,13,10,6,3,7,7,14,0,22,12,2,15,3,6,10,10,16,11,2,6,6,9,2,4,5,12,9,0,10,15,12,10,0,5,17,6,0,0,0,0,1,1,11,8,2,3,5,10,0,0,2,6,0,7,0,4,0,0,14,5,3,15,14,1,10,6,9,1,0,2,18,13,12,12,3,16,9,5,12,7,8,5,0,12,8,8,2,11,5,0,7,0,1,8,12,1,0,0,0,3,14,6,2,0,13,19,3,4,0,13,12,12,13,7,7,9,7,8,5,0,11,10,8,9,3,0,17,9,9,6,14,9,4,0,8,13,9,7,13,0
Klf6,6,0,0,12,8,39,0,0,12,3,0,0,8,0,0,6,0,1,16,0,7,25,0,7,0,12,7,4,10,0,6,0,0,0,0,0,5,11,0,6,11,11,0,0,0,5,10,10,5,0,0,14,6,4,0,0,5,0,0,11,7,9,0,0,7,0,0,0,0,0,0,11,14,0,0,6,9,6,6,0,0,7,3,1,9,9,10,5,3,0,0,0,14,22,0,2,3,0,3,5,8,0,3,1,0,11,10,4,0,17,10,1,13,10,8,8,0,4,6,4,3,1,7,1,5,6,4,2,4,17,6,14,0,0,0,0,5,1,3,2,0,0,4,0,2,2,8,3,6,3,0,0,0,6,4,19,2,6,0,9,5,0,7,0,0,0,3,4,0,0,9,3,5,0,3,2,0,4,4,0,0,0,0,0,0,4,2,17,4,1,1,11,3,7,10,0,2,1,11,8,0,2,7,0,2,1,10,2,0,0,1,3,10,6,8,3,0,0,0,1,6,8,2,0
Psma2,15,13,13,5,12,28,13,16,5,12,13,4,12,9,13,18,6,8,5,0,18,11,8,11,1,10,16,24,13,10,20,8,4,6,17,17,0,17,8,15,21,19,23,5,3,36,16,24,11,15,18,7,11,48,17,0,31,18,15,6,9,25,1,0,15,0,7,12,1,21,10,35,33,0,8,35,22,1,6,20,1,6,7,4,8,15,10,0,13,10,4,12,19,16,7,6,17,9,12,19,7,5,13,2,8,9,5,15,4,25,20,1,18,14,37,8,0,7,8,11,7,0,5,1,0,7,17,12,8,3,9,11,0,7,3,5,11,5,13,2,2,8,18,6,4,8,5,7,4,14,19,6,3,6,9,16,10,9,8,13,6,6,19,8,21,9,0,7,18,10,13,10,14,2,21,11,1,12,21,4,4,4,16,7,8,9,4,13,15,25,3,24,0,12,11,14,8,14,23,11,15,6,16,4,8,14,21,4,3,6,5,14,6,9,18,18,2,3,18,13,13,8,6,11
Bicd2,0,0,0,1,0,3,4,3,0,0,3,0,1,0,1,1,0,0,0,0,0,2,7,0,0,0,1,0,0,0,0,0,0,0,5,0,0,0,0,1,0,0,9,0,0,8,0,5,0,0,0,0,0,0,0,0,0,0,0,0,0,3,0,0,0,0,0,0,0,0,0,0,9,0,0,0,8,0,0,6,0,0,2,0,7,0,9,0,0,0,2,6,5,0,0,4,0,0,2,5,0,0,6,9,0,0,0,4,7,0,0,0,3,0,4,2,0,6,0,0,0,0,0,0,0,0,0,0,0,0,0,0,0,0,0,0,0,0,0,0,0,0,0,0,0,3,0,0,0,1,5,0,0,0,8,1,0,0,0,0,0,0,0,0,0,1,0,5,0,3,0,2,5,0,1,0,0,3,0,0,0,0,5,0,0,0,0,0,5,9,0,6,0,2,3,0,0,0,4,0,5,2,3,0,5,0,0,2,0,0,2,0,0,2,0,1,0,0,0,1,1,0,0,2
Tmed9,27,33,10,14,9,48,35,40,31,43,46,5,24,13,64,35,4,9,20,0,31,31,40,23,8,7,41,38,41,17,44,35,13,2,19,27,10,31,31,24,25,22,14,2,7,52,18,42,26,4,20,25,9,35,26,25,31,19,35,2,38,17,6,0,27,2,6,48,22,71,20,63,75,5,12,28,21,3,2,31,5,0,37,4,30,38,43,4,5,16,30,3,14,33,4,25,7,10,38,28,21,46,20,11,2,20,0,37,35,33,19,0,31,29,42,23,9,14,30,10,1,1,8,4,3,0,11,6,4,30,0,16,0,0,2,5,4,8,10,19,0,0,26,27,0,21,8,0,7,24,9,0,0,3,33,27,18,12,14,15,38,18,9,13,18,15,3,14,33,16,13,31,19,0,25,0,7,24,32,5,0,3,15,10,11,17,0,7,22,35,5,27,8,10,27,12,13,32,20,9,9,26,18,0,22,35,19,13,2,9,9,38,9,15,23,38,3,4,21,37,24,6,10,15
Ctsl,42,27,6,57,35,54,57,87,10,113,38,23,32,21,85,55,6,4,28,17,78,34,110,47,36,49,141,92,49,22,63,47,110,19,0,58,16,75,63,41,33,49,40,34,50,136,25,66,120,0,31,49,22,169,46,143,43,10,31,0,42,38,0,0,186,27,10,108,8,225,55,18,6,58,82,12,36,14,16,69,16,0,64,10,38,27,59,2,20,51,108,42,45,32,15,95,38,33,34,43,46,25,29,46,14,72,39,58,23,61,64,17,58,43,86,43,0,20,49,34,0,6,30,34,0,21,19,23,24,25,13,18,0,8,20,50,21,32,60,36,20,16,27,63,53,57,21,18,41,48,7,22,4,9,49,45,22,13,32,24,21,23,29,18,74,38,14,23,31,23,9,20,15,3,66,6,13,17,48,48,21,12,22,26,36,7,1,32,16,58,35,54,17,26,23,15,19,26,52,20,39,48,39,27,49,70,19,50,14,12,30,42,23,7,27,55,7,0,43,184,33,0,12,47
Ndufs6,3,5,15,7,3,20,10,24,9,8,17,10,6,12,9,4,1,0,9,0,8,7,15,5,4,4,14,15,22,16,19,4,4,23,15,11,2,13,11,5,11,5,0,8,16,15,10,13,8,1,13,17,10,26,7,4,13,10,8,0,6,5,3,0,12,0,10,3,10,13,6,34,12,1,13,9,10,5,9,5,0,5,11,6,6,9,13,4,4,10,17,5,12,9,4,10,1,2,10,6,7,15,11,5,1,3,4,6,17,13,0,3,13,12,10,9,1,14,11,8,0,4,4,4,5,6,6,3,1,0,2,5,4,1,2,0,5,9,8,3,1,3,8,6,0,9,9,2,6,6,10,2,0,2,4,3,3,5,5,2,5,8,13,7,6,6,2,4,8,8,8,7,10,4,6,4,2,6,7,0,1,2,8,2,7,6,3,14,4,10,5,19,7,9,4,6,3,8,10,3,9,1,5,2,8,12,21,4,6,12,8,12,0,3,14,11,0,0,9,4,8,5,0,5
Sdha,8,18,12,8,12,27,39,22,21,27,12,14,8,11,22,13,0,1,3,4,5,10,17,1,10,17,35,22,23,4,14,8,14,4,10,26,13,16,15,8,14,16,8,5,7,23,19,16,13,9,5,9,1,29,19,8,23,12,14,1,8,18,1,1,19,0,0,23,6,45,19,22,13,10,31,16,20,5,7,16,8,0,12,12,10,14,13,2,1,5,9,4,16,19,7,10,5,6,17,22,15,17,20,12,18,8,2,33,24,15,8,1,19,20,12,23,1,15,11,3,0,1,7,5,0,6,3,4,0,30,8,13,0,1,5,7,0,3,10,5,2,0,15,11,1,12,5,2,11,10,5,5,0,0,19,14,12,6,4,17,13,8,19,12,10,9,5,8,9,13,2,7,11,1,14,2,5,13,20,1,1,2,7,2,13,11,5,19,6,7,7,21,8,4,8,5,5,10,15,6,7,9,7,10,12,11,4,12,2,4,11,9,12,13,12,11,3,0,12,17,13,13,6,2
Btf3,0,0,19,0,0,21,0,0,0,36,40,9,31,0,0,0,0,0,0,0,0,29,31,0,0,0,0,34,0,0,0,22,18,24,13,27,0,18,0,0,0,3,21,4,0,9,29,0,10,0,23,0,0,23,0,0,0,0,0,0,0,0,3,0,0,0,6,0,0,21,0,91,17,0,7,0,25,0,0,7,0,2,14,15,37,0,29,0,0,5,6,19,0,0,0,18,0,2,0,0,0,15,0,10,0,0,4,14,14,0,15,0,23,9,30,22,0,8,21,16,0,0,15,0,0,0,14,0,0,0,0,10,0,0,0,0,0,7,4,0,0,0,10,8,4,9,12,21,3,10,16,6,0,8,11,9,17,0,0,0,0,0,0,13,8,7,1,0,27,12,0,19,16,0,0,3,0,19,0,0,0,0,0,0,0,0,0,0,0,0,0,9,0,5,0,6,0,8,18,7,15,0,17,13,29,34,0,6,0,0,9,0,0,15,0,10,0,0,27,15,6,0,4,0
Serf1,4,0,0,5,0,4,0,2,8,1,2,0,0,1,7,7,0,0,0,4,13,10,11,12,9,0,7,3,8,2,3,4,5,0,0,0,6,3,6,6,8,0,0,0,4,6,13,15,1,3,6,15,3,5,11,17,0,0,0,0,0,6,0,0,0,0,0,0,8,11,0,32,7,9,0,0,0,2,14,2,1,0,0,4,0,8,4,0,9,4,5,5,6,0,0,7,0,3,10,4,1,8,10,5,5,4,0,3,3,9,0,0,8,8,2,3,4,7,0,3,4,1,5,1,1,8,6,3,0,5,0,3,0,0,5,0,2,3,1,0,2,1,0,0,0,9,0,2,1,0,2,0,0,0,15,6,3,0,4,7,3,3,0,4,3,0,2,2,10,0,0,3,0,0,2,7,0,0,2,0,2,0,1,4,0,2,0,0,0,7,0,11,0,5,5,6,6,10,0,0,2,2,4,2,13,0,0,8,0,6,0,7,6,0,20,0,0,0,0,12,4,3,1,0
Srek1ip1,0,2,9,12,5,21,0,4,0,12,10,9,5,0,0,6,0,0,6,0,6,0,0,0,0,7,12,0,0,7,5,0,10,0,0,0,0,7,8,4,4,6,0,9,0,11,0,11,17,0,0,0,6,15,11,8,8,3,15,0,7,0,0,0,0,0,0,8,10,0,5,0,0,0,2,0,3,4,8,0,0,0,0,0,11,0,2,0,0,0,5,0,4,0,4,8,0,0,0,0,1,2,3,2,2,5,0,5,13,12,10,0,5,10,12,10,0,0,6,0,3,0,0,0,0,0,9,0,0,3,1,0,0,0,0,2,0,0,4,5,0,0,0,8,0,8,0,0,3,0,0,0,11,1,5,2,5,5,0,2,8,7,7,4,0,0,0,5,0,3,1,3,1,2,2,0,2,4,6,0,3,1,7,0,8,2,2,9,7,0,0,2,2,4,0,2,1,0,3,0,3,0,5,5,0,2,0,3,0,4,6,4,0,0,0,0,0,0,0,4,9,0,0,0
Gpbp1,0,0,2,5,0,2,5,0,0,3,4,0,2,0,1,1,0,0,7,0,0,0,0,3,0,3,5,2,1,0,0,0,7,0,2,1,0,1,5,1,2,0,0,0,0,0,0,8,7,0,0,0,0,0,0,0,0,0,0,0,1,6,0,0,0,0,2,0,0,0,0,8,0,5,10,0,4,0,0,2,0,0,5,4,1,0,3,0,0,0,2,6,2,5,4,3,0,0,3,3,0,4,0,4,0,7,0,5,2,0,2,0,5,2,0,3,0,2,6,0,1,0,0,5,0,2,1,0,0,2,0,2,0,0,0,0,0,0,0,0,0,2,2,0,0,2,0,0,1,2,0,0,0,6,0,0,0,4,4,2,10,0,1,6,0,0,0,0,2,0,0,4,0,0,0,0,0,4,0,0,0,0,0,0,1,2,0,6,0,6,0,5,0,2,4,3,1,0,0,3,2,1,1,2,2,5,2,0,0,0,0,4,1,1,0,1,0,0,1,5,4,0,0,0
Gpx8,21,19,5,12,13,29,49,27,17,26,24,13,13,12,14,16,6,6,16,3,11,22,16,14,2,18,36,19,21,11,26,12,29,13,8,9,4,11,15,7,10,26,10,7,17,22,21,20,20,6,6,29,2,27,30,22,39,17,7,11,14,24,2,0,12,1,11,8,15,56,11,21,22,19,17,44,11,11,11,11,4,7,17,7,9,14,18,0,10,20,28,5,11,16,7,21,10,5,17,11,22,32,17,15,22,24,5,5,32,22,30,4,19,21,22,11,1,12,11,9,15,6,9,13,2,8,14,6,1,11,2,6,0,1,4,0,10,9,6,3,2,5,14,15,7,19,12,10,12,10,6,1,1,5,15,16,11,6,10,4,9,5,4,10,18,6,8,9,9,5,13,2,10,5,16,4,8,4,10,0,7,10,13,12,24,16,1,18,6,16,3,17,7,6,9,10,20,9,10,18,11,3,12,5,11,14,11,11,13,10,18,20,3,16,23,27,1,0,22,31,12,6,14,6
Chchd1,0,0,0,6,3,15,14,11,0,6,22,0,6,3,1,11,0,4,0,3,7,5,18,4,1,4,5,8,1,2,12,0,6,1,0,0,0,9,22,17,3,14,6,1,10,13,24,12,6,3,0,5,1,17,0,9,5,15,0,7,18,0,1,0,0,0,3,21,9,14,3,28,0,12,18,0,5,5,3,9,6,0,4,5,10,1,19,0,11,0,3,7,9,5,2,3,4,8,6,1,12,2,4,9,5,0,12,10,7,11,12,0,13,5,8,4,4,9,5,7,4,9,2,3,0,4,2,5,10,7,3,3,7,3,2,1,4,6,5,6,6,3,13,13,0,8,6,0,2,5,4,1,0,9,4,4,1,1,0,4,2,4,8,2,3,6,8,3,22,4,11,8,13,1,4,6,7,6,8,1,7,8,10,1,13,4,2,30,7,11,11,5,3,9,0,14,2,5,9,3,1,4,12,5,7,5,5,2,3,6,0,9,6,6,8,9,0,0,6,10,23,4,4,11
Nisch,0,0,12,18,0,8,0,2,16,11,6,6,0,9,16,8,0,0,17,0,0,0,0,8,0,14,9,6,9,9,6,6,0,6,0,14,0,10,0,7,0,4,3,0,0,0,0,0,4,0,0,0,12,26,31,17,6,0,0,0,16,10,0,0,10,0,0,26,0,16,9,35,1,19,0,0,27,0,0,1,0,0,8,7,3,0,3,0,0,0,18,0,17,2,0,26,0,13,9,4,4,6,0,0,13,23,2,5,6,24,0,0,7,4,4,10,0,10,10,0,0,0,0,0,0,0,10,7,6,6,1,14,0,0,0,2,0,0,0,0,4,0,0,2,0,7,0,5,9,5,0,0,2,2,1,7,0,0,0,10,6,8,9,1,5,3,0,0,9,0,0,0,12,0,4,1,0,0,0,0,3,0,3,0,0,8,0,12,2,9,0,3,0,5,8,0,0,1,4,4,0,4,8,0,3,3,3,3,6,0,0,15,5,2,11,9,0,0,0,4,15,17,0,0
Eaf1,2,14,7,7,0,0,0,0,1,0,0,0,9,0,15,4,0,0,0,0,3,7,10,0,8,5,2,6,0,9,0,0,11,0,0,0,0,0,12,0,0,0,9,0,0,7,0,0,0,0,7,0,0,12,0,0,0,0,9,0,0,1,3,0,4,0,0,0,0,0,0,17,13,0,0,0,6,0,0,0,0,4,0,0,24,0,7,0,2,0,16,0,0,6,0,9,0,8,0,0,0,0,0,15,0,8,0,4,17,11,10,0,0,17,15,0,0,0,0,0,0,0,4,10,0,0,4,0,0,9,0,0,0,0,0,0,0,0,3,0,1,0,10,4,0,3,0,0,3,5,0,0,4,0,4,10,0,7,7,0,0,5,0,0,0,4,0,0,10,3,6,0,5,0,8,0,0,0,0,1,0,0,4,0,0,0,0,8,6,0,0,0,0,5,6,7,2,0,13,0,3,0,16,0,0,10,4,4,0,0,5,8,5,3,1,11,0,0,10,0,0,0,0,0
Fermt2,0,17,18,15,39,56,4,0,0,24,11,4,0,9,15,10,0,6,14,0,0,10,2,0,0,2,21,0,27,6,17,33,13,8,17,8,0,18,31,13,12,0,0,0,0,81,14,32,85,10,0,18,25,43,12,22,30,0,54,8,26,9,13,0,10,0,0,55,22,29,8,53,0,13,13,11,5,9,0,13,2,0,8,5,2,34,38,0,0,18,21,0,38,26,16,0,26,0,14,17,15,5,9,24,0,22,0,28,22,30,0,0,13,24,45,23,0,7,10,0,0,0,6,0,0,9,12,25,6,22,4,21,0,0,0,0,4,25,14,0,0,0,27,5,0,9,33,0,27,14,4,0,1,3,23,23,13,14,12,22,11,29,22,6,13,8,9,13,9,38,8,12,29,0,4,0,0,14,10,0,0,9,5,16,6,0,16,0,33,44,0,10,8,22,18,17,36,7,0,19,9,5,17,0,18,13,19,0,2,38,30,25,0,22,11,46,6,0,15,32,3,0,10,0
Hnrnpc,15,0,29,0,0,0,0,0,5,33,23,0,21,3,48,16,5,11,11,0,0,0,14,22,0,0,0,10,36,20,0,22,0,13,0,0,0,24,0,0,0,31,0,4,0,8,30,29,0,5,0,33,9,51,0,0,0,0,0,3,12,32,0,0,0,0,0,0,0,36,1,15,0,0,12,31,31,18,0,20,0,0,20,3,32,3,17,0,0,0,40,0,29,36,0,23,14,7,16,23,7,20,0,21,14,0,0,25,0,25,0,0,19,7,33,9,0,3,13,35,0,0,4,5,0,2,9,0,0,0,4,27,0,0,6,0,0,14,10,13,0,0,0,0,0,20,0,0,3,18,0,0,2,7,14,0,16,0,0,20,10,6,17,0,10,0,0,0,6,17,0,17,16,0,39,0,0,0,0,1,0,0,25,2,16,15,0,28,0,12,20,15,2,8,15,0,0,18,12,18,9,0,4,0,0,0,26,0,0,0,16,30,0,0,37,26,0,1,0,11,0,0,4,0
Mrpl52,0,0,15,4,11,9,25,0,10,22,11,0,5,0,26,7,6,6,0,0,9,6,0,9,0,1,32,21,16,8,0,7,3,12,11,0,0,8,11,0,14,12,0,0,4,12,4,38,0,0,4,22,7,9,14,0,2,0,2,7,1,22,10,0,0,0,2,25,6,7,8,48,15,5,4,8,24,0,2,7,2,1,1,4,1,23,15,5,4,2,9,16,16,10,6,5,10,6,14,5,13,8,2,4,3,4,12,6,7,7,3,1,8,13,12,10,0,10,7,3,2,2,3,2,1,6,13,10,3,12,8,14,7,6,3,3,5,6,6,0,1,0,13,20,3,14,6,1,12,11,3,3,0,8,0,6,14,3,0,17,0,3,5,3,7,1,10,1,10,7,6,7,8,3,1,9,6,11,8,0,1,3,13,5,10,3,2,29,13,8,3,21,6,7,5,10,14,6,18,2,0,13,6,1,6,23,5,14,0,4,3,6,5,11,0,3,3,2,16,11,16,8,11,4
Ipo4,6,4,9,5,8,18,27,0,6,13,15,0,2,0,23,4,3,1,1,0,3,14,4,8,1,2,13,6,21,2,12,8,22,3,0,5,0,13,9,4,8,7,0,1,2,9,3,34,7,2,2,8,3,28,15,11,18,5,2,1,0,9,7,0,16,0,0,1,0,8,4,36,22,7,0,5,18,7,4,8,0,1,4,0,6,10,24,1,0,3,10,4,5,9,3,11,12,8,8,2,20,14,4,6,0,2,2,7,1,7,12,5,11,3,13,14,1,0,8,2,4,4,2,10,0,0,4,6,0,12,1,3,2,0,2,4,1,7,4,10,1,3,1,11,2,11,2,1,6,6,7,0,0,0,13,9,3,13,1,5,8,1,2,7,7,4,3,14,7,6,3,8,6,0,8,7,0,10,10,0,0,4,5,0,7,5,0,5,1,5,2,10,5,3,6,4,4,9,1,2,0,5,1,0,7,11,7,3,0,6,4,6,3,14,15,15,1,0,11,11,18,0,8,5
Ripk3,3,12,1,3,0,33,8,8,10,11,4,3,7,3,17,1,0,2,6,0,12,10,12,21,2,0,12,12,14,7,6,4,3,0,4,11,0,3,16,10,2,10,5,16,0,19,3,10,8,3,6,12,4,22,3,31,20,8,11,4,7,11,0,0,16,0,0,11,14,43,9,26,17,7,14,4,7,7,0,6,0,0,7,4,14,11,1,0,3,13,15,2,17,14,7,10,0,1,14,10,2,7,7,4,14,9,4,7,9,9,9,0,13,11,12,0,0,9,13,2,0,0,2,0,0,0,5,3,6,3,8,10,6,0,0,0,0,4,16,5,2,0,7,7,2,5,5,7,3,13,1,2,0,5,7,9,2,5,3,5,7,1,3,19,3,10,2,3,13,3,0,7,3,1,8,0,9,6,10,0,0,0,5,8,9,8,0,9,12,2,7,13,5,2,8,4,0,16,6,2,1,8,0,3,7,11,7,2,0,2,5,12,6,0,20,11,1,0,12,13,3,0,5,0
Commd6,8,12,13,7,11,13,8,3,7,9,5,9,8,6,6,0,0,0,0,4,14,0,8,6,1,1,25,3,7,0,7,3,3,2,4,10,2,7,9,3,2,0,1,1,2,16,4,8,1,1,1,3,2,10,8,4,1,3,14,7,0,0,1,0,8,0,12,12,12,16,4,31,9,5,0,3,10,6,9,6,1,0,4,5,3,6,4,2,1,7,8,7,3,7,6,0,5,8,20,1,11,7,1,7,6,7,0,14,1,8,4,4,6,12,10,3,2,1,6,8,5,3,2,6,1,0,3,6,0,5,4,3,2,3,2,0,7,0,6,4,2,0,0,3,6,11,7,2,7,5,1,2,3,2,12,6,0,10,3,0,4,6,6,11,10,7,1,7,6,5,4,3,7,0,2,0,1,8,8,2,1,1,2,6,6,3,2,8,0,6,2,12,3,4,7,6,3,3,5,2,3,11,4,0,6,8,10,3,0,0,0,9,5,2,3,5,0,1,8,12,11,0,1,2
Uchl3,4,4,6,1,4,9,18,9,7,4,10,4,7,2,4,5,0,5,8,1,0,6,12,1,1,3,9,11,6,6,12,2,11,3,6,9,0,5,7,6,3,3,4,6,1,3,3,7,2,3,4,5,0,10,3,4,4,8,12,3,4,0,3,0,8,0,5,1,0,0,3,13,3,8,8,4,22,2,3,10,0,0,6,2,0,2,12,1,0,0,6,3,14,3,3,0,1,6,9,5,1,5,12,4,4,3,0,0,8,14,6,0,4,24,10,13,0,3,7,0,0,2,4,5,1,6,1,2,3,7,2,4,1,0,3,2,5,8,5,7,1,6,8,12,0,8,0,6,3,4,2,1,0,5,2,10,1,0,6,8,5,1,7,1,7,3,4,4,6,3,1,3,2,4,13,5,2,5,9,0,4,3,6,1,2,9,1,3,0,6,1,13,0,1,12,2,3,4,8,5,3,2,3,0,3,3,8,1,2,2,0,7,0,7,7,16,2,0,5,13,0,6,2,3
Ndfip2,4,0,1,9,0,15,7,11,2,5,7,4,2,4,10,5,3,0,0,0,10,3,0,0,0,10,11,4,7,3,11,4,4,12,0,1,0,8,6,0,2,6,1,0,2,7,4,7,3,0,4,0,2,10,0,6,0,0,3,0,1,5,0,0,0,0,0,12,0,6,0,13,11,8,5,6,13,7,4,2,0,0,3,0,4,0,5,0,8,4,5,0,2,0,4,6,4,2,10,8,5,2,8,0,2,4,5,5,6,7,4,0,5,4,7,4,1,5,0,0,0,1,0,3,0,3,2,0,4,3,2,3,3,0,2,0,2,1,6,1,1,0,6,4,1,0,3,5,1,3,0,3,1,0,3,3,6,2,3,0,2,4,5,6,2,0,2,4,5,6,2,0,5,6,0,7,2,7,4,1,0,0,3,0,5,1,2,4,0,10,1,4,5,0,6,10,0,3,5,2,1,7,2,1,3,0,0,2,1,0,4,3,1,2,2,3,4,0,4,5,0,3,0,6
Dnajc3,12,13,4,3,6,13,2,5,5,3,5,3,4,4,19,6,3,2,4,0,10,8,7,0,3,27,5,3,11,2,10,18,16,0,9,15,6,7,12,4,0,0,7,2,0,6,5,2,1,0,2,4,1,3,8,3,17,12,0,0,10,2,0,0,9,0,0,22,1,27,4,15,24,0,8,8,7,8,0,1,1,1,14,2,1,7,9,2,4,0,3,6,4,6,1,3,6,0,9,5,13,9,4,8,6,5,5,18,13,7,7,1,3,7,9,4,0,2,9,4,5,0,2,6,0,0,1,0,5,1,0,10,5,0,0,0,0,4,18,4,0,3,3,3,4,14,0,0,5,8,2,3,2,0,6,9,8,0,7,6,4,7,10,1,10,1,0,3,4,4,2,2,7,0,11,1,0,8,11,0,2,3,2,6,6,5,6,8,8,9,2,5,7,2,7,5,6,4,5,4,1,1,4,2,11,8,4,10,0,8,1,7,5,1,13,14,0,0,5,6,1,13,2,0
Mbnl2,9,5,9,8,5,1,13,11,15,9,8,5,3,3,20,8,5,2,0,7,17,15,4,7,5,18,8,8,5,7,5,12,11,13,11,8,4,19,9,6,10,6,7,1,8,21,13,20,15,9,5,13,7,6,19,7,10,5,30,1,0,14,0,0,4,0,0,9,2,14,6,20,9,3,8,0,22,1,13,10,6,3,10,6,9,18,16,0,11,4,2,7,6,7,5,12,7,11,3,11,10,6,4,6,5,15,0,17,19,12,14,2,9,10,15,8,3,1,13,10,0,1,4,15,0,7,9,19,3,6,2,12,5,1,1,5,6,14,5,8,1,0,9,8,5,12,7,10,12,27,8,5,3,2,8,16,7,9,4,8,7,6,5,10,8,12,8,5,12,3,7,0,12,0,5,7,6,4,10,4,0,8,9,14,5,2,4,7,7,17,7,6,3,2,8,0,0,7,18,6,8,5,6,5,4,11,0,5,4,6,11,3,4,0,7,10,2,1,6,14,11,3,6,3
Tm9sf2,8,5,4,3,11,11,5,4,4,15,13,6,2,0,5,1,6,2,4,0,11,5,0,4,0,2,11,12,10,4,21,19,10,0,0,18,2,9,15,4,9,10,15,2,2,14,15,10,9,3,1,11,2,16,3,10,11,6,7,2,12,8,0,3,4,2,0,0,7,10,11,29,15,0,8,18,3,1,2,2,2,0,2,11,10,7,5,0,11,11,14,6,9,10,5,6,4,0,7,16,7,4,3,4,0,8,3,9,11,14,9,0,5,11,9,4,1,4,3,0,0,0,8,11,0,1,4,1,2,7,9,6,0,1,1,3,3,0,5,3,0,1,1,5,0,8,4,5,7,8,3,3,2,2,6,10,2,1,7,4,6,3,9,6,5,7,0,3,5,5,1,7,4,0,14,0,2,5,7,5,7,0,1,10,4,2,0,7,5,4,4,9,3,3,8,11,6,2,3,3,2,2,7,4,7,17,0,5,0,0,5,12,8,0,9,10,4,1,7,6,6,0,4,4
Oxct1,4,4,0,5,5,15,20,5,6,7,1,4,6,6,0,1,0,0,6,0,3,7,6,3,2,2,3,2,6,4,3,0,0,0,1,0,1,9,11,11,1,7,5,3,3,6,6,6,0,0,4,2,4,14,7,0,2,8,5,1,2,1,0,0,3,0,4,11,0,26,0,9,10,9,0,11,5,0,0,6,0,0,9,2,0,0,3,0,5,2,5,7,5,2,0,3,2,2,3,6,1,4,0,2,1,4,0,3,11,8,10,0,2,10,18,8,0,9,2,6,1,0,9,5,0,4,4,2,0,4,1,7,0,0,0,0,0,6,12,5,0,1,6,2,0,11,1,0,4,6,8,1,3,6,4,3,3,8,3,7,4,3,4,1,11,4,1,0,4,2,0,2,8,0,6,0,0,2,5,0,2,3,6,1,3,7,0,2,10,12,10,3,2,3,4,7,0,0,11,3,4,2,3,6,8,4,3,0,1,9,2,5,0,1,2,2,0,1,5,5,8,0,3,4
Nipbl,0,1,4,6,0,2,0,0,0,0,0,0,0,0,0,0,0,0,0,0,0,0,0,0,0,7,0,14,10,2,0,0,4,0,0,10,5,0,10,0,0,1,0,0,0,0,0,0,0,0,8,10,3,0,2,0,0,3,11,0,1,0,0,0,0,0,0,0,0,0,0,33,13,0,0,0,0,1,9,0,0,0,0,0,0,0,10,0,0,0,0,0,0,4,8,18,0,0,12,2,0,11,4,0,9,0,0,0,0,4,10,0,6,0,7,0,0,0,20,0,0,0,10,0,0,0,0,0,0,8,1,3,0,0,0,0,0,0,0,8,0,0,0,11,0,0,0,0,0,0,8,0,0,0,0,5,5,0,0,9,0,3,0,0,0,0,0,4,11,12,0,0,2,0,4,0,0,1,14,0,0,1,0,3,0,7,0,0,0,0,0,7,0,0,10,0,4,0,0,0,0,0,0,6,3,3,0,8,0,0,0,5,0,20,0,7,0,0,0,0,0,0,0,0
Brix1,7,9,16,9,2,12,3,10,3,12,12,10,7,3,3,7,1,1,12,1,9,6,7,2,1,9,21,13,20,14,7,5,7,0,7,25,7,17,20,6,4,16,11,9,0,7,16,4,9,3,4,11,8,9,10,3,11,1,17,12,0,12,4,3,4,0,0,15,9,11,8,29,32,9,7,5,8,7,0,10,6,0,6,0,19,7,11,0,2,5,21,4,9,13,2,11,7,1,6,19,6,10,10,7,4,9,2,19,12,14,7,1,6,12,20,5,0,6,12,4,0,0,11,1,1,0,6,3,2,3,5,5,0,0,1,17,1,5,7,6,2,0,5,10,3,17,3,6,3,8,6,0,1,6,7,15,10,23,1,9,5,3,15,0,4,2,0,12,14,11,8,4,6,3,15,0,4,12,10,2,0,2,5,1,3,3,4,14,15,3,4,11,6,2,7,5,1,3,5,4,9,9,0,3,3,7,13,2,5,2,5,17,8,8,13,18,0,3,7,5,13,2,0,3
Cct5,38,23,31,17,19,32,7,4,12,15,28,21,21,17,43,15,0,8,8,0,23,10,11,12,11,5,31,29,44,24,30,17,27,8,27,16,0,37,46,18,25,25,19,0,1,35,40,24,36,11,9,66,2,8,33,25,29,5,48,5,7,35,5,0,38,2,7,47,15,78,14,34,45,0,27,15,81,11,9,28,10,0,17,11,26,23,22,0,7,11,23,13,39,18,12,10,16,7,30,33,14,19,11,15,12,5,12,33,35,48,31,0,23,44,61,17,0,12,20,15,0,0,4,0,0,5,23,5,5,14,7,18,6,7,2,8,3,11,20,12,5,6,15,9,0,25,6,0,12,23,9,0,0,5,21,31,23,12,7,38,20,9,12,26,9,25,5,15,24,16,15,11,29,9,19,7,4,33,20,0,14,6,23,15,11,12,6,29,19,15,2,26,4,11,24,25,2,20,19,4,10,9,17,0,28,40,22,10,8,21,17,37,9,15,16,48,6,8,15,29,14,0,11,8
Polr2k,0,0,0,0,0,8,0,0,0,0,0,0,0,4,0,3,0,0,0,0,0,0,0,5,0,0,0,0,0,0,0,17,0,0,0,0,0,0,0,0,0,0,0,5,0,0,0,0,3,0,4,0,1,0,0,0,4,0,4,0,7,0,0,0,0,0,0,0,8,0,0,9,0,0,5,0,4,1,0,0,0,0,5,0,0,6,8,0,10,3,0,0,5,0,0,0,0,5,0,0,0,0,7,0,0,3,8,4,0,5,0,0,0,0,9,0,0,3,9,0,0,0,6,3,0,0,0,2,0,0,0,3,1,0,0,2,4,1,2,0,0,0,0,1,0,6,0,3,2,1,0,0,3,4,7,3,0,0,3,0,1,0,0,11,1,1,3,3,0,4,0,0,0,0,0,0,0,0,13,0,3,0,0,0,0,0,2,8,0,4,2,10,0,0,4,1,0,0,0,0,2,3,2,5,6,0,0,0,0,6,0,4,6,0,0,4,0,0,6,8,0,0,1,0
Zfp706,3,0,21,7,3,39,13,12,15,17,27,6,13,4,24,10,5,6,0,4,5,12,6,0,6,7,14,8,18,15,0,13,4,1,0,15,1,9,47,11,13,0,4,9,0,32,2,7,8,9,8,11,6,20,8,8,28,2,19,0,9,16,7,7,5,0,0,32,3,22,12,19,22,7,13,10,36,1,10,4,0,2,11,10,12,11,12,4,13,9,10,2,5,9,10,4,5,12,13,8,5,5,6,0,3,5,7,18,11,11,9,4,23,20,46,20,1,7,19,6,4,0,5,10,1,2,14,11,6,6,9,8,7,0,2,1,2,9,7,7,5,1,6,11,0,16,10,4,0,9,8,1,2,4,7,13,8,5,11,15,6,1,7,8,13,10,0,2,13,15,1,10,12,0,24,5,6,5,13,0,0,8,11,5,16,18,0,20,20,21,3,15,8,4,23,21,18,3,9,8,3,10,3,1,13,14,4,10,11,5,0,22,12,5,3,11,0,0,17,16,7,6,0,1
Eif3e,0,0,0,0,0,18,38,6,0,7,23,0,0,4,0,15,0,0,0,0,0,5,9,21,0,0,29,0,11,0,30,4,0,5,0,10,0,0,5,0,0,0,8,0,20,17,9,0,11,0,0,8,0,6,6,20,12,0,12,0,18,4,4,0,0,4,0,0,9,28,6,13,23,0,2,0,9,3,14,10,0,5,10,4,1,6,9,0,4,0,2,9,7,7,0,6,1,0,8,5,0,6,14,8,5,4,5,4,15,3,3,1,9,3,15,17,0,3,9,0,0,3,2,0,0,4,0,0,2,7,6,2,0,11,7,0,0,1,0,4,0,0,0,1,6,5,9,14,2,10,2,0,0,2,8,8,0,0,4,0,3,0,15,7,12,8,0,12,5,10,0,0,4,4,10,0,2,16,4,0,0,4,0,0,0,0,0,0,3,0,4,4,0,0,5,14,0,0,0,0,4,2,11,0,5,2,0,4,1,6,8,0,0,6,2,7,4,0,0,8,3,0,0,8
Mrpl13,13,10,11,7,11,22,16,18,6,18,6,2,6,0,9,14,0,6,0,1,13,6,15,11,10,5,15,2,21,3,11,14,8,15,2,8,4,7,19,2,10,6,9,1,7,11,9,26,7,5,9,13,4,16,10,13,18,3,12,0,2,14,3,0,9,2,3,8,2,11,10,29,30,9,10,8,22,4,6,10,9,0,8,10,9,10,13,0,7,6,2,0,5,10,2,9,11,1,7,11,7,17,4,10,2,3,2,7,6,9,9,5,19,23,21,19,2,9,13,3,0,1,5,3,3,5,7,1,3,8,2,4,0,2,4,10,4,9,6,4,3,2,5,1,0,8,10,0,4,5,4,0,0,3,4,8,7,6,4,9,4,2,5,9,4,5,6,7,4,10,3,6,16,0,13,7,0,6,8,2,6,9,2,4,5,9,1,15,6,8,3,10,2,7,4,9,2,5,10,4,8,7,3,6,9,5,6,4,8,2,16,11,8,3,4,17,2,2,15,8,5,6,2,0
Asap1,6,14,9,7,3,16,11,0,4,11,4,1,2,6,5,2,0,0,0,0,0,3,7,6,0,12,20,1,11,0,3,10,19,0,13,0,0,0,1,4,5,4,6,0,2,5,10,25,1,9,2,2,1,0,3,2,1,3,9,2,3,8,0,3,4,0,0,0,0,0,16,16,12,0,0,8,2,0,3,6,0,0,0,0,7,9,5,0,0,0,0,0,14,4,10,7,5,4,0,3,2,0,9,0,3,2,0,16,4,0,14,0,9,8,23,0,4,2,9,4,0,2,0,0,0,0,8,0,0,10,12,4,1,0,3,1,0,2,4,0,0,3,8,3,7,12,5,8,1,3,6,4,0,0,5,2,5,7,1,16,19,2,4,5,4,11,0,9,10,6,3,0,14,0,9,3,0,13,3,0,0,3,5,2,3,2,2,22,4,5,0,4,0,9,8,9,3,1,2,3,4,7,0,5,9,15,4,4,1,3,4,5,0,9,4,10,0,0,6,0,13,2,0,4
Puf60,12,2,5,9,3,27,5,0,7,6,10,13,10,0,11,10,0,3,4,0,16,5,13,0,4,0,36,6,16,10,11,11,1,0,0,21,0,0,16,0,0,18,0,0,0,7,0,1,10,0,0,2,2,21,10,0,18,6,15,0,15,27,1,0,14,0,0,0,5,1,10,3,10,0,0,0,19,0,0,13,0,0,10,4,9,6,17,0,0,8,6,9,4,12,0,13,0,0,10,12,0,14,8,1,0,3,0,6,7,1,2,0,0,14,30,13,0,1,15,3,0,0,0,0,0,4,0,0,0,10,0,7,3,0,0,6,0,5,0,7,0,0,15,7,0,4,4,0,6,7,2,1,0,0,5,14,14,3,10,12,6,4,1,7,8,2,0,2,6,12,0,2,9,2,10,1,0,2,11,0,0,0,9,0,10,20,2,1,8,9,0,7,0,7,9,10,7,5,4,5,0,3,6,0,16,6,10,3,0,0,5,14,5,10,5,15,0,0,11,12,4,0,0,0
Exosc4,7,5,9,0,0,14,2,0,9,0,11,0,5,2,1,3,0,3,7,0,5,6,5,0,0,13,30,14,2,3,0,8,1,0,3,10,3,0,0,6,5,6,0,0,7,0,7,11,5,0,3,5,2,7,13,8,6,11,0,1,8,0,2,0,7,2,0,0,0,13,7,6,0,0,3,0,10,0,2,3,0,1,9,2,3,3,6,1,3,3,1,2,2,5,0,11,2,0,3,11,6,8,0,1,0,0,0,14,3,9,2,0,7,4,28,11,1,2,2,2,3,2,0,2,1,0,2,7,0,3,0,6,0,0,0,3,9,5,3,0,0,2,6,4,0,13,1,0,2,5,3,3,4,0,1,11,8,1,1,7,5,0,4,6,12,1,1,4,8,5,5,0,1,0,3,5,1,2,0,0,0,0,6,8,5,2,2,0,2,3,4,6,5,0,4,3,5,1,8,0,0,2,6,1,4,0,6,3,0,4,3,6,3,2,5,9,0,1,4,14,6,0,0,0
Myh9,18,8,18,18,21,23,20,17,31,37,41,6,4,17,14,9,3,8,1,4,18,8,44,21,10,33,42,14,23,17,23,38,22,27,21,22,2,33,56,18,31,20,4,18,14,39,23,18,32,3,16,27,6,36,54,42,6,8,27,2,30,19,6,3,32,3,0,3,12,54,12,88,29,20,28,20,39,7,5,32,3,1,19,13,29,28,23,0,4,14,26,11,26,23,2,55,9,8,16,20,20,35,31,19,8,18,4,34,28,15,24,0,18,22,70,19,0,11,15,10,4,5,2,11,8,8,20,19,9,30,10,9,5,1,1,2,0,16,27,6,0,0,21,16,6,25,19,7,4,14,7,10,4,5,24,27,7,12,15,21,8,13,9,10,16,16,3,14,33,15,21,10,16,0,12,5,9,12,21,1,8,7,20,25,41,6,6,22,10,28,2,14,10,18,26,11,4,12,13,9,7,14,25,11,17,49,26,11,5,4,7,21,12,12,20,12,0,0,13,31,31,31,11,9
Rps19bp1,0,4,5,14,3,16,5,7,21,6,10,3,5,4,2,3,2,1,14,0,2,5,11,0,0,5,12,12,5,4,10,6,2,3,2,7,2,4,7,0,4,5,2,2,5,7,0,4,9,1,4,4,0,10,2,9,9,4,11,9,0,2,0,0,4,2,5,14,0,7,11,28,25,8,2,5,14,2,0,5,5,2,7,0,4,5,12,7,3,6,2,2,9,10,0,6,0,8,2,7,0,5,0,3,1,7,0,8,6,4,4,0,8,14,8,0,0,4,3,7,0,2,3,2,1,5,5,1,0,1,4,2,3,3,0,1,0,1,3,9,2,3,3,10,3,14,1,0,0,3,0,0,0,1,5,2,2,6,3,12,4,0,2,2,5,7,0,2,8,8,2,4,3,0,10,8,0,1,3,0,0,1,2,6,2,1,1,5,8,6,1,6,6,3,8,3,4,7,4,4,3,2,3,2,14,10,8,6,0,2,3,13,0,9,12,8,0,1,6,6,6,0,2,1
St13,0,10,12,13,12,19,13,5,12,14,0,12,7,0,20,6,0,8,11,0,7,5,23,18,0,0,24,12,8,0,4,0,6,0,0,12,10,7,9,11,3,18,0,8,0,13,23,13,10,5,0,17,5,14,14,0,7,0,4,0,12,14,0,0,9,0,0,17,0,0,4,20,7,8,0,9,13,18,0,4,0,0,17,11,0,12,4,0,0,0,15,5,2,17,0,15,0,7,0,0,7,17,7,7,6,5,0,10,21,12,0,0,1,0,17,17,0,1,7,2,0,0,0,0,0,0,3,0,0,6,0,0,5,0,5,0,0,5,2,12,0,0,2,19,0,15,0,0,4,14,1,0,0,5,0,1,7,6,9,11,0,7,7,8,18,8,0,0,6,3,3,3,12,0,0,0,1,0,0,0,0,9,9,5,11,8,0,10,15,16,6,10,0,11,4,11,8,0,8,3,7,5,2,4,8,5,1,10,0,0,0,20,0,6,0,8,2,0,11,9,4,12,0,11
Plxnb2,0,8,9,0,0,20,13,0,5,4,4,0,7,0,10,3,0,0,7,3,9,2,11,7,0,25,12,4,9,0,5,0,8,0,0,14,1,13,12,0,13,0,0,0,2,9,6,0,9,0,7,25,0,6,24,0,10,0,10,0,5,10,0,0,8,0,0,0,5,32,7,11,19,5,5,0,7,0,0,4,0,2,7,3,4,4,7,4,1,5,14,5,8,2,0,7,0,2,5,6,1,7,7,8,3,6,1,5,13,4,2,0,5,1,19,5,0,3,6,0,2,0,7,2,3,2,5,0,2,5,1,5,0,1,0,5,0,5,2,2,0,2,10,5,0,13,6,3,0,7,2,4,1,2,17,8,13,5,7,1,7,7,3,5,8,4,6,4,5,4,6,5,6,0,7,2,0,6,7,3,0,2,5,2,8,0,0,9,3,4,0,6,0,9,2,3,1,5,0,5,0,4,13,0,1,2,14,8,5,0,1,11,7,5,9,3,0,5,8,3,0,1,3,1
Fkbp11,7,0,0,1,9,0,0,5,8,5,16,1,6,6,7,3,0,0,4,2,3,12,0,4,0,4,14,12,5,2,21,20,5,4,0,0,0,12,14,8,3,0,0,0,7,11,2,4,5,0,0,9,3,17,2,0,4,0,5,2,3,4,0,3,1,0,3,12,2,3,0,26,14,5,2,2,14,1,0,2,0,0,15,0,7,7,19,0,4,6,5,1,2,9,0,2,2,1,3,9,11,6,0,8,6,5,7,7,7,5,8,5,3,1,24,1,2,6,8,3,1,5,4,4,3,1,12,2,0,13,2,2,1,1,1,0,7,0,7,2,5,0,4,8,0,13,0,0,3,14,4,3,3,2,5,10,3,0,9,9,4,5,4,1,6,5,2,4,8,6,0,1,3,1,9,0,2,11,8,0,2,10,4,2,10,0,0,9,4,6,0,6,0,0,2,10,6,0,0,1,0,3,5,2,9,4,4,0,1,2,0,8,0,0,17,16,0,1,6,10,7,11,5,4
Itga5,9,56,4,33,12,56,18,10,7,39,46,4,7,13,32,4,5,8,7,0,2,5,18,0,3,8,23,37,34,21,12,8,4,0,10,42,2,24,17,23,51,8,5,0,4,26,6,13,25,0,16,13,24,18,50,87,15,0,58,28,43,19,1,1,8,1,3,18,15,19,19,73,0,17,5,9,8,4,4,12,7,0,20,8,23,56,73,5,0,6,18,8,25,83,29,7,29,3,9,19,59,19,0,18,0,11,26,13,21,13,10,0,23,24,69,16,0,7,24,2,8,0,9,8,0,0,11,15,0,34,2,19,15,3,0,0,8,29,18,3,0,0,29,28,0,21,0,11,17,6,10,0,8,9,23,42,27,22,6,26,7,2,18,22,67,21,4,0,4,38,9,8,5,2,19,7,0,14,13,0,0,0,26,21,12,8,9,30,15,19,1,13,30,22,6,36,26,15,5,11,9,7,27,3,15,29,19,4,8,1,18,33,3,11,5,42,0,6,33,57,40,32,0,1
Rsl1d1,9,0,10,2,9,26,17,4,6,2,18,2,5,3,7,8,1,6,6,0,9,2,5,0,2,0,31,1,25,12,11,25,7,0,4,21,4,14,22,2,7,13,0,9,0,15,6,36,30,8,8,11,5,10,2,0,24,1,29,0,5,5,0,3,2,4,1,13,6,6,2,35,35,14,9,0,9,3,0,9,3,0,7,3,18,8,16,2,7,9,9,3,15,17,0,13,8,11,16,6,5,7,2,18,4,7,3,8,9,21,11,1,11,14,17,7,0,4,16,12,5,0,4,8,3,6,8,4,3,3,10,12,4,0,2,1,1,5,8,7,0,2,5,10,0,10,2,4,5,8,4,0,6,4,7,8,10,3,16,11,13,5,12,1,3,2,1,10,7,14,10,6,7,0,18,0,0,18,7,0,5,1,7,5,0,6,2,2,13,6,1,15,4,10,9,8,4,4,7,9,1,4,2,5,11,24,12,4,3,3,11,10,6,2,5,10,1,0,11,5,8,0,0,5
Eif4g1,4,9,3,7,15,33,32,13,29,17,25,4,12,4,9,4,0,2,4,0,8,20,7,2,0,14,21,9,8,0,7,11,1,14,20,17,0,11,51,21,16,2,9,5,0,25,19,12,9,0,5,16,4,13,23,6,12,4,9,0,6,7,0,0,25,0,0,8,4,29,23,12,19,0,15,32,19,6,1,12,0,0,18,3,12,16,11,0,0,3,2,0,12,7,1,13,6,5,19,14,22,16,6,3,10,10,0,3,9,19,3,0,8,12,17,11,0,8,8,1,0,0,9,1,0,5,17,1,0,5,4,17,0,0,0,2,0,1,6,5,0,0,18,6,0,9,4,0,6,10,5,0,0,2,19,13,6,10,10,10,6,5,6,14,9,5,1,9,13,3,1,11,8,0,6,0,3,13,4,0,0,4,5,1,9,3,0,14,9,6,0,13,0,9,23,2,3,3,15,4,7,2,11,2,12,23,9,9,1,0,5,6,2,0,12,17,1,0,11,7,11,17,3,4
Tnk2,11,10,11,7,7,16,1,4,12,6,3,0,6,2,3,6,0,0,4,0,4,0,0,4,0,2,14,11,11,12,6,8,5,3,12,11,2,7,6,4,2,2,10,0,4,12,15,0,7,0,4,6,1,11,10,7,3,3,22,0,7,8,2,0,5,0,0,21,0,11,5,13,23,0,0,5,7,0,0,1,4,0,11,1,4,6,13,0,1,0,1,3,10,5,0,0,3,2,8,6,1,1,4,0,1,5,2,2,7,6,1,0,10,10,12,2,0,2,7,0,0,0,2,3,0,2,0,0,0,6,0,3,3,4,5,0,6,2,7,2,0,0,9,6,3,0,0,0,4,4,0,0,0,0,2,10,7,9,1,6,5,0,3,10,4,4,2,1,3,10,3,6,2,2,4,4,0,4,2,0,0,0,6,4,5,3,2,2,5,3,0,6,12,0,6,1,2,4,5,0,5,6,3,2,2,4,7,1,0,1,4,8,5,3,1,11,1,2,5,11,3,22,2,1
Filip1l,0,0,0,13,1,13,0,1,0,6,2,0,2,6,3,0,1,0,0,2,0,0,8,0,0,0,10,4,6,0,2,5,0,3,11,0,5,1,0,0,0,15,5,2,6,12,4,0,11,0,4,1,4,12,13,0,0,0,4,0,3,4,0,1,3,0,0,0,0,8,0,10,0,0,0,0,0,1,0,0,0,0,5,0,2,5,8,0,2,0,10,0,4,6,0,0,0,0,0,0,5,0,2,7,0,0,0,1,7,0,0,0,0,1,15,3,0,0,4,2,0,0,0,4,0,0,2,2,0,0,0,5,0,0,0,0,0,0,0,2,0,0,0,2,3,0,2,1,2,1,0,0,0,0,5,3,3,0,0,3,4,0,1,3,0,0,1,3,2,5,0,1,9,0,4,2,6,0,3,0,3,4,7,4,1,0,0,7,0,2,0,2,0,6,1,6,11,6,2,4,2,3,2,0,0,5,4,0,0,0,7,3,1,6,0,4,0,0,0,0,2,3,1,1
Cct8,41,18,20,0,19,42,42,44,35,58,22,19,22,34,0,2,5,5,26,0,10,48,19,0,0,27,55,49,45,10,56,23,0,24,14,11,0,61,59,13,32,21,2,0,1,36,23,58,23,0,24,23,11,45,70,0,33,28,26,3,9,32,0,0,34,0,12,46,6,39,16,61,53,0,0,40,64,0,7,8,0,0,32,16,34,18,24,0,20,0,34,0,37,12,13,29,0,4,39,17,21,26,24,27,6,11,0,17,39,30,13,0,41,36,36,24,0,18,9,8,0,0,0,0,0,0,29,23,0,22,0,12,0,10,0,12,0,18,33,15,13,0,26,22,7,39,0,8,13,27,17,0,0,0,13,51,9,13,20,30,20,12,26,16,40,23,0,12,28,22,0,14,14,0,42,0,0,15,23,0,4,3,19,0,9,19,0,30,1,18,2,27,0,13,26,8,11,19,24,10,9,3,0,0,5,17,14,0,0,24,0,30,14,34,24,43,5,0,31,37,21,0,0,0
Hmgn1,72,61,57,0,12,112,79,39,77,84,93,5,15,0,41,47,8,9,0,0,13,38,3,4,11,19,103,24,45,58,47,24,12,13,60,21,0,24,93,13,25,47,0,0,13,37,79,111,16,32,21,77,0,40,16,0,36,20,47,8,33,67,3,0,58,0,10,0,39,26,28,124,70,0,29,74,28,0,0,25,0,0,9,4,31,39,51,2,3,8,20,11,24,28,12,29,15,0,44,41,8,51,20,8,7,23,9,50,46,24,22,4,38,26,66,24,0,46,48,26,0,0,20,14,3,5,28,15,0,11,3,25,4,6,0,12,3,6,5,9,0,0,15,45,2,46,10,3,10,35,27,0,0,10,39,14,16,27,20,34,17,31,22,15,24,17,6,9,42,8,8,33,20,1,8,9,1,7,68,0,0,17,44,7,22,20,0,39,20,37,17,33,6,9,62,29,17,46,32,34,5,7,31,3,35,27,52,19,0,8,13,32,11,41,40,30,9,6,29,77,47,0,8,23
Sod2,0,16,15,5,6,23,28,11,0,14,13,0,5,2,28,6,0,7,0,0,2,5,9,0,2,16,17,12,14,13,39,18,0,13,23,32,0,41,26,8,29,16,17,0,0,9,20,34,42,8,3,32,5,34,12,14,46,16,22,0,24,17,0,0,26,2,21,11,0,78,27,45,18,0,11,0,11,19,0,21,0,0,20,0,26,14,15,0,3,31,22,3,26,10,7,29,0,8,20,41,17,6,8,17,0,10,0,20,7,28,17,0,22,12,18,11,4,0,18,8,0,0,11,0,0,0,6,11,0,6,0,15,0,9,0,0,2,1,6,40,4,3,15,7,14,13,14,0,15,21,4,0,2,0,14,14,12,4,12,0,10,24,7,0,26,4,0,0,17,9,2,6,8,6,22,0,0,8,0,0,0,0,11,6,20,11,0,0,19,29,0,16,0,13,17,17,8,14,16,0,7,0,8,0,9,22,21,18,9,4,17,22,14,12,39,16,0,0,15,14,0,17,16,0
Traf7,0,0,0,11,0,0,0,8,0,6,28,0,10,0,28,14,0,0,5,0,10,4,0,23,0,0,32,16,0,0,1,0,5,0,2,0,1,37,10,16,0,0,0,0,0,17,0,6,7,0,15,0,0,15,0,11,1,3,0,0,0,0,0,0,2,0,0,0,8,53,10,23,0,0,0,24,11,0,7,10,4,0,16,0,4,9,1,0,16,0,11,0,4,7,0,4,0,6,0,4,0,21,26,0,11,3,10,14,11,0,0,0,11,4,17,0,1,0,12,0,10,0,0,8,0,12,3,4,0,5,0,0,6,0,0,6,5,7,3,0,0,0,8,3,12,16,12,0,0,0,0,10,0,0,8,0,9,7,0,1,5,0,12,0,7,0,0,12,18,5,0,4,10,0,0,0,3,0,0,0,6,0,0,0,0,1,9,0,10,0,4,11,2,0,1,0,0,6,11,0,6,7,3,0,9,0,12,1,0,1,3,23,7,3,8,24,0,0,4,6,7,0,0,8
Bag6,0,0,7,2,4,21,15,3,0,20,9,0,0,3,4,0,0,5,4,7,7,5,23,1,0,8,6,6,14,7,2,4,3,2,8,0,0,4,9,14,11,10,0,7,0,9,4,8,9,3,4,7,0,12,9,0,7,7,0,0,5,8,1,0,0,0,0,0,0,19,4,23,8,7,0,3,17,0,5,3,0,0,8,4,4,4,12,0,0,0,6,0,10,12,0,9,0,4,11,4,1,7,4,2,0,3,0,10,11,3,5,0,7,6,8,4,2,9,5,3,0,3,0,0,0,5,6,0,0,4,0,7,2,0,2,0,1,4,7,4,1,0,6,5,0,6,3,5,1,3,5,0,0,0,6,7,5,2,5,3,2,0,8,4,7,7,0,4,7,7,0,3,11,1,9,0,1,7,4,0,0,2,6,0,5,6,2,6,0,3,5,4,0,0,4,5,0,4,6,1,3,6,3,3,7,16,4,5,0,0,2,6,4,5,12,11,1,1,4,11,3,0,1,2
Rpp21,2,4,6,0,0,15,25,10,7,5,0,7,8,0,13,0,0,0,4,5,5,1,9,10,3,6,9,4,10,8,19,8,2,9,8,10,5,13,18,3,4,0,22,2,2,2,0,0,3,0,3,7,0,8,11,0,13,0,2,0,13,7,0,6,7,0,17,10,6,26,0,15,4,9,21,4,9,12,8,6,3,2,2,7,7,7,0,3,4,4,12,8,4,12,1,9,4,5,5,21,13,8,6,7,2,1,6,5,3,1,11,8,5,4,14,4,1,4,8,6,2,1,4,4,0,3,4,2,5,2,6,7,3,0,7,3,2,1,12,2,4,4,6,8,1,6,1,4,5,2,0,5,3,1,5,10,5,1,0,2,7,5,0,5,12,2,9,6,19,5,10,5,1,2,8,2,1,8,14,1,3,4,3,5,6,5,7,2,10,16,2,12,0,2,6,3,2,1,6,4,6,6,2,1,8,13,0,8,2,5,9,6,2,0,9,7,2,5,6,9,7,2,4,3
Mrpl14,0,8,3,8,1,12,0,0,1,0,22,6,4,10,9,0,0,0,3,0,3,13,0,10,0,9,19,17,12,0,9,0,7,0,7,11,8,12,22,3,7,0,12,3,0,16,2,0,17,0,0,3,0,15,2,11,5,11,0,3,3,3,4,10,0,0,0,0,0,22,3,12,0,15,9,0,11,12,5,3,1,1,3,8,0,7,13,3,4,8,3,3,1,4,0,9,3,5,4,5,1,6,9,0,4,6,5,1,0,8,6,2,2,1,8,9,2,6,3,0,2,12,7,5,0,0,3,0,0,0,2,1,2,5,3,1,3,4,4,1,4,0,3,4,5,11,15,1,3,6,3,0,0,0,1,3,1,0,3,8,4,0,0,5,1,2,1,4,5,2,4,4,6,2,0,3,0,4,2,4,0,0,3,4,2,7,0,6,3,2,2,8,2,6,4,0,2,4,0,1,0,2,1,0,6,6,6,2,7,2,1,3,4,0,4,7,0,0,5,5,3,12,0,4
Wdr43,9,1,0,0,0,9,10,3,15,5,14,9,8,0,6,4,7,0,6,0,5,4,0,9,0,13,0,6,7,7,4,16,4,0,4,0,0,7,11,10,8,6,3,0,0,13,6,11,8,2,0,17,0,0,0,8,3,0,8,0,0,0,9,0,0,0,2,5,0,3,4,6,2,0,4,0,7,5,0,0,3,0,0,5,11,0,9,0,1,7,0,0,10,3,6,10,7,4,6,0,12,0,4,7,5,8,0,14,5,7,3,0,2,12,2,7,0,0,17,4,1,0,0,0,0,5,4,10,0,2,0,3,0,0,0,4,0,5,5,0,0,0,4,2,0,4,5,3,1,2,14,0,0,3,2,5,5,2,0,4,0,5,4,6,5,0,0,2,4,1,11,1,6,0,8,0,0,4,5,0,0,0,2,7,0,6,1,10,10,3,0,12,0,2,9,2,3,1,0,4,4,0,3,1,11,0,11,5,0,8,2,6,0,0,4,15,2,0,5,2,3,3,2,1
Mapre2,6,7,9,2,4,6,3,9,3,5,7,1,6,4,6,2,0,0,4,0,8,3,0,11,0,5,9,8,7,6,6,0,0,5,4,8,6,9,6,0,2,4,4,1,0,10,6,9,0,0,0,0,0,12,1,6,8,4,0,0,0,4,0,0,7,0,9,0,5,8,5,9,19,1,3,1,2,8,0,0,0,0,6,0,4,6,4,2,4,0,2,5,8,6,2,8,1,4,10,4,6,3,2,0,0,8,0,7,9,3,9,0,0,11,11,8,3,9,11,3,0,1,1,1,0,4,6,1,0,2,0,4,1,0,0,9,2,0,7,6,1,0,5,0,3,3,2,3,0,6,0,2,3,0,6,4,2,1,1,5,4,3,7,10,5,1,7,7,4,4,10,0,2,0,9,1,0,10,7,2,5,0,1,3,0,3,0,8,8,11,3,6,0,5,0,0,2,2,5,2,3,2,3,0,8,4,4,3,0,1,9,2,1,3,2,11,3,0,9,5,5,0,2,3
Bin1,14,8,9,0,8,21,2,2,0,9,4,0,5,7,12,5,0,1,21,0,9,6,11,17,0,8,6,12,11,15,16,10,0,3,0,11,0,7,9,15,5,10,2,4,0,12,10,5,0,0,17,14,0,10,14,13,9,0,6,0,12,5,0,1,8,0,9,0,10,16,10,21,3,4,6,10,14,5,0,6,0,0,14,6,17,8,9,0,0,4,4,6,22,18,3,4,3,0,19,9,8,4,4,9,0,3,0,1,9,12,6,0,2,4,11,11,5,8,9,9,0,2,0,1,0,0,1,1,3,2,5,1,0,1,0,2,2,8,2,9,0,0,5,7,0,17,3,1,2,10,5,1,1,1,21,31,6,9,6,2,4,9,14,10,20,6,0,2,8,7,5,5,5,1,8,1,0,6,3,0,4,5,4,6,10,7,1,4,2,20,0,6,1,2,11,10,0,6,4,6,3,9,10,0,8,9,8,8,0,1,3,3,1,7,12,10,0,0,11,6,5,9,8,0
Srp19,1,2,2,2,6,16,0,4,7,4,20,6,0,0,3,1,0,0,2,0,4,12,5,0,0,11,18,3,14,10,12,12,6,6,0,0,6,8,7,2,10,11,7,0,0,12,5,11,0,0,8,10,4,14,11,8,14,8,14,0,4,0,4,0,0,0,2,0,5,8,10,16,8,1,6,0,0,7,0,3,0,0,8,4,12,14,5,1,3,2,6,3,4,6,0,7,1,7,12,6,7,6,6,0,0,6,0,1,4,2,8,0,18,9,9,5,5,5,10,0,1,0,0,5,2,0,5,4,1,2,0,7,3,0,0,5,0,5,7,3,0,1,6,12,6,4,5,0,1,7,3,2,0,4,5,10,3,4,5,1,8,2,2,7,8,6,0,6,3,4,0,0,10,0,3,0,0,4,6,0,1,1,0,0,7,1,1,4,7,7,0,3,0,2,12,1,6,14,17,7,6,5,0,1,2,9,8,4,1,0,0,14,0,4,5,6,0,0,3,5,11,6,3,7
Reep5,23,28,24,9,9,87,30,41,35,28,44,17,13,6,34,12,0,1,8,13,30,12,19,11,0,22,33,8,14,13,26,24,29,11,14,18,4,41,41,20,31,32,30,4,17,47,14,30,0,18,25,20,10,85,32,10,58,11,17,6,3,27,15,0,21,18,2,34,4,36,10,55,50,29,25,27,31,10,8,16,3,9,16,9,23,20,20,0,23,9,21,17,11,34,18,31,10,14,26,9,15,19,11,10,11,26,9,23,26,23,18,0,27,26,41,3,6,12,26,11,1,6,5,12,1,13,10,18,22,16,4,17,3,4,4,10,10,5,15,5,4,0,26,12,12,22,3,8,6,18,1,9,0,8,25,31,4,17,5,26,8,15,13,11,7,16,7,11,11,11,15,14,5,4,13,8,9,14,3,3,0,7,12,6,16,15,2,10,14,22,5,24,0,5,20,16,12,15,24,7,10,13,11,1,21,23,9,11,7,0,8,44,6,17,18,18,10,5,17,34,27,15,10,2
Matr3,0,0,0,6,0,5,0,0,5,0,0,0,0,0,6,0,0,0,0,0,0,9,0,0,0,0,5,7,0,0,17,0,6,3,0,0,4,0,6,0,0,0,0,0,0,16,0,0,0,7,10,0,0,16,6,0,7,0,2,0,8,0,0,0,0,0,0,0,0,0,0,22,0,3,0,0,0,0,0,0,0,0,0,0,0,0,9,0,3,0,0,0,9,1,0,4,0,0,0,1,3,11,2,6,2,0,4,4,4,6,1,0,12,5,0,1,0,12,0,2,0,0,9,0,0,0,5,0,0,2,5,11,0,3,0,3,0,0,0,0,0,0,0,5,0,0,0,0,11,0,0,0,0,0,4,1,4,2,7,7,0,0,2,0,0,0,0,0,12,2,0,0,4,0,6,0,0,8,0,0,1,0,0,12,0,0,0,1,6,0,2,0,6,0,9,4,0,0,4,0,4,0,2,0,0,8,6,3,0,5,1,0,8,3,8,9,0,0,5,0,6,8,0,0
Pfdn1,10,11,23,11,15,36,13,13,19,23,30,15,11,14,15,16,3,10,5,1,15,13,11,30,4,12,54,26,16,4,21,24,16,16,19,11,13,18,20,11,14,46,17,4,0,43,27,18,0,13,7,22,7,28,56,18,16,13,40,6,18,23,11,5,32,1,9,16,13,33,16,71,45,0,32,20,23,3,6,11,3,0,21,10,8,16,25,1,7,18,14,7,13,17,11,11,9,13,20,20,31,6,9,27,8,13,1,20,21,25,22,0,19,12,29,20,0,11,19,3,0,6,6,11,7,2,16,8,1,9,1,15,1,7,10,7,5,5,11,10,1,5,13,12,0,11,4,6,14,17,2,3,2,7,22,18,6,12,7,22,4,5,15,20,30,9,1,5,30,13,2,13,13,1,14,6,2,14,16,0,4,7,16,10,10,15,1,20,10,17,2,18,2,10,17,5,9,7,17,8,12,19,20,4,14,13,18,9,5,17,17,15,7,5,17,24,13,0,11,13,29,5,10,9
Ik,11,0,12,3,0,19,0,9,0,1,6,0,6,1,3,9,0,0,2,0,3,5,6,0,0,0,3,6,11,4,4,6,7,13,10,0,0,26,8,3,0,2,0,0,0,7,4,15,0,1,12,1,3,14,13,9,1,2,0,4,12,5,0,0,4,0,1,8,6,10,1,8,17,0,0,8,19,4,0,11,2,0,11,4,6,2,7,0,0,7,1,2,9,11,1,6,2,1,9,13,2,3,1,8,0,2,0,2,4,11,4,0,3,10,11,14,0,2,13,0,0,0,0,3,0,0,0,2,0,7,2,2,0,0,0,3,0,0,12,3,3,0,1,8,0,4,0,0,6,3,1,0,0,0,14,11,9,0,5,12,12,0,1,7,6,2,0,5,7,4,0,5,4,0,8,0,0,7,8,0,0,0,0,2,7,11,0,2,11,7,5,3,0,4,5,6,13,1,6,2,4,4,1,0,8,3,4,0,0,6,3,3,3,3,7,7,0,0,9,6,3,0,5,1
Wdr55,9,4,0,0,0,15,4,0,0,0,5,0,1,2,0,0,0,2,0,0,4,2,0,0,0,0,8,5,10,1,3,0,4,6,0,7,0,6,4,6,2,0,0,1,0,0,2,0,0,0,1,4,0,0,10,0,2,0,10,0,3,9,10,2,0,0,0,0,0,0,1,13,13,0,0,0,0,0,0,4,0,0,0,4,7,5,3,0,0,0,0,0,8,7,0,4,0,5,8,0,0,10,5,4,0,0,0,3,0,12,0,0,2,13,6,4,0,0,8,0,0,0,0,2,0,0,1,0,0,3,0,9,0,5,3,1,0,3,5,0,0,0,6,1,0,0,5,0,0,2,0,0,0,4,4,6,1,0,1,4,0,3,1,0,6,0,0,3,2,2,0,7,4,0,5,6,0,8,6,0,0,0,0,0,0,4,0,0,0,0,0,6,0,0,7,0,0,0,0,0,0,0,1,0,5,4,3,1,2,5,0,11,1,0,2,10,0,0,6,6,0,0,0,1
Ppic,8,9,11,10,27,20,6,18,8,25,4,9,13,9,29,17,0,3,7,1,4,7,20,2,7,6,25,10,9,19,13,9,10,3,10,16,1,9,22,6,10,13,10,0,0,6,16,24,0,0,4,45,4,21,23,21,14,0,11,4,14,24,5,0,25,0,1,10,6,8,3,10,15,9,11,15,7,2,4,14,1,0,19,6,10,23,28,8,9,14,26,5,9,21,4,9,3,2,7,9,7,9,6,9,5,6,0,24,6,7,27,3,14,2,14,12,5,3,17,3,2,10,4,1,6,1,12,5,0,8,0,12,1,2,2,0,0,14,6,10,2,0,11,1,2,11,15,7,8,10,1,3,0,5,6,22,6,4,4,2,3,4,10,10,8,9,6,9,8,4,3,3,7,0,11,4,0,10,10,0,3,6,4,4,7,9,0,9,11,18,5,7,2,6,4,20,6,14,4,5,5,3,14,3,10,10,6,3,4,0,6,10,9,9,10,18,4,0,18,8,8,20,3,9
Tcof1,0,3,0,0,0,21,0,7,0,0,15,0,10,0,6,9,0,0,0,0,0,0,0,0,2,0,3,0,14,0,15,10,0,0,4,0,5,15,5,0,0,0,4,0,0,0,0,5,0,1,7,0,0,0,8,0,0,0,21,0,0,0,0,4,0,0,0,24,0,0,0,32,0,0,0,0,17,9,0,0,2,0,7,0,6,6,9,0,0,0,0,0,12,0,0,2,0,0,4,0,0,14,0,4,0,8,0,0,11,20,11,0,0,10,5,0,0,5,0,0,0,0,9,3,0,0,4,5,1,4,0,20,0,0,0,0,0,0,6,1,0,0,0,0,0,4,0,0,0,11,0,0,0,2,1,0,0,0,0,6,4,0,14,2,0,0,0,6,5,0,7,9,8,0,11,0,0,8,2,0,3,2,6,0,3,10,0,0,0,0,0,4,0,0,29,6,5,11,0,5,0,0,0,0,20,7,7,3,0,0,0,0,9,0,1,2,0,0,16,0,0,0,0,0
Lman1,8,15,14,13,1,25,16,12,4,14,15,6,16,6,37,5,1,3,1,0,9,14,9,3,0,25,24,28,12,3,10,29,19,11,14,4,9,24,2,10,12,7,4,9,2,29,15,13,0,4,4,5,10,21,2,6,27,5,13,0,13,1,0,5,13,2,0,17,4,25,7,30,41,5,13,7,16,0,9,7,0,1,22,7,15,10,12,0,4,9,27,12,17,9,0,15,2,7,24,20,22,10,8,10,8,8,0,22,21,19,21,0,19,15,22,17,0,10,18,9,0,0,8,9,0,5,19,11,1,10,0,8,4,3,6,2,1,10,18,10,0,2,9,12,2,20,6,3,14,11,6,0,0,6,14,19,17,6,18,19,9,9,4,6,12,23,0,16,13,7,0,9,16,0,10,0,0,13,6,0,11,2,6,8,9,7,1,8,3,17,2,8,2,3,10,13,7,3,13,12,12,10,13,1,12,20,9,16,1,3,9,11,6,11,15,19,5,0,25,18,9,16,8,14
Ier3ip1,0,15,8,4,7,21,6,5,9,7,25,6,14,5,36,5,0,3,3,4,2,15,7,19,6,8,19,13,20,8,12,11,11,0,12,10,13,17,34,6,14,4,11,9,4,17,0,5,0,0,8,14,6,19,23,2,10,10,16,11,11,13,3,2,8,3,0,15,1,21,10,14,16,7,23,7,15,4,6,4,13,0,5,1,7,9,16,6,6,15,5,6,30,9,2,15,1,13,14,5,19,13,7,4,6,6,0,2,1,13,17,0,9,8,35,6,4,13,14,1,2,4,0,8,0,4,9,1,12,0,5,12,1,6,5,1,3,1,10,9,1,2,13,7,0,5,15,6,11,18,1,6,2,0,15,5,11,10,3,6,8,7,7,7,8,11,4,9,18,9,7,1,4,2,6,2,1,7,5,0,8,0,0,10,7,9,5,10,19,34,1,6,0,11,5,8,10,8,13,3,4,6,6,9,13,12,20,7,4,4,7,9,1,6,10,15,5,0,7,8,10,6,9,6
Tmx3,0,10,10,0,0,1,8,11,0,9,5,9,0,0,6,0,0,0,1,0,0,1,12,0,0,5,0,5,3,0,4,2,7,0,0,0,7,0,5,0,3,0,4,6,0,2,0,14,0,0,0,0,3,2,0,6,0,4,0,0,2,0,0,0,0,0,0,0,0,0,2,2,4,0,0,0,8,0,4,0,2,0,4,0,6,0,7,0,1,0,0,0,0,3,0,0,0,0,0,5,12,4,0,0,2,1,0,6,3,0,0,0,6,5,0,2,0,0,0,0,0,2,5,0,0,0,0,5,0,0,1,0,1,0,1,0,0,2,4,0,0,0,0,0,0,10,7,0,0,1,1,0,0,0,0,4,5,0,0,3,0,0,5,0,2,1,0,3,10,0,0,1,1,0,0,2,0,2,4,0,0,2,2,0,0,0,0,0,2,5,0,0,2,0,7,0,0,0,0,0,2,5,3,0,6,11,0,3,0,0,7,2,0,0,1,0,0,0,4,5,8,0,0,0
Dpp3,5,0,4,3,2,50,18,12,10,19,9,3,3,5,9,1,0,3,3,0,10,3,5,0,0,13,12,1,18,5,8,14,11,9,5,11,0,5,11,3,2,5,4,0,0,21,13,9,13,0,2,3,3,10,24,3,3,0,6,3,0,4,0,0,5,2,0,7,1,10,2,31,18,0,0,1,24,5,9,10,0,0,10,0,11,5,9,0,0,0,5,0,10,6,0,3,0,0,11,6,0,13,10,1,4,6,0,13,11,17,10,0,3,10,14,4,0,1,9,3,0,0,0,0,0,0,8,1,0,5,1,1,1,2,0,0,0,0,9,9,0,0,12,4,0,13,0,0,3,8,3,1,5,2,16,9,10,8,5,8,6,2,9,2,9,3,0,0,12,7,6,1,5,0,5,0,1,4,6,0,0,0,4,0,6,4,1,4,2,7,2,1,4,4,5,7,0,9,10,2,2,3,4,1,6,10,5,6,2,1,6,2,0,5,7,8,0,4,26,10,8,0,5,1
Yif1a,0,0,0,0,0,0,0,0,0,0,0,0,0,0,0,0,0,0,0,0,0,0,0,0,0,0,0,0,0,0,0,14,0,19,0,0,0,28,0,0,15,0,0,0,0,0,0,0,0,0,0,0,0,25,0,0,0,0,0,0,0,0,0,0,0,0,0,0,0,38,0,0,0,0,20,0,15,0,10,0,0,0,0,0,0,22,0,0,0,0,0,0,0,10,0,17,0,12,23,0,0,0,0,0,0,6,0,29,0,30,0,0,0,0,0,0,0,0,0,14,0,0,0,0,0,0,0,0,0,0,0,0,1,0,0,2,0,0,0,0,0,0,0,0,0,0,0,0,21,0,0,0,0,0,0,0,0,0,0,0,26,0,0,0,0,0,0,16,0,0,0,0,0,0,19,0,0,0,0,0,0,0,0,0,0,0,0,15,0,0,4,15,0,6,0,0,0,0,0,0,0,0,0,0,29,0,0,0,8,0,0,15,0,0,0,0,0,0,0,0,0,0,0,0
Sf3b2,1,0,2,0,0,19,0,18,18,34,3,4,0,0,22,6,0,4,2,0,12,13,9,0,0,0,17,20,14,12,10,1,21,8,23,22,0,0,13,3,0,4,0,0,0,17,0,15,19,0,0,13,0,7,5,19,13,0,33,0,11,5,0,0,0,0,0,0,0,53,13,4,13,1,0,0,24,0,0,16,0,0,5,7,9,15,2,0,0,0,7,5,0,20,0,16,0,0,14,10,9,10,15,0,0,18,0,6,12,8,22,0,15,7,10,9,0,14,14,0,0,0,0,0,2,0,10,0,0,5,0,17,0,0,1,6,0,12,0,5,0,0,15,19,0,15,0,0,6,12,9,0,0,0,11,20,12,18,0,13,4,4,13,5,5,4,3,4,0,9,0,3,7,0,11,1,0,15,1,0,0,0,7,2,0,1,0,0,13,0,0,6,4,9,5,3,0,4,0,0,8,4,0,0,9,20,16,14,0,2,4,12,0,10,10,14,5,0,20,22,13,0,6,18
Banf1,7,10,14,12,10,59,24,26,24,13,12,19,10,30,9,18,2,0,33,16,19,22,0,22,11,9,53,17,29,0,38,22,8,0,0,0,0,30,47,22,0,0,13,4,12,11,15,57,18,0,25,13,4,26,20,0,24,28,32,16,6,15,5,15,21,0,6,46,13,12,6,64,16,14,11,16,47,9,12,5,6,2,5,4,14,18,9,6,9,9,20,8,21,13,10,12,11,12,18,24,20,17,6,13,12,3,3,27,7,19,6,3,11,28,18,6,0,15,14,5,10,7,16,8,15,13,14,8,6,17,11,10,10,6,5,0,16,9,15,10,6,7,16,28,2,27,14,12,15,5,2,5,1,19,8,20,23,10,8,19,8,6,16,13,9,5,5,6,21,10,14,20,11,15,9,9,8,22,18,2,2,6,9,1,0,25,8,9,5,17,9,28,18,11,22,33,5,21,4,8,4,7,9,9,15,12,41,2,8,8,16,13,26,18,18,46,3,8,1,42,21,2,4,4
Sart1,2,0,0,6,0,0,8,0,0,0,0,0,2,0,0,5,0,1,0,0,0,0,0,0,0,0,0,1,1,0,8,3,0,6,0,0,0,8,0,0,4,0,9,0,0,6,1,1,5,0,4,4,0,4,0,4,5,3,0,0,0,0,0,0,0,0,0,0,0,0,0,10,0,0,4,0,2,2,0,5,0,0,3,0,0,0,0,0,0,0,0,0,4,7,4,0,5,0,1,3,0,0,0,0,0,0,0,3,3,6,0,0,0,11,7,0,0,0,3,0,0,0,1,0,0,0,0,0,0,4,0,0,0,0,0,0,0,0,2,0,0,0,3,2,0,0,0,0,2,0,4,0,0,0,6,1,1,3,2,1,0,0,2,0,6,0,0,0,2,3,0,5,1,0,1,0,0,2,0,0,0,0,4,0,2,2,0,0,0,0,0,1,0,0,3,1,0,0,3,1,0,0,0,0,0,6,4,0,1,0,3,3,0,2,0,2,0,0,0,0,0,0,0,0
Fosl1,8,2,15,0,3,0,0,0,0,0,9,7,0,0,0,8,0,12,0,0,0,10,0,0,3,0,0,0,5,0,8,11,0,0,0,0,0,2,14,9,0,0,0,0,0,13,0,12,0,0,0,0,0,15,4,0,5,0,0,0,3,0,0,0,0,0,0,0,0,0,1,16,9,0,3,0,0,0,2,2,0,2,4,10,7,0,4,0,0,7,3,3,5,6,2,7,0,0,3,12,12,0,4,0,0,4,2,3,2,5,4,0,7,6,15,7,1,3,4,0,0,3,4,0,0,5,1,6,0,0,0,0,0,0,0,0,0,9,7,3,0,0,6,0,0,0,1,2,0,0,3,0,0,7,7,3,3,5,2,12,0,8,7,7,0,0,0,3,6,6,10,8,2,0,0,0,0,0,0,0,0,0,6,0,0,2,0,0,6,0,0,8,5,0,14,0,0,0,0,0,8,9,0,6,0,0,8,0,0,0,0,11,3,5,8,9,1,0,0,0,3,0,0,0
Fibp,3,0,4,0,2,2,6,0,0,0,3,0,5,3,2,4,0,3,0,2,10,6,1,6,0,5,11,3,5,0,2,3,3,5,0,0,2,9,5,2,4,6,1,1,7,1,1,2,8,2,2,10,3,3,10,5,0,3,2,3,0,1,0,0,0,0,1,0,5,5,2,9,3,10,1,5,7,6,2,7,4,1,7,2,7,1,4,4,6,6,9,8,7,4,0,7,0,7,15,12,8,10,5,5,0,8,4,5,2,4,6,8,8,4,4,0,1,8,2,6,4,4,2,0,1,0,6,1,5,5,4,2,3,0,0,4,2,4,6,3,2,0,4,17,6,13,4,6,2,3,2,4,1,1,10,2,12,2,10,5,3,5,3,5,2,8,1,5,4,7,3,8,3,7,5,1,3,0,7,4,4,5,9,2,4,5,0,8,3,6,3,0,4,16,9,2,6,6,4,3,1,1,10,3,3,9,4,4,2,1,6,4,7,6,10,9,2,3,10,7,0,0,1,5
Eef1g,23,0,27,11,6,14,0,0,0,14,33,0,0,5,9,4,0,0,0,0,4,12,20,8,0,0,25,28,10,12,23,0,12,7,0,21,5,9,24,5,0,20,9,0,7,13,24,11,0,12,17,0,9,17,21,0,12,6,11,6,4,0,0,0,23,0,0,4,12,0,9,0,5,13,17,0,38,17,0,29,0,0,0,0,10,7,44,0,0,15,24,11,16,26,0,2,0,15,24,11,14,0,11,12,0,6,0,12,12,0,20,0,21,12,19,8,0,10,15,0,0,0,9,11,0,0,24,14,0,12,0,3,0,0,0,0,0,6,0,15,0,0,4,12,0,17,4,0,0,15,12,0,4,1,3,4,0,0,0,0,4,0,0,0,17,0,5,2,22,16,0,6,9,0,12,0,0,12,16,0,9,0,19,10,0,0,0,15,0,11,0,14,0,4,17,11,0,6,4,3,8,10,0,0,11,19,24,0,3,10,9,18,0,0,7,5,0,0,30,20,12,0,0,5
Fads3,2,6,8,0,0,0,6,5,0,11,17,2,6,10,16,3,0,0,8,0,15,0,17,5,0,20,3,12,14,0,4,0,4,7,1,3,1,2,0,0,0,0,0,0,9,17,0,0,8,0,4,6,2,3,17,14,9,0,0,3,3,8,0,0,3,0,0,16,0,17,7,17,18,2,0,0,1,0,0,0,0,0,17,0,11,3,5,0,0,11,1,0,8,11,0,0,0,2,3,0,4,0,11,4,0,15,0,16,5,5,11,0,22,4,6,5,0,0,16,0,0,0,0,0,0,0,4,0,0,9,5,21,0,0,0,0,0,2,7,0,1,0,7,0,1,2,13,3,12,3,0,0,0,3,13,0,0,0,0,1,0,0,2,12,14,4,5,4,3,3,2,7,3,0,4,0,0,13,6,0,0,0,0,0,2,7,0,3,8,0,0,9,7,0,0,6,4,0,4,1,0,16,11,5,7,2,0,2,0,0,0,5,3,0,8,12,0,0,4,0,3,0,7,5
Tnks2,4,0,0,0,0,6,0,0,11,0,0,0,6,0,0,7,7,5,0,0,7,5,0,0,0,1,12,10,1,0,7,4,2,0,0,11,1,0,16,9,7,0,0,0,0,0,8,0,0,0,6,4,3,10,14,0,1,1,5,1,0,4,0,5,0,0,0,0,0,9,0,7,4,0,0,6,2,3,4,5,0,0,7,9,4,0,0,4,9,0,0,0,8,12,1,9,0,3,7,4,5,0,4,2,5,8,1,0,2,7,0,0,8,2,4,1,0,4,2,0,0,4,0,0,5,0,0,5,0,0,2,0,0,3,2,6,0,4,4,4,1,4,4,0,0,7,2,0,5,4,4,0,0,3,2,6,2,4,8,0,0,5,6,7,2,3,0,4,4,0,0,7,2,1,0,0,0,1,0,0,0,0,6,9,2,3,2,12,7,0,0,3,0,0,4,0,0,4,4,0,4,0,2,1,6,7,7,0,4,5,2,2,4,4,0,0,5,0,0,0,13,9,3,0
Scd2,16,22,0,0,13,1,0,3,21,13,16,0,5,20,21,8,4,0,22,0,26,6,24,27,0,12,17,2,22,11,0,23,7,14,0,19,25,48,8,1,10,10,19,9,0,16,11,18,26,6,12,17,0,9,29,0,7,17,9,0,5,2,0,0,35,0,0,17,0,70,11,18,39,6,3,20,5,7,7,17,4,0,5,17,6,0,4,0,11,3,15,11,7,18,0,13,3,10,32,16,37,17,7,13,23,14,11,10,12,0,0,0,0,11,23,11,0,14,3,12,16,0,8,15,0,9,1,2,10,22,3,1,11,3,0,0,0,3,18,10,9,0,10,13,7,7,2,8,0,0,12,0,15,8,0,0,9,0,14,0,24,7,5,4,8,0,0,7,7,5,0,23,6,0,21,0,0,3,2,4,11,2,5,4,1,12,0,23,9,14,5,9,22,4,1,4,9,18,7,7,4,3,13,19,10,6,11,10,1,1,6,17,13,0,13,7,0,0,24,9,29,28,9,0
Sfxn3,6,1,3,11,1,1,9,6,2,10,4,7,3,1,5,2,0,2,0,4,3,6,0,1,5,24,10,9,8,6,9,0,3,7,2,6,0,0,3,0,8,4,7,0,8,8,0,9,0,0,1,3,0,12,4,4,1,5,0,6,4,5,0,1,12,2,0,2,5,9,0,11,20,2,0,0,0,0,6,6,3,0,4,0,6,5,7,0,0,4,9,2,11,5,0,6,0,4,4,5,9,5,0,2,0,5,4,3,4,3,4,2,7,5,6,8,0,4,4,2,1,0,0,4,0,1,4,0,0,7,0,5,1,0,0,0,0,1,1,0,0,1,0,4,0,6,6,0,1,1,0,0,0,0,0,4,7,2,1,1,4,0,3,4,2,5,1,1,2,4,0,1,4,0,3,3,0,3,5,2,4,3,4,0,5,1,0,2,1,15,1,4,2,0,0,3,0,4,5,1,0,7,1,3,5,4,2,3,2,1,8,6,2,2,8,2,0,0,4,6,4,2,3,3
Eif3a,32,13,14,10,23,40,67,22,8,20,28,7,9,0,51,7,0,5,12,0,41,4,13,14,1,10,55,19,12,12,10,6,8,16,1,48,4,43,23,21,0,18,0,5,0,18,20,43,28,10,17,12,2,48,41,26,8,3,43,0,6,2,0,0,30,2,6,27,15,17,18,79,39,15,16,10,66,0,22,6,5,0,5,19,28,18,13,0,0,24,16,4,23,25,4,18,20,2,49,11,21,2,41,15,16,22,0,27,15,40,9,0,11,19,13,16,0,23,25,14,0,0,17,6,0,0,25,5,7,29,13,20,0,0,3,8,0,12,32,9,0,0,13,11,1,25,10,0,8,22,15,0,0,0,34,12,7,10,13,21,23,15,12,18,26,6,10,6,15,15,0,19,19,0,17,0,1,16,13,1,2,2,15,11,22,13,3,19,35,9,1,28,12,5,28,28,6,21,32,12,13,17,14,6,16,37,20,7,3,6,9,24,0,11,13,22,1,0,15,44,20,0,3,13
Cdc123,7,3,5,15,16,44,13,7,5,15,10,0,4,2,6,14,0,6,13,0,6,15,17,6,6,8,17,12,17,11,14,5,5,0,5,11,6,20,24,3,1,7,10,3,0,9,3,0,11,0,7,6,0,9,6,5,7,0,16,5,4,15,4,0,14,1,10,22,5,12,5,8,13,0,13,4,16,3,2,9,0,0,10,4,7,13,17,2,5,8,19,1,11,17,8,16,1,0,10,10,7,6,9,12,6,3,7,13,8,19,8,0,34,22,9,6,0,12,2,0,4,0,15,0,0,5,7,5,0,1,3,9,6,3,2,0,0,3,20,4,1,3,7,10,2,21,2,3,8,14,4,0,0,4,4,11,7,3,10,10,4,1,8,10,2,1,4,10,3,4,0,8,4,3,7,2,1,7,17,0,2,0,3,5,6,17,0,9,9,13,6,14,5,6,18,8,10,10,5,8,1,15,4,3,11,26,16,7,1,0,5,2,5,0,8,5,0,0,19,10,4,1,3,0
Ssna1,6,7,6,0,3,13,13,9,0,22,4,0,0,2,29,13,0,3,0,0,5,32,18,9,3,5,6,8,6,6,10,10,5,5,6,1,5,13,18,4,25,0,7,2,1,20,4,0,15,13,3,5,0,3,19,0,27,0,0,14,10,12,1,3,14,6,5,1,2,3,1,15,11,0,4,16,15,0,0,2,8,0,8,0,5,11,15,4,4,3,14,0,5,13,3,4,0,2,4,2,2,6,6,7,1,5,1,16,6,4,3,1,14,20,7,3,0,14,3,0,0,0,5,0,0,1,2,6,0,4,7,8,2,4,1,7,0,0,8,3,2,0,11,8,2,7,1,2,6,11,2,0,0,6,5,4,12,5,2,12,12,0,7,4,1,12,0,4,7,8,4,7,7,1,3,2,3,6,9,0,0,1,4,9,5,1,2,9,8,5,4,9,0,10,6,14,2,4,2,1,1,1,6,0,5,15,2,11,3,6,6,6,8,3,8,5,0,0,10,4,4,5,8,0
Anapc2,3,7,3,4,4,10,0,6,10,5,3,8,1,4,4,6,0,0,0,0,4,6,9,9,3,0,10,7,7,0,7,11,0,9,5,5,0,13,3,6,2,0,1,0,0,11,2,0,7,0,7,4,0,13,5,14,4,3,7,1,0,10,0,0,0,0,0,8,2,0,6,6,7,11,0,2,5,0,1,7,0,0,5,1,2,13,2,0,0,5,9,0,6,8,0,3,1,2,5,3,0,8,6,8,0,2,0,1,6,1,1,0,4,3,7,6,0,3,1,1,0,0,0,0,0,2,1,0,0,4,0,3,0,1,0,2,0,3,3,1,0,0,7,3,0,7,4,0,0,4,2,0,1,0,5,4,2,2,0,7,6,1,2,2,4,1,4,3,4,4,2,1,2,0,4,0,0,4,4,0,0,0,5,0,2,1,0,7,0,6,4,2,0,0,6,4,0,3,4,1,3,1,5,0,5,3,1,4,0,0,3,5,0,0,1,3,0,0,2,9,4,0,0,4
Set,4,5,6,1,4,2,4,0,0,10,17,2,0,0,2,9,0,0,6,0,0,2,0,0,1,0,10,5,9,0,0,0,0,0,8,0,0,0,11,0,8,12,5,0,0,0,12,0,11,0,2,5,0,2,5,3,10,0,0,0,0,0,0,0,1,0,2,1,0,1,0,2,0,0,6,7,14,0,0,1,2,4,6,0,0,4,8,0,0,0,6,1,6,7,0,0,0,1,3,4,5,9,6,3,0,4,0,5,9,1,6,0,5,10,7,0,0,2,5,4,0,0,0,0,0,1,2,0,0,0,0,6,0,1,0,0,0,0,4,2,0,0,9,4,0,0,0,1,5,6,4,0,1,0,0,5,3,4,5,3,0,3,1,10,6,8,0,2,3,4,0,2,0,0,5,0,1,0,0,0,0,0,5,0,0,0,1,0,11,0,0,4,0,7,0,1,0,0,0,0,0,3,4,0,4,10,8,0,0,0,0,11,0,0,6,1,0,0,3,6,0,0,2,0
Golga2,0,0,10,0,3,0,0,7,0,0,0,0,0,0,7,9,0,0,0,0,0,0,0,0,0,0,17,0,0,0,0,15,0,0,0,0,0,10,0,0,0,0,0,0,0,8,0,0,0,0,0,0,0,13,0,0,12,0,0,0,0,0,1,0,0,0,0,0,0,0,0,0,0,0,0,0,1,0,0,0,0,0,2,0,4,0,10,0,0,0,0,0,0,0,0,2,0,0,7,6,0,0,0,0,0,0,0,0,5,0,0,0,0,3,7,12,0,0,3,0,0,0,0,2,0,0,0,0,0,0,0,0,0,0,0,2,0,0,3,1,0,0,0,3,0,0,0,0,0,0,1,0,0,0,0,0,1,0,0,4,1,0,0,0,0,5,0,0,0,0,0,0,4,0,0,0,0,1,2,0,0,0,0,0,5,0,0,0,5,3,4,0,0,0,0,0,0,0,2,0,0,0,0,0,0,7,0,2,0,0,2,11,0,0,0,6,0,0,9,0,5,0,0,0
Fam129b,0,9,17,10,1,29,10,6,5,15,21,1,1,10,15,5,0,3,16,0,20,12,22,0,0,13,24,4,18,6,10,9,4,23,6,25,1,14,11,11,7,18,3,3,0,19,4,0,4,2,7,7,2,26,22,6,20,4,9,11,12,10,1,0,5,5,4,10,13,26,6,34,17,6,10,6,24,1,2,2,1,1,5,15,10,16,9,0,0,14,7,6,4,11,9,14,8,4,12,13,8,9,10,9,6,6,0,5,12,9,0,0,10,13,12,4,0,3,2,3,7,8,0,4,3,0,6,4,0,14,2,6,5,2,4,0,1,2,4,6,2,0,18,6,2,14,7,1,1,12,8,4,0,2,20,4,9,7,6,4,9,2,5,6,12,6,4,5,7,3,4,7,12,0,6,3,0,5,2,2,0,6,7,6,3,9,2,1,5,13,1,19,5,5,7,3,0,6,20,0,6,4,7,2,5,10,5,7,2,0,1,15,5,2,4,4,3,0,7,12,10,5,1,3
Angptl2,28,15,25,51,26,87,28,58,34,21,64,2,15,19,62,27,7,20,47,0,50,29,61,32,15,49,36,54,41,30,65,21,23,12,22,62,10,52,35,16,31,67,10,25,3,102,92,0,44,8,19,23,18,52,32,44,58,33,39,7,71,26,14,5,24,4,0,40,48,125,26,92,64,41,27,38,27,12,7,32,4,0,31,8,32,30,75,1,10,35,61,33,7,55,3,35,10,11,49,17,48,21,56,18,4,23,7,29,46,34,28,0,91,30,57,30,0,12,54,15,12,12,8,23,3,14,4,14,5,21,10,23,6,3,1,7,7,11,13,20,0,4,36,46,9,38,28,5,7,30,11,7,5,13,25,36,2,43,23,9,11,17,29,39,44,14,16,37,23,13,15,19,13,1,64,1,9,22,25,3,6,5,36,30,39,18,0,35,16,19,15,23,2,24,36,19,22,1,23,19,11,9,25,14,39,21,21,23,4,5,24,47,2,6,33,24,11,0,27,43,14,21,33,35
Rab14,0,5,0,10,13,6,0,0,0,9,0,10,0,0,5,3,0,0,4,2,0,2,8,0,0,17,19,11,2,3,2,16,6,0,6,0,13,8,23,0,0,9,5,0,0,11,15,0,0,0,0,2,10,19,1,8,21,0,0,0,2,13,0,0,0,0,0,0,15,23,0,45,40,0,14,0,37,0,1,11,0,0,10,10,18,7,10,4,3,9,8,13,1,25,16,4,10,13,3,13,9,20,0,14,15,20,0,9,14,15,12,3,16,4,19,6,0,14,6,12,7,0,0,4,0,0,10,2,0,13,0,6,0,0,0,0,0,11,13,0,0,0,7,10,6,7,16,2,10,4,3,6,4,6,10,8,12,17,8,6,8,0,12,4,9,9,0,3,14,11,0,11,10,7,6,4,6,4,0,0,0,2,4,4,12,12,4,12,17,4,0,0,10,8,12,2,6,8,12,0,4,6,0,0,6,10,9,1,8,7,7,5,13,2,5,7,0,1,12,24,3,10,17,5
Gsn,16,53,34,0,30,149,0,0,45,40,37,0,29,27,5,26,4,0,30,0,36,24,9,0,13,0,0,43,37,40,41,0,12,23,28,0,0,23,67,9,58,0,40,0,0,25,45,0,32,6,12,45,0,35,8,31,39,19,58,9,44,50,0,0,0,0,41,47,0,127,0,26,45,0,0,12,13,0,0,21,6,0,24,15,41,18,15,0,0,0,31,5,31,46,0,51,0,0,27,33,0,25,41,8,34,15,0,28,24,33,25,0,3,29,36,32,0,6,38,6,0,0,13,0,0,0,26,20,0,22,0,15,0,0,0,0,0,15,18,10,0,0,26,27,0,46,32,0,10,8,0,0,0,0,30,19,0,22,19,14,29,12,35,0,17,27,0,14,9,3,23,37,0,0,14,17,0,22,18,0,0,25,19,19,7,6,0,15,21,45,18,30,0,0,4,46,0,56,14,22,26,10,14,7,22,30,48,0,22,13,21,40,16,21,20,24,0,0,17,49,32,0,0,3
Prpf40a,10,0,0,0,11,26,0,0,0,0,19,2,0,0,27,11,0,0,0,0,8,9,13,5,0,1,28,18,7,9,13,6,8,0,0,3,0,10,8,0,23,0,4,0,0,10,7,0,0,0,0,11,0,7,8,0,33,0,17,0,10,0,0,3,0,0,0,0,11,0,12,3,36,0,0,0,2,7,14,14,1,0,10,8,5,2,17,0,1,7,11,0,8,13,0,9,0,0,11,3,10,18,8,2,11,2,0,26,0,25,2,0,7,24,14,16,0,3,5,11,0,1,0,0,0,0,8,8,0,6,0,13,3,1,0,2,0,3,11,4,0,0,16,10,0,18,3,0,4,6,0,0,3,6,8,5,0,0,21,6,0,7,12,1,2,7,0,4,18,3,2,7,20,0,0,0,3,13,5,0,0,2,9,0,0,6,0,10,16,5,1,10,0,0,6,8,0,9,14,4,6,11,0,3,12,7,6,11,0,4,0,14,0,0,0,5,2,0,13,10,0,7,0,5
Ssb,8,15,2,8,8,28,18,10,0,4,17,4,2,2,6,4,0,4,15,0,5,4,13,6,3,0,17,24,11,3,15,10,4,6,4,10,8,10,5,9,12,16,6,0,0,11,4,0,23,0,8,28,2,10,0,0,15,5,7,0,0,16,6,0,6,0,0,9,9,14,6,49,3,8,8,12,36,0,6,2,0,0,7,2,6,7,5,0,7,0,8,0,13,7,0,8,3,0,8,10,4,6,16,8,4,4,0,8,2,7,11,0,10,7,8,4,0,13,0,5,0,0,1,0,0,1,0,9,0,9,6,7,0,0,8,0,0,0,6,16,0,0,5,6,0,2,3,0,4,4,1,2,2,0,6,14,3,6,0,0,6,12,4,9,6,3,0,4,8,5,3,3,2,0,7,0,0,8,13,0,0,0,1,0,2,2,4,9,2,19,5,6,6,9,10,9,3,4,4,3,0,2,0,0,11,13,13,8,2,4,7,23,6,6,10,1,7,0,3,14,7,9,0,3
Dync1i2,0,0,0,14,22,1,0,13,11,2,22,12,2,3,2,11,0,3,0,0,5,17,13,0,0,0,31,22,0,0,6,10,12,0,8,15,1,21,5,6,0,0,0,0,5,21,0,0,0,0,11,15,0,27,18,20,3,0,10,0,0,10,0,0,17,0,0,8,11,34,0,40,0,5,6,23,16,0,0,1,0,6,17,9,9,11,10,0,12,14,7,1,7,5,5,19,6,18,21,12,13,11,22,6,0,0,0,19,17,23,5,0,9,0,23,3,0,10,8,0,0,4,0,0,0,0,10,0,0,20,0,8,0,0,0,4,0,2,15,0,2,0,3,3,1,10,3,7,4,0,0,0,5,3,16,3,0,0,2,4,13,14,0,9,2,0,0,5,5,21,8,5,6,0,0,0,0,0,9,0,5,4,8,12,9,10,0,2,11,14,0,15,0,15,4,14,0,4,6,0,0,4,4,8,13,16,4,0,9,0,0,6,4,12,0,8,0,0,0,19,13,0,0,0
Ola1,0,0,0,0,0,0,0,0,0,0,5,0,0,0,0,0,0,0,0,0,4,0,4,6,0,0,7,7,4,0,5,0,0,0,0,0,0,10,0,0,5,5,0,0,0,9,0,0,0,0,4,3,0,11,11,0,9,0,1,0,0,0,3,0,0,0,1,0,0,0,0,0,0,0,0,0,4,0,0,0,0,0,3,3,4,0,4,0,0,0,1,0,0,0,0,0,7,0,1,3,3,1,4,4,1,4,0,2,2,0,0,0,3,4,4,1,0,2,0,0,0,0,0,0,0,0,1,6,0,0,0,0,0,0,0,3,2,0,6,0,0,0,5,0,0,7,0,0,5,0,0,0,0,0,0,0,0,0,0,0,0,3,0,0,2,0,0,0,7,5,0,0,2,3,0,0,0,0,0,0,0,0,0,1,0,0,0,0,8,0,0,0,0,0,0,3,4,0,2,0,1,0,0,0,6,3,2,0,1,0,0,0,1,0,3,6,0,0,6,0,0,0,1,0
Tfpi,2,6,14,2,7,19,0,7,10,30,0,2,0,3,15,7,0,2,0,0,9,3,11,1,0,0,15,8,10,6,5,4,3,0,0,5,1,11,13,11,10,21,0,2,0,5,7,0,11,5,0,4,14,5,10,4,0,0,9,3,2,3,0,5,33,0,0,0,7,0,4,28,8,6,8,0,9,1,9,4,0,4,14,0,11,6,0,0,4,4,9,3,6,10,2,4,0,4,0,2,9,6,6,3,16,0,2,10,7,22,0,0,8,10,5,6,0,0,8,4,4,0,3,7,0,3,13,2,6,12,1,0,0,5,1,1,6,3,0,0,3,0,0,3,4,0,6,10,2,2,9,0,0,2,7,7,13,6,0,0,5,2,7,9,3,10,4,9,15,7,6,1,4,1,16,3,0,6,2,0,0,5,3,3,10,3,1,3,1,8,6,6,1,0,2,13,2,5,14,6,0,7,4,0,7,8,6,1,0,3,0,7,0,12,7,4,2,0,0,5,0,4,4,0
Ctnnd1,0,0,0,7,0,0,0,3,0,8,0,0,0,0,0,0,0,0,0,0,0,1,10,3,7,0,9,6,1,0,0,0,0,0,0,0,0,0,12,0,0,0,0,0,0,10,0,0,0,0,0,0,4,0,15,0,0,0,6,0,1,0,0,0,7,0,0,0,2,0,7,6,18,10,6,0,0,0,0,0,0,0,0,6,0,0,0,0,1,5,0,2,0,0,7,5,0,2,4,4,5,5,8,2,2,0,0,6,7,2,2,0,0,0,7,0,0,0,2,0,0,0,0,0,0,0,0,5,0,5,0,0,0,0,0,0,0,0,2,0,0,0,3,7,4,0,4,0,0,6,0,0,0,0,0,2,6,3,1,5,5,0,3,0,0,0,0,0,0,0,2,0,0,0,3,11,0,0,0,0,0,4,0,8,0,0,3,0,2,4,0,0,2,13,1,4,0,0,0,0,0,0,10,0,3,0,0,2,3,0,0,0,0,1,4,3,0,0,1,1,0,2,0,0
Mtch2,0,0,15,0,4,63,0,19,0,17,0,21,13,0,0,13,0,0,0,0,6,0,0,0,0,12,74,15,0,0,0,0,0,0,0,0,0,44,52,0,30,13,0,0,6,0,15,0,38,11,14,0,3,70,31,0,19,26,0,0,0,0,0,0,0,0,0,0,0,0,0,74,31,0,65,0,16,0,0,0,0,0,0,0,7,0,15,0,13,0,6,0,8,37,0,7,0,0,0,0,11,25,0,12,0,12,10,25,7,6,21,4,20,13,33,0,0,0,22,0,0,5,0,15,0,19,0,0,9,2,4,20,0,0,0,4,0,0,0,5,0,0,30,15,0,23,0,0,10,16,14,0,0,8,28,14,7,0,1,0,3,0,0,11,0,0,0,0,0,0,0,0,8,2,16,0,0,0,0,0,0,6,0,0,6,29,4,0,14,0,0,0,6,17,0,19,2,28,0,0,0,21,0,0,13,0,0,11,6,14,0,19,0,0,7,18,0,0,5,35,0,0,0,0
Ext2,12,7,2,6,6,7,7,13,6,12,8,6,11,8,15,17,0,2,8,0,6,2,14,7,0,5,9,6,10,2,10,13,6,0,5,9,2,16,12,5,5,8,1,6,7,10,0,0,12,6,5,27,1,23,11,6,11,0,13,2,6,3,3,4,7,0,1,5,5,19,8,31,21,11,0,1,8,8,0,10,2,1,4,0,6,8,11,0,1,7,15,8,9,10,0,10,0,4,12,8,4,8,9,16,10,12,1,7,2,1,7,1,13,8,10,9,0,11,8,4,0,3,4,7,2,8,2,5,8,10,5,4,1,0,0,1,0,0,5,2,3,1,6,6,0,7,5,0,3,6,1,0,0,0,6,11,5,0,5,5,8,3,9,8,7,3,2,7,6,14,2,8,9,4,8,2,1,5,9,1,0,1,1,4,8,8,1,4,7,8,4,6,3,5,6,8,2,9,6,1,4,5,8,1,11,4,3,4,1,3,6,8,4,5,7,8,0,1,14,17,3,0,4,7
Caprin1,0,4,0,10,0,41,25,24,11,34,17,10,3,8,2,11,2,0,0,0,11,19,0,4,0,17,34,9,10,0,6,3,17,10,10,2,17,13,29,14,11,19,3,0,12,43,4,0,16,0,3,28,0,21,6,11,13,2,2,0,0,20,1,0,6,0,1,6,6,52,15,33,2,0,9,27,27,18,7,0,7,0,14,1,7,19,18,2,7,3,5,6,6,10,0,24,6,13,18,6,21,20,3,9,4,9,11,10,1,1,6,0,10,14,2,9,0,1,6,10,0,1,10,0,0,2,12,22,11,5,4,10,3,0,0,0,0,10,16,15,0,0,1,11,0,14,14,0,6,13,5,0,4,1,21,3,11,13,9,4,8,3,17,2,9,21,12,2,12,5,0,11,10,0,3,0,0,3,6,6,3,0,6,13,10,19,2,11,13,6,0,7,5,10,0,3,1,1,11,7,0,2,6,4,15,16,3,9,2,7,8,6,11,3,6,2,0,1,11,12,8,0,6,4
Rcn1,28,17,14,9,10,35,32,11,6,34,21,3,11,4,38,14,1,5,4,1,4,11,22,29,4,29,39,25,25,26,18,26,26,10,13,8,0,25,15,18,20,13,2,10,3,33,9,0,21,9,5,19,4,48,13,14,36,9,10,4,4,19,1,5,41,5,0,29,7,40,11,69,41,3,5,22,35,5,0,6,7,1,15,14,18,4,23,0,3,8,21,14,15,16,9,28,9,17,19,14,17,14,3,11,10,9,7,33,17,11,18,0,21,17,15,9,0,9,24,12,0,4,6,19,5,8,9,3,6,8,3,18,1,7,9,3,4,11,10,9,5,12,13,24,4,13,21,1,8,20,9,6,7,6,20,11,19,5,12,17,0,6,7,4,13,27,3,8,18,16,2,10,18,3,14,7,4,18,14,13,1,5,11,7,29,9,0,19,15,13,1,10,5,6,8,24,9,10,11,9,9,17,8,1,18,26,23,12,2,7,6,20,5,2,23,25,1,0,17,33,26,1,3,5
Bdnf,0,0,7,3,0,9,9,8,8,0,0,7,0,0,5,3,0,0,6,0,5,2,21,5,0,0,6,0,3,0,0,10,2,0,27,3,0,0,3,0,0,4,0,0,0,3,0,0,2,1,3,9,0,1,18,0,5,1,0,0,3,0,0,0,0,0,0,2,0,23,0,6,5,1,0,0,6,0,0,0,0,0,3,0,5,5,0,0,0,0,0,0,0,1,0,5,0,2,0,16,7,0,15,10,3,7,0,3,3,3,0,0,5,2,5,5,0,5,4,0,0,0,0,0,0,0,7,0,6,11,0,1,0,2,0,1,7,0,5,3,0,0,1,0,0,7,0,0,7,5,5,0,1,0,14,1,6,9,0,9,6,9,3,6,0,9,0,3,2,8,0,0,9,0,0,0,0,5,3,0,0,0,5,0,0,0,0,0,0,3,2,5,4,8,6,11,0,3,8,1,0,5,0,0,1,11,0,0,0,4,5,3,2,12,12,2,0,0,3,8,1,0,10,0
Thbs1,0,61,50,136,43,271,56,99,142,101,124,64,110,63,167,45,45,6,17,8,191,78,190,59,25,38,275,155,37,69,58,115,160,5,224,94,101,90,157,50,246,78,20,49,193,220,56,0,89,15,94,71,109,134,271,137,33,86,82,0,127,31,30,0,29,0,0,53,34,46,37,298,250,212,112,47,121,8,93,21,31,19,53,67,60,162,135,43,0,181,40,27,118,59,104,194,30,124,36,19,176,37,112,49,78,25,40,209,117,129,62,45,62,39,86,105,0,42,59,60,34,5,59,122,64,17,152,121,156,179,84,16,140,104,132,0,24,68,200,9,50,0,54,9,55,24,122,130,157,53,86,0,15,34,89,49,82,55,60,23,74,97,21,19,39,303,37,31,132,92,134,30,90,28,8,69,0,100,29,34,39,3,80,69,130,5,57,145,12,207,3,72,68,139,88,41,90,48,164,44,132,64,178,83,60,178,48,12,116,15,64,86,56,105,9,72,6,4,10,146,84,309,218,8
Pdia3,44,37,29,12,10,94,66,55,15,41,38,16,19,27,69,39,2,10,18,0,44,31,43,25,5,22,64,47,41,38,41,24,31,9,31,47,2,48,91,38,59,44,18,1,10,67,45,0,51,1,21,37,21,56,41,52,36,28,55,4,48,35,2,0,51,0,2,56,42,42,28,72,39,20,8,20,45,7,6,13,5,2,57,17,31,48,46,1,8,15,38,19,29,32,2,33,6,20,39,42,24,40,36,24,11,25,0,44,40,33,15,3,26,55,70,29,1,24,30,17,8,1,13,10,0,3,13,9,3,32,5,27,4,2,0,13,1,25,32,10,0,0,45,59,0,47,21,3,11,26,11,6,3,4,63,36,32,26,46,34,28,21,26,36,43,25,3,30,44,33,7,29,16,2,39,5,1,35,39,1,12,10,23,6,27,17,4,23,24,36,16,30,8,31,40,41,10,23,56,14,22,23,40,11,44,44,23,26,6,9,12,43,15,15,33,30,6,1,48,65,55,11,13,23
Fbn1,8,34,34,13,30,34,56,111,36,18,66,19,26,12,39,17,6,6,24,9,17,23,25,30,4,56,29,45,62,32,63,12,24,0,15,50,12,30,44,15,27,6,5,27,27,21,36,0,73,8,33,20,8,68,34,28,18,6,44,23,51,20,0,0,101,0,1,139,19,50,49,102,76,16,65,14,13,12,17,30,2,5,66,29,19,19,24,5,11,23,66,49,30,51,3,103,13,35,77,78,71,57,14,37,24,66,0,19,19,53,14,0,46,25,50,50,5,77,14,18,13,9,4,36,2,4,11,13,6,25,10,31,4,4,11,5,0,19,34,19,4,0,26,72,8,52,39,7,12,25,25,3,1,6,44,63,25,11,48,14,23,41,21,30,41,47,0,46,37,6,15,30,35,0,34,3,6,14,43,6,9,3,29,3,35,27,0,16,25,48,5,20,11,15,26,22,5,39,26,6,10,11,33,17,57,45,13,51,0,10,12,16,14,20,65,30,10,0,44,54,56,43,16,24
Mrps26,0,2,0,4,0,5,0,5,0,2,1,3,0,5,12,0,0,1,6,0,0,0,0,0,0,0,10,7,4,2,0,8,0,0,0,0,0,2,8,0,0,0,2,0,0,0,0,0,12,0,3,4,0,11,6,0,1,0,0,0,0,0,0,0,0,0,5,11,0,11,0,14,9,0,0,1,2,0,0,0,0,0,2,1,5,6,2,0,0,3,3,0,7,4,1,0,0,6,10,0,3,1,0,3,0,1,1,5,7,1,6,0,7,6,0,2,0,7,2,1,0,5,0,0,0,0,7,0,0,0,0,4,0,0,0,0,1,4,3,5,0,0,7,4,1,3,0,3,3,0,0,0,0,1,6,4,0,0,0,5,4,1,5,0,2,0,0,8,0,7,4,0,0,0,0,0,0,9,0,0,0,0,1,0,0,0,0,0,0,0,0,6,0,2,14,5,0,0,1,6,0,4,3,0,0,7,10,0,0,0,5,6,0,0,5,11,0,0,2,3,0,0,0,4
Naa20,11,10,5,8,7,20,16,4,11,7,11,8,1,0,1,10,0,4,0,0,1,1,14,2,6,0,9,2,4,14,7,7,8,0,10,0,0,25,13,2,9,3,6,3,1,13,4,0,5,6,8,11,6,2,6,23,11,5,4,1,2,7,8,6,0,0,0,2,1,6,0,6,9,2,7,12,27,4,1,4,5,0,1,5,9,2,3,2,0,2,6,6,5,9,0,4,4,4,7,5,4,3,0,6,7,2,0,11,9,9,6,3,6,25,12,4,1,3,7,3,0,10,2,0,2,4,8,5,1,2,3,9,6,3,1,5,11,14,4,2,0,0,2,10,0,0,10,1,1,3,8,0,3,5,11,4,4,4,3,14,0,1,11,5,4,1,1,2,4,3,5,6,4,1,6,3,0,7,9,1,0,0,7,6,3,6,6,2,4,4,1,11,3,4,6,8,1,14,2,2,2,5,9,0,3,8,6,7,6,5,8,12,4,2,8,13,0,0,8,0,6,0,3,0
Foxs1,0,0,0,9,0,9,10,0,0,0,0,0,0,1,0,0,0,0,0,0,0,1,0,0,0,0,0,0,0,0,4,0,0,0,0,0,0,6,5,0,11,0,0,0,0,0,10,0,0,0,0,0,0,0,0,0,0,18,21,14,0,0,7,0,0,0,0,0,0,0,0,0,0,0,0,0,0,0,0,0,0,0,0,0,0,14,16,4,0,0,0,0,0,0,0,0,17,6,0,0,20,0,0,0,0,0,8,0,6,0,0,0,1,0,0,13,0,0,0,0,0,0,0,0,0,0,0,0,0,0,0,1,0,0,0,0,0,0,6,0,0,0,7,0,0,0,0,0,0,1,0,0,0,0,0,18,0,10,0,0,0,0,0,0,0,0,0,0,1,1,3,0,0,0,2,0,0,0,0,0,0,0,0,11,0,0,0,0,0,0,0,2,0,4,0,0,4,0,0,0,0,0,10,0,0,0,0,0,0,0,0,0,0,0,10,0,0,0,0,12,1,9,9,0
Tm9sf4,2,4,0,4,2,3,0,14,0,8,1,4,6,3,9,5,1,2,3,0,4,0,4,2,1,10,5,8,5,0,6,3,13,1,1,10,0,4,14,3,5,0,0,4,0,8,7,0,4,1,6,2,0,2,11,6,2,6,17,1,6,6,0,0,13,0,0,13,5,3,5,12,2,5,4,0,9,0,4,4,0,0,3,4,3,2,4,1,2,6,8,4,6,2,0,6,3,5,7,8,7,2,2,1,6,9,0,4,3,11,4,0,8,2,11,4,0,2,8,2,1,0,0,0,0,1,3,4,1,7,1,4,2,0,0,1,1,0,5,2,0,0,3,4,8,7,1,4,1,6,0,0,2,2,5,2,11,3,2,4,4,4,4,1,5,2,2,3,9,1,6,4,3,0,4,0,0,1,1,0,0,1,3,3,1,1,2,3,4,4,2,5,3,7,4,3,3,4,6,3,0,2,2,1,4,5,3,2,2,3,3,5,7,4,3,3,2,1,6,7,7,0,1,2
Mapre1,5,17,12,13,11,42,14,9,14,9,15,3,16,5,20,7,6,1,0,3,13,23,13,0,0,21,28,7,19,10,11,14,15,6,16,37,8,17,38,16,29,1,2,1,4,37,13,0,18,4,5,6,5,36,12,5,3,10,20,0,15,11,0,6,10,2,0,16,7,6,4,31,18,23,10,21,16,11,2,5,0,0,10,5,13,13,13,2,8,2,7,10,9,17,7,10,5,2,20,10,15,5,15,10,3,11,4,7,13,19,7,1,11,14,4,10,0,21,22,6,0,0,11,2,0,1,9,4,1,3,8,4,0,5,4,11,4,9,10,10,2,0,6,12,4,21,6,5,7,3,14,7,9,1,21,13,14,8,6,8,11,9,8,13,15,4,2,3,14,8,5,12,11,2,13,9,1,13,17,0,2,1,7,7,10,12,2,24,7,25,5,14,1,12,8,5,4,9,10,11,10,8,7,4,11,3,16,8,5,8,11,10,8,15,13,23,0,0,1,29,16,5,14,9
Src,0,0,0,0,0,0,2,0,7,0,6,1,2,9,4,0,0,2,0,0,0,1,8,3,0,0,0,0,4,3,0,7,0,0,0,0,2,3,10,0,0,0,0,2,0,0,0,0,0,0,4,0,7,0,0,13,0,0,0,0,0,0,0,0,0,0,0,0,0,0,0,9,0,0,0,2,0,1,0,2,0,0,0,3,1,7,8,0,0,6,1,0,4,4,2,4,0,1,7,0,2,2,0,0,3,0,0,0,0,0,0,0,9,0,4,0,0,0,8,0,0,0,4,3,0,0,0,0,0,0,0,0,9,0,0,0,0,0,0,0,0,0,0,0,0,4,1,0,6,3,0,2,0,1,0,0,3,4,0,0,0,0,3,1,0,5,0,0,4,2,2,4,0,0,0,0,1,0,4,0,0,0,0,0,0,1,0,0,0,0,0,0,0,1,0,8,0,10,0,1,0,0,4,1,1,2,0,0,0,3,0,3,0,0,0,5,1,0,0,6,0,0,0,3
Ctsa,6,11,5,16,16,32,22,44,6,57,24,9,8,13,24,17,1,6,8,0,32,6,33,8,20,10,22,31,13,13,30,22,25,2,10,24,10,27,25,30,24,19,22,11,22,31,12,0,13,9,5,18,9,69,34,39,19,2,10,8,13,5,1,5,28,0,2,18,14,85,18,37,22,24,44,2,20,1,6,26,1,1,19,12,14,19,31,1,15,14,22,20,19,16,0,35,3,9,17,34,13,29,20,9,12,33,2,23,17,21,23,0,22,23,25,12,5,3,26,12,12,2,3,14,0,0,7,14,4,16,2,9,1,0,9,0,2,13,13,10,0,2,16,28,8,29,14,11,6,12,11,11,9,3,31,9,15,7,15,6,15,16,13,10,21,11,13,21,23,10,6,5,7,1,12,3,5,14,21,0,5,3,10,9,20,10,0,19,14,31,7,8,7,24,15,7,2,17,20,8,14,15,18,14,16,14,19,14,8,10,5,23,6,8,22,8,0,0,9,51,20,9,9,5
1500012F01Rik,0,0,0,5,2,3,0,3,0,7,5,11,0,0,0,0,0,0,6,0,7,5,4,0,0,2,5,0,0,2,1,2,4,0,0,6,0,0,4,1,8,0,6,0,1,1,6,0,0,0,6,6,2,3,0,0,1,0,0,1,0,0,0,0,6,2,1,0,0,11,0,7,7,3,0,0,9,3,1,0,0,0,6,4,1,7,3,1,0,5,4,5,2,0,6,5,5,4,3,9,6,0,6,4,6,0,0,6,1,4,1,0,2,0,2,3,0,0,3,6,0,0,0,0,0,1,8,2,0,2,4,5,0,0,0,1,0,1,6,0,0,2,3,3,2,4,5,0,0,1,0,0,1,0,0,3,0,0,4,7,4,0,0,0,2,0,0,5,1,4,0,2,0,2,2,0,0,1,0,2,0,0,2,5,5,0,0,5,0,0,2,0,0,2,0,0,0,1,0,2,2,0,0,0,2,4,0,2,0,0,3,1,1,1,0,5,2,0,0,5,1,4,2,0
Pfdn4,0,3,2,2,5,11,0,2,0,2,5,6,8,3,4,2,4,0,11,4,0,2,0,12,1,2,5,9,7,1,6,1,6,0,4,11,4,5,6,5,6,0,6,1,2,7,17,0,3,0,2,0,4,13,13,18,2,1,7,0,4,11,0,0,2,0,0,3,6,12,2,21,2,3,6,14,5,3,2,1,0,0,1,6,12,5,6,4,0,3,5,5,5,6,3,3,10,4,1,6,7,1,0,5,0,3,5,6,3,3,15,0,7,10,8,6,0,5,11,2,0,6,3,1,0,3,0,4,1,3,2,4,1,3,1,2,4,0,7,2,3,0,3,1,2,3,3,3,4,10,0,3,1,3,8,6,8,3,1,4,8,4,8,3,5,1,0,0,6,9,5,0,6,2,0,4,0,2,6,0,2,3,6,11,6,4,0,10,0,1,3,6,4,4,5,2,1,5,6,4,2,2,6,1,7,3,8,5,1,2,3,4,4,7,5,3,1,0,2,11,3,1,5,1
Prpf6,0,4,0,0,0,8,0,0,4,16,0,0,0,0,0,0,0,0,6,0,0,0,0,0,0,0,6,6,4,0,8,0,0,0,0,0,0,0,0,6,5,8,0,0,0,27,8,0,0,0,10,0,0,6,2,0,11,8,0,0,9,0,0,0,18,0,0,8,0,13,7,9,8,0,0,9,8,0,0,3,0,0,10,6,13,0,6,0,0,0,3,0,0,3,0,4,4,0,8,11,4,0,13,0,0,4,0,2,5,18,3,0,0,6,0,9,0,0,0,0,0,0,0,0,0,0,2,0,0,0,0,0,0,0,0,10,0,0,0,9,0,0,6,3,0,12,0,0,0,4,0,0,0,0,0,9,0,4,7,3,12,0,4,0,5,0,0,0,1,0,2,0,12,0,0,1,0,6,0,1,0,0,1,0,7,7,0,5,3,4,0,5,0,0,12,0,0,0,2,1,0,0,0,0,0,2,0,5,0,6,5,0,0,2,12,0,0,0,0,7,6,0,0,0
Polr3k,0,22,6,6,6,42,14,18,1,6,15,4,6,1,9,21,0,7,7,3,4,11,11,5,0,0,18,14,0,3,3,1,9,3,0,16,0,4,20,11,0,9,9,2,8,14,4,0,8,7,3,4,0,13,15,7,2,11,20,4,12,18,3,3,7,0,5,11,5,9,2,29,14,13,7,19,15,3,6,8,3,0,5,1,0,2,11,2,4,12,2,0,10,4,4,1,0,0,8,11,10,6,4,1,7,2,1,9,7,13,10,0,4,7,6,6,3,9,6,0,3,9,5,5,1,1,8,23,5,9,6,5,0,1,2,0,3,1,5,3,0,0,7,10,0,10,8,0,4,9,5,0,0,0,5,2,6,6,3,9,8,2,6,11,7,8,3,4,6,3,1,0,1,4,3,0,2,6,5,0,4,3,3,9,5,2,0,7,0,5,1,5,0,4,5,7,1,6,6,8,0,0,3,6,7,14,17,4,0,0,0,6,8,6,7,10,0,0,6,5,0,11,3,1
Ndufb5,0,0,0,0,0,0,0,0,15,15,0,0,0,2,8,0,11,0,0,0,0,0,7,0,0,0,30,17,25,0,0,0,0,0,0,0,0,0,0,0,0,0,0,0,0,0,0,0,4,0,5,0,0,0,28,0,0,0,0,0,0,0,0,0,0,0,0,0,0,0,0,0,15,0,0,0,0,0,0,8,0,0,11,0,0,0,0,0,0,0,0,0,0,0,0,6,0,2,0,0,4,10,0,0,0,4,0,10,11,0,0,0,0,0,13,18,0,0,20,0,0,0,0,11,0,0,0,0,0,0,0,9,0,0,0,0,0,7,0,0,0,0,17,0,0,0,0,0,0,0,0,0,0,0,0,0,0,6,0,6,6,5,10,4,0,0,0,0,0,0,0,0,0,0,7,0,0,0,20,0,0,0,0,0,12,0,0,8,0,0,0,0,0,0,0,0,0,0,14,0,0,0,0,9,0,0,0,0,0,0,0,0,0,0,7,11,0,0,0,0,0,0,3,0
Dnajc19,5,9,20,10,2,12,13,3,5,10,21,16,5,5,9,10,0,1,3,2,4,4,12,3,6,1,16,5,10,8,4,3,8,0,3,8,4,15,3,6,1,5,3,5,1,11,12,7,16,5,0,6,0,6,9,2,2,4,9,10,0,7,0,2,4,3,0,5,0,4,4,31,0,0,7,18,18,9,4,5,0,0,13,4,6,8,13,2,2,9,8,3,4,5,9,3,1,4,13,0,1,1,4,7,11,10,2,10,1,9,10,2,8,7,8,9,2,6,4,5,0,2,2,6,3,9,6,9,6,3,3,6,1,9,1,0,5,8,5,0,0,4,16,15,0,6,0,2,10,6,0,1,4,7,6,2,3,10,3,10,5,9,10,6,9,11,0,2,12,8,25,6,8,2,2,0,4,10,10,2,0,11,2,3,5,8,2,11,6,9,2,8,5,5,23,7,7,5,8,2,2,6,5,4,11,10,19,2,3,9,0,5,3,3,1,11,0,0,10,10,5,0,4,2
Anxa5,14,40,25,18,31,30,44,26,15,24,45,2,18,5,12,19,0,8,31,3,17,16,42,22,17,28,62,25,16,17,26,32,13,88,24,36,8,48,28,6,67,34,17,1,12,65,23,38,17,13,14,47,18,52,34,20,35,8,17,10,33,16,1,5,38,1,14,18,11,38,20,80,44,17,35,23,52,3,4,15,1,0,24,20,17,28,38,1,14,8,14,14,32,27,7,33,7,16,20,28,15,15,12,9,22,17,4,30,26,35,38,10,38,40,42,23,1,17,14,10,4,4,23,5,0,1,17,6,8,22,2,13,10,3,5,0,3,17,17,19,2,2,43,20,26,21,15,18,13,16,14,1,4,10,42,23,21,21,14,15,18,14,15,25,10,17,14,6,23,11,13,17,9,1,12,3,4,40,19,6,7,8,15,11,29,11,3,24,19,30,7,12,3,18,30,33,18,14,28,9,16,20,25,4,26,19,47,13,11,8,10,35,12,29,23,31,5,4,44,44,29,3,10,15
Apoa1bp,6,2,2,5,7,3,9,15,7,5,4,4,2,3,0,1,0,0,11,2,11,10,21,18,0,9,24,13,5,1,9,7,12,0,9,3,0,10,18,8,6,0,0,7,0,13,2,14,5,7,0,0,0,12,9,16,6,1,14,0,17,1,1,7,9,6,1,9,9,7,6,17,0,9,17,3,3,9,0,13,0,0,20,3,12,2,9,0,9,4,9,4,13,11,16,15,0,9,10,5,7,0,6,2,5,18,2,14,6,6,12,2,10,2,3,16,0,0,9,8,6,4,0,9,0,0,8,5,0,9,0,4,5,4,0,4,0,8,2,6,0,4,0,4,6,9,3,2,8,3,3,8,5,1,19,9,5,0,0,2,10,1,4,3,1,4,5,8,4,1,8,5,5,0,4,2,0,1,2,0,6,0,7,0,9,5,0,6,0,5,5,8,0,7,1,4,2,3,2,1,3,5,3,0,12,12,2,6,3,0,11,11,11,8,8,7,7,1,2,4,3,13,4,6
0610031J06Rik,17,15,9,14,26,27,23,32,12,31,46,20,9,15,28,22,4,4,13,2,26,9,22,25,10,10,23,15,18,15,17,10,24,12,8,16,14,11,23,20,36,1,20,6,5,21,10,32,22,3,2,12,6,58,36,20,8,18,21,3,26,17,0,3,30,10,7,15,12,45,6,19,30,33,17,14,24,22,10,17,8,5,40,6,10,11,19,5,19,27,31,13,15,15,7,28,4,16,34,22,14,13,27,14,14,18,10,15,31,25,8,6,15,31,21,12,0,10,31,12,6,10,7,7,0,3,9,7,10,10,4,9,8,0,0,13,12,17,6,20,0,1,29,17,2,17,18,10,2,10,5,7,3,9,21,13,8,15,8,6,21,22,12,10,24,7,10,19,23,12,17,14,14,5,14,7,8,17,15,16,12,9,10,12,15,8,6,9,7,31,13,18,16,19,11,9,8,16,25,15,4,15,14,13,17,11,17,11,15,10,5,21,8,8,24,22,12,8,14,27,16,22,2,12
Lamtor2,11,7,15,7,23,34,24,29,3,19,12,8,19,11,18,30,2,5,8,0,14,7,33,2,0,8,23,8,14,17,13,21,16,28,24,10,0,26,26,25,34,14,2,12,7,40,26,18,32,0,16,35,4,31,45,10,13,9,10,1,24,24,5,1,20,10,14,19,8,28,29,23,27,4,0,10,27,7,12,10,0,0,18,5,15,13,19,6,1,6,15,5,23,10,3,27,0,5,17,14,8,11,16,3,7,14,0,21,38,14,7,0,24,16,21,6,0,5,10,3,1,0,4,0,5,0,8,6,0,15,0,9,0,5,4,6,3,0,12,10,0,0,9,8,0,26,3,0,9,9,6,0,0,2,19,15,14,6,6,7,14,12,7,14,14,8,1,20,20,12,4,4,13,0,13,4,5,8,4,1,3,6,8,5,11,10,4,14,7,16,8,14,0,12,16,13,14,12,25,6,4,17,6,0,14,21,5,9,3,3,11,10,2,12,17,6,0,0,38,9,17,0,3,2
Dap3,2,18,10,5,10,30,8,1,0,3,7,20,0,0,0,4,0,4,0,0,0,1,1,0,0,0,19,0,3,16,4,9,1,7,5,8,0,7,26,4,12,14,0,0,0,11,0,2,7,0,17,9,0,8,19,0,13,8,24,0,2,8,0,0,5,3,5,13,0,3,18,18,13,5,0,10,2,0,0,8,0,0,27,0,8,0,16,0,1,12,20,0,18,16,0,7,2,1,4,1,3,8,7,9,0,15,0,0,10,4,5,0,6,15,24,10,0,5,10,0,0,0,8,7,0,0,12,6,0,6,0,0,0,0,2,4,0,3,3,4,0,0,7,11,0,10,1,0,0,11,3,0,1,0,5,10,1,10,2,3,8,3,7,2,8,4,0,0,1,6,2,6,8,0,0,2,0,2,0,0,0,0,8,0,2,4,1,6,3,6,0,9,0,6,4,9,3,3,0,5,8,10,8,0,20,9,15,6,3,0,10,3,0,4,0,15,0,0,7,4,0,0,0,0
S100a13,12,0,3,5,8,15,8,0,0,0,5,1,0,0,8,0,0,0,0,0,2,4,3,8,4,2,11,8,5,0,2,0,0,2,6,0,0,4,6,1,6,6,2,0,4,9,11,9,3,3,0,6,3,11,3,0,5,1,0,0,0,1,0,0,14,2,8,11,8,0,2,6,18,0,2,0,0,4,5,0,0,0,8,7,2,3,6,1,2,1,5,11,6,4,0,5,4,9,0,2,15,0,9,5,8,3,0,1,6,1,6,1,6,5,7,2,2,3,7,4,5,0,1,5,4,5,7,4,2,6,0,2,2,4,3,4,1,4,4,7,0,2,5,7,1,8,1,6,3,1,3,1,0,1,1,3,2,2,2,3,3,3,2,4,14,2,4,8,3,6,1,1,1,4,7,0,0,6,5,1,3,1,3,2,0,5,0,3,2,6,3,10,3,4,1,0,0,4,5,0,2,1,1,3,7,4,9,3,6,2,4,0,1,1,6,2,0,1,5,8,3,0,2,1
Atp1a1,3,18,8,7,0,24,0,19,24,6,10,2,3,7,9,3,2,1,3,0,14,3,9,0,5,21,14,26,5,7,7,12,5,0,0,23,6,15,17,18,5,31,0,0,0,10,3,37,21,0,6,6,0,18,18,18,13,4,15,0,3,21,0,0,14,0,8,0,23,29,19,37,33,0,0,0,6,0,0,4,0,0,31,6,5,14,19,3,3,21,5,0,25,17,0,21,3,0,23,5,8,12,6,11,0,21,1,11,8,17,7,0,8,14,14,17,0,9,15,0,0,0,0,17,0,10,11,6,0,12,2,3,2,0,0,4,1,12,7,3,0,0,7,8,0,21,20,0,5,8,0,0,4,0,14,3,5,12,6,12,10,4,6,3,17,8,4,4,0,1,0,8,7,0,12,3,0,3,13,0,0,0,6,8,8,9,0,10,5,11,0,6,0,4,6,5,4,4,10,2,0,10,8,0,15,25,3,4,0,3,2,12,5,10,13,4,0,0,4,13,19,0,2,6
Rhoc,4,11,7,0,10,36,11,0,14,20,8,0,0,0,8,7,0,2,8,0,22,0,19,28,0,30,28,18,12,14,22,10,15,21,31,41,0,21,0,18,0,0,7,0,0,25,15,0,9,0,19,16,0,33,39,0,10,9,12,0,12,24,7,0,9,0,4,0,0,30,12,65,7,0,6,5,29,4,2,8,1,2,18,10,10,12,15,1,0,2,13,4,11,14,5,21,3,9,17,7,9,27,0,9,3,4,1,15,1,14,7,0,17,22,26,6,0,6,3,8,0,10,4,1,0,5,11,0,1,9,5,5,2,1,3,1,2,8,8,9,0,1,15,10,0,17,5,0,0,17,5,0,0,3,20,3,7,10,12,3,11,3,4,10,10,7,8,7,20,2,6,12,12,0,14,2,1,0,2,0,0,11,8,3,13,0,0,10,11,27,2,17,3,0,4,14,13,6,15,1,11,7,16,2,8,10,22,7,6,7,4,21,0,4,12,10,3,0,6,10,7,12,2,0
Sars,40,15,4,14,25,17,32,14,0,24,21,9,10,8,30,5,0,0,15,0,19,13,29,2,0,11,20,15,33,20,21,8,11,6,16,29,0,27,0,21,12,0,5,0,0,24,8,32,11,0,9,5,6,11,23,3,8,0,12,0,9,12,0,0,0,4,4,0,15,20,12,67,9,0,0,13,0,5,9,3,0,0,10,5,18,33,12,0,0,0,13,6,10,16,7,18,6,5,17,26,0,0,27,15,4,24,0,31,18,11,5,0,10,8,38,9,0,3,9,1,0,2,2,0,0,0,18,6,0,9,1,23,0,4,2,8,0,1,0,11,0,0,4,5,0,13,0,0,7,3,3,0,6,0,14,21,13,6,9,10,13,5,6,11,7,7,0,19,11,10,0,4,6,1,6,0,0,20,2,0,0,0,5,1,4,4,0,8,5,6,0,16,2,0,19,11,0,7,3,0,4,3,22,2,15,29,13,6,0,1,7,24,0,7,12,18,1,0,18,15,10,0,5,10
Srsf11,10,10,0,16,23,14,31,1,8,0,3,8,5,7,17,13,1,6,5,3,4,9,0,9,0,1,7,9,5,3,0,4,12,0,0,3,0,0,2,2,0,10,0,0,0,22,0,10,12,0,8,2,4,17,0,0,14,0,6,2,0,8,0,0,18,0,0,7,10,17,15,14,32,0,0,0,12,1,1,8,0,0,11,0,8,2,7,0,0,0,8,3,6,11,1,2,0,0,8,17,8,3,6,8,2,12,0,0,10,21,4,0,9,0,6,8,0,6,4,9,0,0,2,2,0,6,1,3,0,16,1,3,0,0,0,4,2,8,3,5,1,2,0,5,0,12,3,0,4,2,3,0,0,2,8,4,12,2,0,7,4,5,8,5,3,2,0,0,6,0,2,5,5,1,6,1,3,7,7,0,0,0,0,7,0,9,0,5,7,8,0,0,2,5,4,5,0,0,11,8,0,0,3,7,8,12,3,4,1,1,5,3,5,0,5,14,2,0,2,7,11,6,0,0
Tpm2,0,97,67,0,112,129,0,0,0,0,139,10,0,39,86,31,0,11,0,0,3,25,122,0,0,55,48,45,23,0,0,0,69,46,0,0,0,16,0,78,73,91,0,0,0,177,0,52,85,0,89,59,0,51,5,0,0,0,0,0,0,78,0,0,72,0,0,50,0,0,0,36,92,0,0,62,0,0,0,85,0,0,119,51,19,17,140,0,0,0,54,53,157,0,0,58,79,0,0,38,0,0,0,0,0,0,0,0,94,73,0,0,136,63,147,99,0,0,186,0,0,0,0,0,0,0,0,0,0,160,0,0,0,0,0,0,0,32,109,0,0,0,0,17,0,0,99,38,0,82,0,0,0,8,44,0,0,91,0,110,0,24,68,0,102,0,0,0,0,112,30,30,93,0,0,0,0,0,0,0,0,0,15,0,0,0,0,0,0,186,21,151,61,0,0,36,0,78,0,0,56,81,28,0,118,31,97,35,42,46,0,38,30,144,51,145,0,0,88,123,146,109,91,42
Tln1,21,20,7,33,14,50,33,11,17,24,17,8,15,6,24,7,1,1,13,2,10,16,8,10,1,20,10,4,33,8,14,20,12,11,8,3,18,19,19,17,18,11,0,0,0,23,17,25,12,2,22,12,9,27,24,25,7,10,12,0,9,16,5,0,28,0,3,13,13,23,8,18,27,9,37,7,11,4,0,10,2,5,29,7,10,21,17,0,1,7,7,10,32,19,2,14,14,5,14,10,13,18,5,11,6,13,2,18,32,22,12,1,13,14,15,17,1,7,10,4,1,0,5,14,0,0,17,4,0,10,0,9,1,0,0,1,7,15,21,11,1,2,14,5,0,9,13,0,7,9,7,6,2,0,22,16,18,17,8,9,5,6,2,11,15,6,4,4,19,25,4,8,12,1,6,8,0,14,11,3,3,6,6,16,8,3,0,19,8,21,3,21,7,13,11,10,10,12,15,4,12,27,14,7,11,19,18,4,3,0,14,15,3,6,7,23,1,2,8,22,17,10,3,4
Clta,18,7,13,20,8,7,1,9,0,4,13,2,10,11,12,11,0,6,8,4,1,3,2,14,1,1,46,12,7,10,12,25,4,9,12,10,7,34,28,9,5,16,0,0,5,21,13,12,17,13,2,16,2,19,25,16,14,24,14,2,6,6,0,6,14,7,17,5,1,6,7,46,28,8,7,32,6,8,0,8,3,0,7,6,18,10,26,0,5,14,11,11,17,8,4,10,6,5,20,16,5,16,17,12,10,10,3,15,20,20,4,0,16,14,17,10,7,9,16,6,9,0,2,5,0,2,8,1,2,15,3,8,7,0,4,2,3,11,4,13,0,5,16,5,2,22,2,5,8,14,10,5,2,4,14,12,15,5,6,7,11,6,9,8,16,2,6,10,12,11,2,11,16,0,15,3,8,10,6,7,6,1,10,5,16,7,4,3,7,14,2,14,4,12,7,23,0,12,17,12,6,15,7,0,22,20,5,3,6,8,8,11,3,3,8,16,5,6,8,20,19,10,8,10
Tnc,13,20,7,14,6,18,15,14,28,38,16,4,15,2,0,0,4,0,9,0,11,3,23,1,0,8,32,47,20,42,41,17,23,0,12,0,0,38,32,34,25,15,0,0,0,99,8,5,14,14,6,4,13,27,29,11,2,0,10,0,9,20,0,0,7,0,10,11,9,0,17,118,72,2,0,0,6,0,0,3,2,0,13,10,17,28,15,0,0,0,21,7,21,6,1,5,0,21,0,0,8,0,0,16,13,2,0,28,6,9,14,0,56,21,12,16,0,9,24,5,0,0,8,0,4,0,28,10,0,41,0,12,2,6,0,0,0,7,25,3,0,0,6,13,0,12,13,0,17,9,0,0,0,6,8,18,5,13,21,1,0,0,3,27,0,11,6,6,7,11,0,1,10,0,12,0,0,15,5,0,17,6,10,16,36,2,9,6,0,12,3,19,11,17,6,22,9,9,1,0,1,3,12,0,15,3,7,0,12,12,21,10,5,17,36,10,0,15,11,37,8,11,19,0
Jak1,0,0,13,12,17,14,29,27,12,8,16,0,9,2,22,7,0,4,20,0,5,15,16,13,0,6,9,25,20,2,3,0,28,0,5,9,0,39,10,15,6,20,0,14,6,29,17,14,4,2,11,18,0,15,16,37,22,7,2,13,16,10,0,0,12,5,8,48,4,42,21,16,34,2,29,0,17,3,26,9,0,0,11,8,4,12,13,3,0,23,25,9,11,7,0,25,6,5,13,16,30,21,5,40,18,6,4,6,15,12,5,0,6,0,25,21,0,14,10,11,1,0,12,11,0,12,0,1,0,12,9,4,4,11,0,0,0,2,12,0,1,0,7,18,0,12,4,0,4,7,11,7,9,3,9,10,3,1,10,0,9,1,7,5,10,23,5,9,4,6,7,3,19,0,5,0,0,1,14,6,6,5,14,0,6,14,0,8,20,9,6,13,2,10,3,0,6,7,18,6,8,10,2,0,12,4,6,5,0,6,10,9,7,10,6,26,9,9,15,8,15,0,6,0
Leprot,0,3,6,0,4,12,1,3,6,6,4,2,4,4,4,5,0,0,3,0,4,2,5,5,0,0,8,4,1,0,9,0,5,6,4,4,1,19,0,4,9,6,6,1,0,9,0,7,8,3,2,1,2,9,9,2,3,0,0,2,4,1,8,2,4,6,4,3,1,1,2,12,14,3,6,2,1,0,0,3,0,0,3,2,3,6,7,0,4,2,4,2,4,3,1,8,0,6,3,2,1,10,4,2,2,9,1,0,2,1,7,1,2,2,8,4,4,4,3,0,5,1,0,2,0,0,7,5,3,2,0,5,0,0,1,0,0,0,1,4,0,0,3,1,1,4,2,0,1,2,1,0,3,2,4,4,2,5,1,1,3,5,6,2,6,7,0,4,4,3,0,2,5,1,1,0,0,1,5,3,3,0,3,2,5,2,0,3,2,6,1,5,1,4,4,1,1,4,4,2,1,2,5,5,2,1,0,6,1,4,3,0,2,2,4,2,5,0,8,9,4,2,1,4
Scp2,4,0,0,14,3,0,0,12,0,0,0,0,15,4,25,8,0,0,0,0,0,13,0,0,0,0,0,0,15,0,2,9,0,0,0,0,0,0,0,0,0,0,0,0,0,41,0,24,11,0,0,0,0,33,14,0,0,0,0,0,22,0,0,0,21,0,0,18,0,0,10,0,0,4,12,19,0,1,0,0,0,0,21,0,16,12,0,0,0,12,17,0,0,0,0,0,0,0,0,14,3,0,0,0,0,16,0,17,0,0,0,0,0,0,23,11,0,7,0,0,0,0,0,0,0,0,14,0,0,18,0,4,0,0,0,0,0,0,20,0,0,0,0,9,0,24,0,0,9,22,10,0,0,0,9,11,15,0,6,0,3,0,0,12,18,5,0,0,0,8,0,0,10,0,0,0,0,8,7,0,0,0,0,0,13,0,0,0,8,12,0,0,0,0,0,0,0,0,12,7,14,6,17,0,0,0,0,18,0,0,12,0,0,0,0,0,0,0,0,10,0,0,3,0
Eif2b3,3,1,3,12,7,2,0,8,7,9,17,4,0,9,23,9,4,0,0,0,5,3,0,0,0,0,7,8,3,3,14,2,1,3,5,0,0,15,15,14,6,7,0,0,10,7,4,6,12,0,0,0,5,7,9,0,11,6,6,0,6,9,0,0,0,0,0,5,3,1,8,42,22,0,0,7,14,3,0,1,0,2,0,0,18,3,17,0,0,0,20,2,17,0,3,10,6,1,1,0,0,6,0,5,0,20,3,1,12,10,5,0,5,24,13,9,0,10,7,2,0,0,1,0,0,0,1,3,0,0,3,4,0,0,0,1,0,0,3,7,0,0,1,10,0,2,0,0,6,2,0,0,0,1,12,12,6,2,2,12,9,0,4,0,12,7,0,4,4,3,5,6,1,0,4,4,0,13,8,0,1,0,4,9,0,2,0,0,2,9,0,13,0,2,4,3,2,0,2,2,0,3,6,0,10,9,9,2,0,0,1,2,0,5,6,15,0,0,3,13,0,0,5,6
Elovl1,0,10,7,8,4,14,10,15,0,20,16,4,7,3,17,0,7,0,6,1,6,8,8,3,7,0,16,13,14,9,1,8,13,0,4,19,3,12,15,0,0,6,3,5,13,9,10,23,7,2,6,3,11,0,4,0,0,9,24,10,1,7,6,0,10,0,0,22,6,7,4,10,0,6,24,15,12,0,3,0,1,2,8,12,14,9,14,4,8,10,9,4,6,8,2,7,7,4,12,10,7,14,6,14,2,21,5,12,8,5,8,3,4,18,6,9,4,0,13,3,6,8,0,1,1,4,13,2,1,10,2,10,2,1,3,2,4,12,13,2,0,0,10,8,0,8,9,8,3,9,5,4,7,3,7,16,8,6,0,6,1,2,13,5,6,7,0,4,4,9,7,12,5,8,0,3,1,5,11,4,0,2,9,9,4,5,0,9,6,20,3,9,8,9,7,8,4,6,6,3,5,9,4,6,20,15,5,2,2,5,3,10,3,7,9,12,0,1,7,13,6,0,0,0
Cap1,9,9,9,12,8,59,15,16,17,12,7,4,5,8,16,6,1,4,10,0,5,4,26,10,1,19,42,18,16,9,10,8,8,19,5,16,5,16,16,16,38,6,0,0,0,18,5,9,24,4,11,10,13,10,29,29,8,4,19,4,11,14,0,2,21,0,3,18,6,6,11,36,25,8,12,12,18,4,1,7,0,0,13,5,12,12,25,2,0,14,15,14,23,20,6,5,5,13,9,5,19,12,7,6,2,9,1,11,19,12,11,1,20,17,37,9,1,15,16,4,2,2,6,12,0,4,10,8,2,18,4,11,2,0,3,2,2,3,14,12,2,0,26,11,0,17,9,3,5,15,9,7,1,7,13,18,13,6,12,11,9,9,11,4,9,4,3,3,8,12,4,1,15,4,7,7,1,15,13,2,1,8,9,8,16,8,0,13,15,20,3,17,5,12,9,16,2,9,8,7,7,3,6,9,12,12,8,10,1,6,8,8,11,5,12,24,1,2,19,30,7,13,12,5
Macf1,0,0,11,13,0,0,14,0,0,10,0,0,0,4,0,0,0,0,0,0,0,0,0,0,0,0,10,8,0,0,0,0,0,5,0,0,0,0,11,0,0,0,0,2,0,0,0,0,0,0,0,0,1,25,0,0,0,0,0,0,0,0,0,0,9,0,0,0,0,0,11,0,37,0,5,0,0,10,0,0,0,0,0,10,5,0,11,0,0,0,11,0,0,0,0,21,0,3,8,14,10,7,6,2,0,0,0,0,0,7,0,0,0,20,18,0,0,0,0,0,0,0,0,0,0,0,3,0,0,0,0,0,0,0,0,1,0,0,9,0,0,0,9,0,0,0,9,0,0,0,0,0,0,0,0,0,0,0,4,9,6,6,5,0,0,0,0,0,0,8,0,0,0,0,0,0,0,0,0,0,7,0,3,4,0,1,0,0,0,12,10,0,0,0,6,0,0,0,0,0,7,5,0,0,0,0,0,0,0,0,0,0,0,11,0,0,0,0,0,0,0,0,4,0
Utp11l,6,8,2,4,8,19,24,11,3,12,19,1,5,5,26,13,1,1,6,0,11,8,0,6,0,12,20,14,7,2,9,13,2,3,10,16,0,7,18,2,16,13,4,0,7,12,8,7,21,12,2,16,4,5,17,3,8,1,18,4,3,0,2,0,10,0,0,0,14,23,2,33,47,1,0,0,11,8,0,4,3,1,10,4,5,5,18,6,0,3,1,11,20,6,8,3,8,8,7,13,7,3,1,9,3,6,3,14,9,31,10,0,8,5,18,10,0,2,10,3,0,0,5,1,1,0,15,2,0,10,0,15,2,4,4,6,1,0,12,5,0,0,9,13,8,20,2,4,13,18,7,2,2,3,20,6,15,11,3,8,3,5,11,2,11,1,1,3,13,2,4,3,5,4,4,6,4,5,18,1,0,4,11,7,4,6,5,4,8,3,4,5,3,9,12,4,6,14,4,6,8,10,4,0,9,6,15,7,4,12,10,2,5,8,9,13,0,0,14,12,3,8,6,2
Gnl2,8,8,4,5,4,4,8,5,5,6,3,3,3,2,4,1,0,1,4,0,4,2,4,4,1,1,12,6,2,2,6,10,4,0,0,5,3,4,16,9,3,5,1,0,1,7,2,0,8,0,4,4,0,7,8,3,10,3,5,0,5,3,6,0,0,0,0,0,2,8,6,3,9,0,0,3,7,0,0,0,1,0,0,1,7,4,11,7,0,0,0,1,7,4,1,2,7,0,2,8,0,2,2,3,1,5,2,11,4,8,5,0,3,8,11,5,0,5,5,3,0,0,0,0,0,0,4,0,0,5,0,8,0,1,0,5,0,1,6,1,0,0,5,4,0,2,0,0,0,2,3,0,0,0,7,6,5,3,2,12,1,3,7,3,4,2,0,4,6,5,0,4,3,0,0,0,0,4,4,0,2,2,3,0,4,0,2,2,7,4,1,6,2,0,8,8,2,2,4,1,0,5,0,0,3,3,6,2,2,4,0,4,1,3,8,15,1,0,18,6,1,0,1,3
Eif3i,6,2,2,4,4,17,11,6,1,13,18,3,4,1,11,9,0,5,6,2,0,11,7,1,1,3,18,5,14,20,10,7,5,7,5,28,4,16,10,8,2,10,0,0,4,19,1,23,5,3,6,9,4,10,7,6,10,13,10,0,9,2,8,6,4,2,0,8,2,20,8,27,12,15,9,6,15,2,4,13,0,0,2,1,7,9,19,0,7,5,8,0,9,3,9,8,2,5,15,11,10,5,6,5,2,7,0,9,12,8,7,0,4,4,5,3,2,8,8,9,3,7,5,4,8,0,4,6,2,9,2,9,0,1,6,1,2,2,4,7,0,3,8,4,0,19,3,1,11,1,1,0,0,2,6,15,8,3,5,5,3,0,2,0,12,4,4,3,7,5,1,4,9,2,6,1,4,13,13,0,3,0,3,0,6,6,0,1,6,6,5,10,0,6,8,9,3,9,10,7,0,5,5,1,8,17,9,4,2,0,9,6,5,5,8,3,0,9,3,18,8,2,6,2
Kpna6,0,0,6,0,5,1,17,15,0,9,0,0,0,6,2,6,0,0,8,0,0,0,0,14,0,8,0,14,21,11,6,0,0,0,0,0,8,0,9,9,14,21,0,0,3,6,11,4,10,0,4,14,0,28,16,6,19,9,8,0,0,0,0,0,8,0,0,0,0,5,9,31,27,1,0,4,9,0,0,2,0,2,17,15,10,5,0,0,4,1,8,0,17,10,0,12,0,10,0,4,11,0,4,3,4,8,0,0,17,12,0,0,9,13,15,3,0,0,17,3,0,0,0,5,1,0,10,0,4,3,0,10,0,2,0,4,0,0,0,8,0,4,4,1,0,6,3,0,0,6,0,0,0,0,10,13,8,8,4,3,2,10,0,9,0,0,0,9,8,3,6,8,9,1,4,0,1,3,0,0,0,0,7,0,7,3,0,0,13,4,2,12,0,0,10,0,5,4,8,3,0,0,5,0,7,0,11,4,2,4,1,8,0,3,4,12,4,0,10,10,6,8,0,0
Dnajc8,16,6,7,11,13,34,0,3,13,8,15,4,3,10,13,12,0,0,5,4,17,19,13,1,0,9,31,7,2,4,12,11,3,2,5,4,5,8,14,11,0,0,0,0,0,8,19,8,10,0,2,9,3,4,18,6,11,0,12,3,0,3,2,0,6,0,5,3,4,16,2,9,20,9,6,24,10,7,5,6,0,3,3,2,6,14,10,0,2,0,2,3,2,14,0,7,0,9,15,5,7,11,12,8,12,8,0,7,14,15,8,0,21,12,17,10,0,13,4,0,0,0,2,5,2,0,4,3,2,11,3,10,3,0,0,5,0,1,4,1,2,0,5,7,2,19,4,3,3,10,3,0,1,0,11,8,7,11,13,8,12,1,11,15,6,0,1,10,11,7,0,1,9,2,13,0,1,7,15,1,0,4,8,5,2,9,0,13,7,4,1,7,8,5,14,11,3,8,12,3,5,10,2,1,14,14,7,3,0,6,1,15,0,6,11,15,4,1,5,10,10,1,6,3
Sepn1,8,6,9,0,0,32,3,12,0,25,8,3,0,0,12,5,0,0,0,0,6,0,7,0,0,9,7,20,10,5,7,16,6,0,7,18,7,1,14,3,0,7,17,0,0,12,14,0,1,0,0,19,0,0,0,0,0,9,0,0,0,0,0,4,25,0,0,0,0,55,6,3,32,11,5,15,0,0,2,14,2,0,0,6,3,0,10,0,0,6,16,2,7,16,0,0,0,4,6,10,14,3,0,0,0,0,0,5,2,14,4,0,8,11,5,0,0,6,10,0,6,3,0,7,0,0,18,6,5,6,0,0,0,0,0,0,6,0,0,0,0,4,0,5,0,0,0,0,6,4,0,0,0,0,11,7,1,0,1,0,5,0,0,2,2,8,3,0,7,0,0,7,12,0,0,0,1,0,0,5,2,0,0,0,2,4,0,3,2,10,0,0,2,2,4,0,0,1,3,3,0,0,6,6,3,4,6,0,0,2,0,0,1,0,6,0,0,0,0,8,0,0,0,0
Necap2,0,8,4,3,11,8,8,5,3,5,1,0,5,2,8,0,0,2,0,0,2,3,4,0,1,2,17,4,6,3,1,6,8,2,0,13,2,4,0,0,6,5,0,2,0,5,0,9,6,0,0,1,1,13,9,6,0,0,5,2,10,3,0,0,4,0,0,0,0,13,0,19,13,0,2,17,3,0,2,3,0,0,5,9,10,6,11,0,2,3,3,6,10,5,3,15,2,1,15,2,0,6,5,11,0,8,0,13,4,10,6,0,8,4,9,8,0,2,3,0,0,3,0,0,0,0,0,1,0,4,0,6,0,1,0,3,2,0,1,4,4,2,1,4,2,8,0,1,0,2,1,0,0,0,2,9,5,5,3,2,8,7,2,5,5,9,0,3,0,0,0,6,0,0,1,0,0,2,3,1,0,0,1,0,6,1,0,5,6,7,1,1,1,2,7,3,3,6,6,0,2,1,3,2,18,3,7,2,0,0,2,7,3,2,5,4,0,0,6,13,8,0,2,6
Mfn2,0,0,0,0,0,0,25,13,0,0,8,0,0,0,0,0,0,0,0,0,0,0,0,0,0,0,31,0,0,10,14,0,0,0,0,0,0,0,0,0,0,0,0,0,0,0,0,0,0,0,0,13,9,23,0,0,0,0,0,0,0,0,0,0,0,0,0,0,0,0,0,0,0,0,0,0,0,0,0,0,0,0,0,0,0,18,0,0,0,0,0,0,0,23,0,0,0,0,0,0,0,0,0,0,0,0,0,12,0,0,0,0,23,28,0,0,0,0,0,0,0,0,0,0,0,0,0,0,0,0,0,0,0,0,0,0,0,0,0,0,0,0,0,11,0,9,0,4,0,0,0,0,0,0,0,0,0,0,0,0,0,0,0,0,0,0,0,0,0,0,0,0,0,0,0,0,0,0,0,0,0,0,0,0,0,0,0,0,0,0,0,0,0,0,0,14,0,0,9,0,0,0,0,0,0,0,0,10,0,0,0,0,0,0,0,0,0,0,10,0,0,0,0,0
Srm,2,15,9,1,15,20,22,8,4,3,19,4,0,7,7,10,0,4,0,5,2,13,13,18,8,13,34,3,17,10,13,8,7,17,3,16,3,13,11,8,4,21,0,2,4,29,16,11,11,0,5,10,4,11,12,0,16,9,20,15,10,11,3,1,4,0,0,9,2,4,7,27,34,23,23,4,18,16,0,1,9,0,17,7,11,4,11,0,6,8,13,1,15,23,1,20,16,8,14,7,14,13,9,10,1,13,0,17,14,26,7,6,10,16,14,2,1,15,19,4,4,10,13,7,3,4,12,3,4,3,12,5,0,0,0,0,4,11,10,8,4,1,6,10,2,21,5,10,2,10,3,5,0,0,5,16,3,7,12,8,4,3,4,7,12,7,8,7,10,4,13,7,4,4,1,2,2,3,7,3,1,5,6,12,1,6,3,12,5,10,3,7,2,8,9,19,2,5,9,11,3,3,3,5,10,12,17,4,2,0,1,11,9,1,7,32,7,6,21,5,5,6,11,5
Tardbp,8,5,0,1,0,22,10,19,0,9,8,8,8,5,4,7,1,0,4,0,5,9,11,10,0,11,22,7,0,6,5,8,0,6,1,9,8,6,4,0,11,8,6,0,5,19,3,3,6,1,6,10,3,0,0,15,3,0,16,0,0,12,2,0,4,0,0,17,4,0,3,3,10,0,5,5,20,3,0,6,0,0,8,1,8,4,11,1,9,0,1,0,3,13,2,2,0,0,12,4,2,12,7,17,0,11,4,5,0,2,4,0,3,11,4,7,0,1,10,4,2,4,3,5,4,0,11,1,0,6,0,5,0,5,3,4,2,3,2,6,0,0,3,2,1,3,3,0,2,10,0,0,0,5,8,4,5,1,0,9,7,5,4,5,5,3,0,1,6,1,4,1,1,0,10,2,0,5,9,0,0,3,0,6,8,7,0,0,19,6,2,4,2,9,9,0,0,4,2,4,1,5,2,4,7,15,18,1,2,0,0,2,0,4,9,5,0,6,11,3,8,6,0,8
Eno1,4,13,23,6,4,32,23,15,16,14,19,6,9,4,22,10,0,1,5,0,11,4,22,10,0,2,37,17,13,13,18,6,11,18,12,19,1,0,17,10,1,20,6,0,0,23,14,16,12,0,11,7,4,16,12,19,12,3,13,4,14,23,0,2,16,0,0,11,1,1,13,52,0,2,0,11,19,0,2,3,0,1,3,3,15,18,17,0,0,3,11,3,7,12,0,4,3,5,29,16,0,9,0,7,2,3,0,14,18,20,6,0,10,25,21,11,0,9,8,5,0,0,0,0,0,0,6,5,0,13,0,11,0,0,0,0,2,8,10,4,0,0,15,7,0,20,0,0,0,10,13,1,0,2,13,10,21,5,0,8,10,4,16,3,25,5,4,4,13,11,2,7,2,0,1,0,0,6,13,0,0,2,11,8,4,4,0,11,5,13,3,16,2,12,0,6,0,8,12,10,6,15,8,0,14,9,18,5,1,2,6,8,0,11,6,26,0,0,22,20,2,0,1,11
Park7,25,25,31,11,28,89,70,28,32,36,58,28,19,20,39,23,2,12,28,0,24,57,29,7,5,37,105,39,42,31,42,46,23,25,28,31,12,63,64,30,50,39,11,2,2,65,30,56,24,6,23,26,9,86,56,38,32,19,77,11,28,41,12,0,50,2,9,67,13,82,32,87,36,11,22,39,68,19,1,26,2,0,24,7,36,24,42,0,16,9,14,11,38,40,11,35,12,16,51,25,20,28,17,17,13,9,0,21,51,53,12,0,33,54,53,43,0,29,57,11,0,0,8,12,6,0,13,14,0,27,0,13,1,5,11,4,0,13,24,18,1,0,25,31,0,38,14,5,10,18,22,0,2,2,37,34,24,14,4,16,18,10,26,28,38,15,1,22,32,26,4,19,10,3,14,10,5,24,29,0,3,4,23,12,17,34,0,36,20,25,3,32,6,9,35,30,8,28,36,16,8,26,19,4,36,32,29,11,9,12,21,39,18,13,31,39,1,0,41,47,33,3,7,6
Ski,0,0,8,8,0,50,23,5,0,0,0,0,0,0,0,8,3,0,0,0,3,10,21,0,1,0,0,12,12,8,15,0,22,0,0,0,13,0,10,2,7,0,0,0,4,9,0,0,22,0,14,4,0,0,0,0,3,0,0,0,0,0,0,0,0,0,0,0,0,3,0,16,12,13,0,12,0,2,6,13,7,0,15,4,17,14,18,6,11,12,10,7,0,10,6,19,0,8,9,7,35,5,14,0,15,22,0,17,8,12,5,5,13,0,6,18,0,0,7,0,10,0,8,1,2,0,5,4,2,7,4,7,0,0,0,0,4,10,8,2,4,0,5,0,0,13,13,0,10,7,3,2,0,0,10,5,7,0,0,9,1,18,0,6,2,0,9,9,7,0,0,6,6,0,0,0,0,0,20,6,3,4,7,0,10,7,0,0,2,24,1,11,0,4,0,11,0,7,0,1,1,8,1,1,11,0,0,2,8,1,3,0,0,4,9,13,0,2,4,4,14,0,0,10
Psmc2,0,5,1,7,13,19,0,1,16,18,31,1,25,8,25,4,4,3,0,0,11,0,0,0,2,0,42,15,11,11,38,2,0,0,9,22,1,22,30,15,20,4,0,0,0,14,10,37,16,0,7,26,10,0,13,17,14,0,6,0,18,0,16,0,5,9,0,26,14,27,11,48,22,18,0,7,44,8,0,4,0,0,12,3,12,0,10,0,18,0,0,5,29,11,0,5,0,0,26,8,12,11,11,1,3,11,0,15,19,15,16,0,14,6,13,15,0,14,24,9,0,0,0,0,0,4,12,0,0,0,0,25,0,8,0,8,0,0,0,0,0,0,0,7,1,1,0,0,12,17,7,6,0,0,12,4,0,0,0,13,16,6,15,12,9,8,0,10,15,17,0,10,4,0,15,3,2,25,11,0,0,6,24,7,11,4,0,13,14,19,0,18,7,6,8,8,5,0,12,15,4,11,4,0,5,14,20,0,3,0,9,4,0,10,16,15,0,0,0,7,20,0,0,1
Tomm7,20,31,17,10,9,26,26,0,18,23,3,6,19,8,25,6,5,6,0,0,10,28,16,9,5,3,47,25,10,18,17,28,16,0,23,22,0,30,21,17,17,20,24,13,0,26,19,32,44,4,14,30,11,17,28,25,25,8,20,5,10,23,2,6,47,10,0,39,16,9,11,41,6,19,42,45,15,7,11,17,0,3,24,9,13,31,24,0,21,12,14,12,21,28,8,26,0,14,37,16,13,21,11,19,14,0,0,10,24,27,23,6,20,8,29,17,4,8,15,16,0,0,9,10,10,7,10,17,0,9,3,0,0,11,14,4,3,1,9,9,0,6,10,17,13,11,10,4,10,11,6,8,0,7,25,18,2,8,6,8,9,32,14,9,19,7,8,10,7,17,18,17,9,6,11,5,1,6,20,8,11,19,9,4,9,16,4,15,4,18,9,8,7,7,16,10,13,18,18,6,7,0,11,11,3,30,10,8,4,8,5,9,7,5,18,11,8,0,15,4,28,4,7,0
Hadha,4,0,1,2,6,26,17,4,4,12,3,3,7,5,7,3,1,3,4,0,17,3,1,0,0,4,9,2,3,9,8,2,6,0,9,6,3,11,10,12,9,4,2,0,1,7,8,11,7,0,2,5,0,7,12,3,6,0,2,0,0,0,0,0,1,0,1,12,4,14,11,18,11,6,6,4,20,1,1,7,0,0,8,7,7,5,3,0,5,0,6,6,4,7,0,11,0,0,12,8,4,5,4,6,6,6,8,9,1,7,5,3,2,3,4,9,0,0,2,4,0,3,2,6,0,0,1,1,0,5,0,3,0,0,0,1,0,2,3,7,0,0,2,6,0,8,2,5,3,0,5,1,1,2,6,5,4,5,2,4,7,3,4,6,3,3,2,1,8,4,1,1,2,1,6,0,0,2,6,0,0,0,1,2,5,4,0,8,4,7,0,3,0,2,8,5,0,6,9,1,3,1,2,4,6,3,4,5,3,6,0,4,0,3,11,1,0,0,12,4,4,0,3,1
Stx18,9,1,0,0,0,7,0,7,0,5,0,2,1,1,0,0,0,0,0,0,4,2,7,0,0,0,1,4,2,5,0,2,3,0,0,0,0,7,1,0,2,0,0,0,0,3,6,5,0,1,3,0,0,4,7,1,3,0,0,0,7,5,0,0,0,0,0,5,5,0,6,5,3,6,0,0,7,0,0,2,0,0,9,0,2,2,4,0,0,1,5,0,1,3,0,5,0,0,1,1,0,0,0,1,0,2,0,3,0,3,3,0,4,2,3,0,0,4,0,0,0,0,0,0,2,0,2,0,0,2,0,0,0,0,0,0,0,1,8,1,0,0,3,4,0,4,0,0,1,2,3,0,0,0,12,1,2,1,0,3,0,0,2,2,0,0,0,3,3,7,1,0,0,1,4,0,1,1,6,0,0,0,0,1,3,0,0,0,4,5,3,4,2,0,3,2,0,3,0,2,3,3,3,0,0,0,0,0,0,0,3,5,0,1,6,6,4,0,1,7,2,0,0,2
Utp3,6,5,11,0,0,6,0,19,0,8,16,0,6,0,3,0,0,0,1,0,3,2,0,0,0,9,16,16,11,0,15,15,0,0,0,0,0,10,12,1,0,0,0,0,0,11,0,0,7,0,0,10,0,1,9,17,4,0,0,0,12,0,2,0,9,0,0,0,0,6,0,10,0,0,0,0,6,0,0,1,0,0,0,0,12,5,2,0,0,0,0,0,7,13,4,0,0,0,6,11,0,0,10,6,0,3,0,18,2,0,0,0,9,0,0,7,0,6,3,0,0,0,2,0,0,0,0,2,0,9,0,1,0,0,0,8,0,2,7,5,0,0,4,0,0,0,0,0,6,9,0,0,0,0,0,0,0,4,11,2,0,0,4,0,7,3,0,3,6,0,0,5,0,0,8,0,0,6,0,0,0,3,14,0,1,0,0,0,0,0,0,13,0,3,6,8,2,4,12,0,0,4,0,0,5,14,0,1,0,5,3,8,0,3,10,2,0,0,0,6,8,0,0,0
G3bp2,13,0,16,21,4,31,8,26,0,6,9,9,5,8,41,8,3,0,12,3,15,12,14,19,3,9,24,15,25,8,4,9,9,0,13,0,3,17,21,23,0,0,6,3,0,25,7,0,34,0,15,14,8,12,18,0,14,11,14,0,21,23,7,0,0,2,0,0,11,73,18,50,1,1,0,15,10,7,0,19,5,3,0,8,8,8,42,4,8,0,5,16,15,30,15,10,4,17,22,12,15,6,18,23,6,26,0,6,14,48,15,0,13,14,12,13,0,12,8,6,3,0,9,4,0,0,16,14,3,18,3,8,0,0,0,1,2,0,1,21,0,0,15,5,0,3,12,2,7,14,14,1,0,0,26,6,11,4,1,10,20,13,13,11,11,4,0,3,14,13,4,10,19,7,7,6,0,30,4,0,0,7,11,9,13,4,0,6,11,13,1,27,6,17,16,25,7,14,13,6,15,19,5,12,8,11,18,18,6,14,14,26,8,12,21,19,5,5,19,13,20,14,5,8
Aff1,0,0,12,0,0,9,16,0,0,0,10,6,0,0,17,11,0,0,16,0,16,0,6,0,2,8,8,4,0,0,1,0,1,0,0,0,6,2,8,0,4,0,0,0,0,7,2,0,0,0,0,0,0,1,2,0,6,0,4,0,0,9,0,0,12,0,0,0,0,16,3,38,3,0,0,0,4,0,8,0,0,0,0,4,0,0,0,5,2,0,0,4,0,8,3,5,1,2,6,3,10,9,0,7,2,0,0,9,14,15,7,0,5,6,14,0,0,5,14,2,0,0,0,2,0,0,3,0,0,0,0,8,0,0,1,0,0,1,0,2,0,0,11,1,0,16,2,0,0,3,4,0,0,0,14,11,12,8,0,0,10,9,0,10,7,0,0,0,7,8,0,0,6,0,11,0,0,3,12,0,1,0,0,0,6,6,0,6,6,7,0,0,0,0,5,10,0,0,0,6,0,5,0,3,0,6,0,3,1,4,9,9,0,4,1,13,1,0,0,3,0,0,8,6
Coro1c,2,7,11,8,6,30,14,13,13,3,6,6,8,9,21,3,1,0,8,3,6,3,2,4,0,8,22,23,16,2,17,11,7,12,3,5,5,7,9,15,10,8,3,0,0,11,11,3,4,2,6,17,0,3,14,5,4,0,19,1,12,12,4,0,2,0,0,9,6,15,18,35,4,0,4,8,25,0,0,1,6,1,24,0,17,5,14,3,0,5,2,0,11,11,3,5,0,1,6,8,5,15,1,4,0,10,0,12,3,9,6,0,9,16,8,6,0,9,8,7,0,0,3,1,0,0,7,4,3,5,0,12,0,2,0,0,8,0,7,6,0,0,6,4,2,3,7,2,7,3,4,0,0,3,13,12,8,3,4,3,4,3,5,7,23,6,0,1,16,8,0,0,6,0,8,3,0,8,13,0,0,4,4,4,3,4,1,12,12,16,2,11,4,3,5,14,4,5,2,3,1,13,8,1,9,3,12,5,0,2,2,11,0,16,15,24,0,0,14,2,9,5,6,5
Ptpn11,7,6,5,15,8,9,17,6,0,1,14,0,4,3,1,0,2,2,0,0,7,1,12,0,0,1,18,2,14,4,12,0,12,4,2,10,3,7,3,6,1,6,10,4,1,9,3,9,2,0,7,1,0,11,7,2,6,0,9,0,2,9,0,0,6,0,0,5,1,25,0,23,13,11,6,4,13,10,2,4,7,0,3,8,5,1,12,0,1,1,6,0,1,18,8,13,3,2,16,5,26,2,6,18,3,9,3,3,5,6,7,0,6,11,8,5,0,11,2,3,0,0,2,0,0,0,1,0,0,3,0,2,0,0,2,1,0,5,15,6,3,0,5,5,0,5,4,3,4,8,1,0,0,4,2,3,3,3,2,6,4,5,8,3,10,0,0,3,1,5,0,5,8,0,9,5,0,0,4,11,0,0,2,14,3,3,0,0,10,3,2,4,1,7,6,1,2,5,4,5,2,0,5,2,4,10,6,9,0,4,2,5,0,7,6,4,1,3,7,6,10,0,7,12
Naa25,0,0,0,5,0,3,1,0,0,1,1,0,0,0,1,1,0,1,4,0,0,3,0,0,0,1,2,0,0,0,3,0,4,0,0,0,0,4,2,0,3,0,0,0,0,4,0,1,0,0,1,0,3,3,0,0,1,3,0,0,2,2,0,0,0,0,0,0,3,0,0,2,1,0,0,0,1,0,0,1,0,1,0,1,4,2,3,0,0,2,2,0,3,4,0,0,0,3,2,1,5,0,0,0,0,0,0,2,3,3,5,0,2,2,2,0,0,0,2,1,0,0,0,2,0,0,2,0,1,2,0,2,0,0,0,1,1,0,0,1,0,0,1,5,0,1,0,0,1,2,2,0,0,2,1,0,1,0,1,1,2,1,0,0,2,4,0,1,1,1,3,0,1,0,3,0,1,0,4,0,0,2,3,2,0,2,0,2,2,2,0,3,0,6,0,0,0,1,3,1,4,2,2,0,6,1,0,5,2,0,1,2,8,1,2,1,2,0,0,4,2,0,0,2
Anapc5,5,0,3,1,4,5,12,4,12,16,16,0,1,1,6,8,0,0,6,0,6,4,3,5,0,3,0,9,6,1,9,9,6,5,0,0,0,3,10,5,6,9,1,0,2,5,2,11,5,1,5,18,1,13,0,4,0,2,0,2,3,9,1,2,3,3,0,16,0,12,5,0,13,9,0,10,5,0,3,3,1,4,3,0,2,4,1,1,2,4,5,0,5,4,3,3,5,0,10,7,5,16,4,1,6,10,3,2,6,3,17,0,7,12,9,7,0,3,0,4,0,4,0,3,1,3,5,0,1,2,2,1,0,0,0,1,0,2,6,2,1,0,0,6,0,7,2,1,0,3,2,0,1,4,3,0,8,7,5,9,5,5,10,8,0,2,3,1,7,5,1,0,4,3,2,0,0,6,7,0,1,1,3,1,3,5,0,6,2,4,2,7,0,0,7,3,0,3,5,2,0,8,1,1,2,5,2,2,0,4,6,8,3,3,4,6,3,2,3,4,3,2,4,4
Arl6ip4,0,0,0,0,1,22,0,12,0,0,4,0,7,0,0,0,0,0,10,0,0,5,0,0,0,0,25,4,7,0,17,0,0,0,0,0,0,22,0,9,5,0,0,0,0,19,3,0,0,1,0,26,0,2,14,0,2,0,0,7,7,11,0,0,19,0,0,0,0,0,0,16,0,0,0,11,0,0,4,3,0,0,2,0,2,1,8,0,0,0,0,0,16,0,8,7,0,0,5,7,0,4,10,0,0,0,0,5,18,14,0,0,7,13,3,22,0,0,6,0,0,0,12,4,0,0,0,0,0,10,0,8,0,0,0,1,0,8,9,4,0,0,2,8,0,0,0,0,5,7,0,0,0,0,21,0,6,0,0,21,0,0,8,0,10,6,0,9,13,7,0,11,0,0,15,0,0,0,8,0,5,0,1,0,0,9,0,0,5,6,0,6,0,6,14,15,9,23,18,6,7,0,15,0,0,7,16,0,7,0,9,6,0,0,3,0,9,0,15,0,18,0,0,0
Ywhag,26,19,8,17,17,58,18,9,20,16,32,17,13,14,31,13,3,1,18,6,16,22,31,20,0,44,48,24,17,20,22,23,25,6,18,24,12,35,42,18,15,20,14,21,2,48,11,27,22,5,13,13,16,52,79,24,20,11,7,8,37,7,2,0,37,1,11,25,3,73,13,60,42,31,36,13,35,3,4,14,6,1,17,4,14,24,32,0,18,17,17,12,24,18,1,15,9,17,30,10,29,13,14,10,6,17,7,21,47,39,9,1,21,22,33,15,11,19,12,2,8,12,14,9,4,7,24,10,3,16,2,15,1,6,8,2,0,10,12,5,1,4,3,17,6,16,14,10,13,9,7,10,11,0,36,31,17,18,22,7,16,18,11,7,28,23,1,11,16,4,27,13,24,4,14,6,0,21,21,4,0,1,12,6,17,5,14,13,12,17,10,17,8,24,15,4,5,5,13,2,11,24,11,12,22,11,16,6,8,6,3,15,15,15,17,31,4,0,7,29,27,23,22,6
Fis1,0,36,0,0,0,16,0,31,0,0,0,13,11,0,0,16,0,0,0,0,0,0,0,0,0,0,0,29,0,18,0,0,0,0,0,0,0,35,0,0,0,0,0,0,0,0,24,5,41,0,21,33,0,59,0,0,0,0,0,0,0,0,0,0,0,0,0,0,0,0,14,0,0,0,0,0,0,0,0,0,0,0,0,0,0,0,0,0,0,0,0,0,0,0,10,39,0,0,0,0,0,0,0,24,13,0,0,0,3,10,0,0,0,0,29,23,0,0,18,0,0,0,0,0,0,0,7,0,0,19,0,16,3,0,0,0,0,0,0,17,0,0,0,23,0,0,0,10,18,0,10,0,5,0,34,0,0,0,16,7,25,12,0,14,35,0,0,0,33,0,0,0,15,0,12,0,0,0,15,0,0,0,23,0,0,0,0,0,25,0,0,21,0,0,22,0,16,0,12,0,18,15,7,9,15,0,24,0,0,0,11,0,0,0,0,0,0,0,0,0,0,0,0,0
Ap1s1,8,11,22,5,5,27,28,21,18,9,25,5,14,7,12,6,0,4,11,1,16,22,8,18,0,8,50,25,8,12,16,4,4,10,10,16,3,21,11,28,10,12,16,1,9,49,10,9,11,5,18,13,1,24,47,23,16,20,33,4,14,17,4,0,19,0,7,22,8,10,19,14,13,6,18,12,27,10,0,6,0,1,21,3,15,9,11,3,6,3,9,9,1,18,0,8,9,8,28,7,7,8,6,12,3,6,4,3,13,6,8,0,12,24,10,24,0,6,15,5,3,9,5,1,6,0,10,5,2,12,0,15,4,1,2,0,1,1,11,0,1,3,16,14,4,9,7,0,3,8,1,0,0,0,4,3,9,7,10,10,7,6,5,16,17,11,4,8,19,2,2,9,6,0,18,0,6,13,11,0,0,6,9,5,6,9,0,13,5,19,0,18,3,4,12,13,1,11,16,6,4,6,9,7,9,14,11,20,5,6,2,15,4,4,23,15,5,7,17,20,14,2,5,2
Pcolce,46,13,19,20,1,11,29,53,5,40,33,14,35,8,17,17,9,3,17,5,23,18,22,12,10,18,35,9,26,28,36,12,28,6,28,24,6,47,26,26,28,44,25,12,9,47,25,24,27,20,10,24,10,55,29,12,30,30,27,21,11,15,0,5,54,6,3,57,24,38,9,87,28,29,24,17,45,9,26,20,5,2,35,10,31,36,37,4,13,19,25,8,25,23,4,43,6,12,40,62,33,25,22,34,15,54,8,32,31,40,20,0,27,30,33,26,1,30,21,18,3,11,3,15,0,4,18,12,11,20,5,25,5,2,6,0,13,26,28,12,9,8,11,49,17,37,17,10,4,17,4,11,8,6,33,26,37,19,12,13,14,14,15,11,17,18,7,9,22,10,14,17,11,5,13,16,2,11,34,5,14,0,2,12,19,9,4,23,13,21,9,15,5,6,13,20,12,16,5,13,16,19,13,15,24,53,24,20,12,8,18,28,11,8,27,30,8,7,29,43,29,17,20,20
Eif3b,8,4,10,4,2,15,13,5,3,6,3,1,6,6,11,4,0,7,4,1,2,4,17,6,3,15,14,13,11,3,10,21,3,0,4,12,2,17,11,6,11,9,6,2,8,9,10,5,10,0,4,6,0,13,10,6,16,5,9,5,8,8,0,0,7,5,2,14,0,9,3,12,23,2,25,2,30,4,8,10,1,3,5,8,11,7,13,0,3,6,8,2,11,10,1,8,8,1,18,11,9,5,6,6,3,6,0,5,9,13,7,0,12,14,12,10,0,7,17,10,2,3,0,1,2,2,12,1,6,5,2,7,0,0,0,5,7,2,10,5,5,0,7,5,0,11,8,4,4,5,6,3,4,1,8,13,1,5,7,10,6,4,8,10,6,7,1,3,10,2,7,10,7,2,13,2,2,10,6,0,2,4,3,11,3,1,2,5,7,6,1,8,3,5,11,7,4,3,7,5,4,3,3,2,10,10,7,4,3,1,9,10,11,5,6,11,2,0,14,12,12,0,7,6
Aimp2,0,0,6,3,3,23,5,0,2,0,10,1,2,4,7,6,0,0,5,0,4,5,0,0,1,0,11,12,14,0,12,6,6,0,0,0,2,8,11,8,5,13,5,4,0,10,4,6,10,0,0,9,3,1,2,9,8,11,8,0,0,14,0,0,7,0,1,9,5,4,5,30,4,0,9,0,0,0,0,1,0,0,0,0,3,10,11,3,0,5,0,1,8,9,0,8,14,0,17,7,0,5,0,5,0,0,0,9,4,4,5,0,1,4,1,3,0,6,7,0,0,0,0,0,0,5,3,4,0,4,0,7,0,2,2,0,0,0,8,0,0,0,2,0,0,11,0,4,0,3,2,0,1,4,3,6,1,2,1,3,7,4,12,4,1,1,2,1,3,5,4,0,0,0,1,0,0,3,2,0,0,3,2,3,5,0,0,3,6,6,1,7,4,4,2,3,2,2,3,8,0,3,0,0,11,3,3,0,4,0,0,7,2,5,2,19,3,0,8,4,4,0,0,0
Polr1d,20,12,16,10,25,51,19,14,23,16,23,19,10,9,16,13,1,0,12,0,11,0,7,3,10,0,31,22,17,3,10,15,10,0,12,26,2,8,13,3,23,29,7,0,2,14,5,31,18,1,12,14,0,22,12,0,18,2,21,7,0,26,0,0,6,0,7,0,16,14,18,29,22,12,6,8,26,8,10,2,2,0,7,13,5,8,29,4,10,8,8,10,16,16,8,8,11,3,18,16,0,9,17,13,10,5,0,10,15,16,9,2,16,11,21,12,7,8,7,8,5,3,7,2,2,2,6,4,3,6,3,6,4,8,0,5,7,5,7,5,0,0,11,7,0,4,13,4,5,9,2,1,3,11,7,14,10,12,6,11,2,1,10,11,22,6,3,10,9,5,12,8,7,3,9,1,1,12,10,1,2,8,4,0,6,14,0,8,7,5,7,20,5,13,9,12,4,15,15,1,8,4,14,0,14,17,6,6,2,6,15,18,4,6,17,14,2,2,14,15,15,9,0,1
1810058I24Rik,1,8,7,10,4,10,12,5,0,14,21,4,3,5,10,19,0,0,2,3,9,6,20,8,1,12,32,9,11,1,4,13,16,13,2,13,3,4,11,4,5,14,6,13,14,28,12,18,11,10,15,8,6,14,9,10,11,6,6,11,0,4,3,0,6,3,12,4,2,27,19,26,15,7,14,0,13,16,6,4,3,0,13,5,10,14,12,0,1,9,14,9,12,8,7,9,7,5,8,3,15,22,8,7,2,1,5,6,2,8,16,3,10,4,6,11,3,10,11,6,6,7,4,10,10,4,13,8,5,8,2,9,1,3,10,2,5,4,9,7,0,4,6,14,10,10,9,8,5,7,6,12,0,0,10,9,2,3,2,0,6,7,9,6,6,5,1,5,6,8,12,9,12,0,3,1,5,1,4,1,8,8,8,4,8,11,0,5,3,11,2,6,3,6,12,7,9,1,8,3,3,3,10,1,17,13,3,5,4,3,3,8,10,6,6,8,0,2,12,8,12,6,4,5
Hnrnpa2b1,37,24,36,18,25,76,110,44,63,20,39,18,14,21,18,34,0,29,46,0,5,18,42,5,6,34,56,27,37,38,37,18,8,31,28,26,0,60,88,18,34,42,4,12,0,77,43,57,51,0,40,33,6,24,49,26,47,25,61,8,54,17,14,0,27,0,4,86,8,26,29,127,98,13,11,67,52,16,7,20,6,0,16,6,25,12,63,10,0,16,28,13,23,31,5,16,15,12,24,26,19,29,19,16,0,11,0,22,28,47,22,0,14,30,41,21,0,12,28,12,0,0,30,7,0,0,22,4,0,17,2,31,0,0,11,2,0,11,10,12,2,0,20,34,0,32,6,0,8,26,11,0,0,12,28,17,18,19,13,29,22,8,21,24,26,13,0,15,34,23,10,11,9,0,19,2,0,31,40,0,5,0,14,4,19,22,15,26,40,34,10,32,15,18,54,20,5,29,8,14,10,12,9,4,30,35,43,14,6,4,15,47,9,22,15,46,6,0,22,31,27,13,0,6
Serbp1,10,23,19,14,10,32,23,12,18,9,38,15,20,4,20,22,0,8,39,0,18,31,23,5,3,15,33,12,24,11,31,14,18,10,11,33,7,21,41,6,16,15,5,1,0,37,24,14,16,5,12,16,0,27,8,28,20,10,18,6,21,10,10,0,7,0,3,34,9,7,5,43,37,10,19,32,30,4,5,11,7,0,6,7,22,9,18,6,0,11,11,3,18,12,5,5,20,15,18,10,18,31,8,12,5,10,0,26,10,18,19,2,16,38,23,16,1,13,21,9,0,2,10,7,6,6,11,6,1,12,7,10,4,4,1,9,8,7,14,8,5,0,14,13,0,12,12,8,11,21,23,9,5,4,5,16,11,11,9,26,6,21,16,17,11,17,5,11,21,15,5,15,8,8,6,5,8,25,12,1,3,3,10,10,2,15,7,16,18,17,9,23,2,10,31,16,6,9,12,12,1,10,9,3,26,31,29,8,6,11,19,12,5,16,7,25,7,5,17,22,25,12,12,2
Kcmf1,2,0,0,0,0,0,0,0,0,1,8,0,0,0,9,2,0,0,0,0,0,0,0,0,0,0,0,0,0,3,6,1,8,0,0,0,0,0,0,0,0,3,0,3,0,6,7,0,4,2,0,0,0,14,9,0,0,0,0,2,2,3,0,0,5,0,0,11,0,13,0,3,4,1,0,0,9,1,0,0,0,0,0,0,0,0,0,0,0,0,0,0,13,8,3,0,0,2,5,5,0,12,6,0,4,0,0,3,0,0,9,0,0,1,0,0,0,8,1,0,1,3,5,0,0,0,0,0,0,3,0,4,0,0,0,0,0,0,0,0,0,0,3,5,0,0,0,5,0,4,5,0,0,0,0,0,6,0,0,5,6,1,6,0,0,0,2,4,3,0,0,0,4,0,5,1,0,0,4,0,0,4,4,0,3,1,0,0,8,0,0,0,0,0,5,6,0,8,0,0,1,0,4,0,9,3,2,0,2,0,4,0,0,0,6,1,0,0,4,4,1,0,0,0
Htra2,2,1,3,5,6,4,6,6,0,5,15,4,5,0,4,3,1,2,9,0,2,5,0,2,0,0,2,6,5,2,0,3,8,0,3,4,4,9,4,3,6,2,1,0,2,6,3,4,1,0,4,0,0,0,4,5,13,6,11,0,0,5,3,0,3,0,0,2,7,5,8,26,0,7,6,4,7,0,0,3,0,0,4,2,3,2,6,0,5,2,9,0,5,8,7,5,4,0,3,0,5,5,1,0,0,1,0,3,11,7,6,4,4,3,3,5,0,2,1,0,1,0,2,4,0,3,8,2,1,0,5,6,0,0,0,0,0,0,2,0,3,0,1,5,0,2,1,1,4,4,0,2,0,2,4,8,0,3,0,4,6,1,4,1,8,3,0,1,5,4,3,0,4,1,4,1,2,1,4,0,0,2,4,1,0,3,1,1,11,6,2,3,0,3,5,3,5,1,1,1,1,3,1,1,9,2,6,4,0,1,1,4,0,4,2,7,1,0,5,0,1,4,0,1
Dysf,4,0,0,0,0,23,0,17,0,0,3,0,4,2,0,10,0,0,0,0,0,0,8,0,0,11,11,9,0,0,13,0,0,3,12,0,0,0,12,0,0,0,0,0,0,37,5,8,0,0,3,0,0,0,12,0,0,7,0,0,0,9,0,0,0,0,0,0,0,0,5,12,0,0,0,0,12,0,0,7,0,0,3,0,10,9,16,0,0,0,0,0,20,0,0,0,0,3,9,0,9,5,5,3,0,14,0,0,7,0,13,0,0,9,1,1,0,2,19,9,0,0,0,10,0,2,2,0,0,13,0,11,0,0,2,0,0,0,8,0,0,0,6,10,0,0,0,0,0,0,0,2,0,0,15,8,0,0,1,0,0,0,0,0,0,4,0,6,0,0,0,4,7,0,0,0,0,9,0,0,0,0,7,0,10,0,4,0,0,19,0,0,4,12,4,6,0,4,5,1,6,7,3,0,11,0,0,2,0,0,4,8,3,0,0,8,0,0,0,12,9,0,6,0
Sec61a1,20,23,10,0,3,22,33,9,0,8,14,7,6,8,15,14,1,0,1,2,7,9,10,4,0,23,21,19,3,13,8,19,10,5,2,28,6,3,22,10,13,3,1,0,7,7,9,13,31,8,5,9,9,28,15,13,13,10,20,16,3,7,0,11,15,5,0,16,7,38,7,43,12,2,21,0,11,5,9,6,2,0,9,2,2,10,26,5,3,3,10,5,13,20,2,17,4,9,25,16,8,4,4,8,3,5,7,4,14,13,5,0,20,9,17,12,0,5,20,9,0,2,2,0,0,0,5,2,9,15,4,8,5,0,0,1,0,13,8,3,0,0,9,11,6,12,5,0,1,13,6,6,0,5,8,6,1,0,6,11,5,9,3,6,12,7,3,5,6,1,3,8,8,4,3,0,0,3,8,0,3,2,2,9,5,3,1,8,4,15,5,9,0,8,6,4,5,5,3,2,12,5,9,0,12,9,13,10,2,0,7,11,4,5,10,16,4,1,5,19,8,5,7,0
Fbln2,48,37,37,15,29,79,92,96,42,60,97,24,45,16,97,41,6,9,45,10,34,35,53,32,6,89,78,40,25,83,72,28,45,0,15,87,9,41,65,35,49,32,9,19,14,30,50,41,91,13,38,37,7,86,70,19,29,13,22,12,36,34,10,10,41,13,0,75,37,75,69,152,29,42,48,28,40,10,13,31,0,5,28,24,26,31,26,2,18,35,39,33,34,42,7,74,3,22,24,45,27,53,27,16,8,77,15,73,36,86,50,0,80,41,26,23,3,25,56,15,22,7,11,11,10,8,26,23,4,25,11,33,0,3,5,24,0,27,25,20,6,6,34,55,5,58,23,11,22,37,16,15,20,8,37,42,28,20,33,18,14,14,10,18,19,13,3,24,41,26,13,21,39,5,14,15,2,17,20,2,19,5,33,17,31,13,3,37,14,24,5,27,17,30,51,32,23,31,24,6,22,25,22,13,47,63,31,61,4,15,30,44,32,15,48,28,3,13,48,52,48,46,15,21
Arpc4,41,4,18,39,30,66,26,2,0,19,9,17,13,18,17,0,6,6,0,0,18,20,10,27,11,19,32,33,34,3,1,4,25,17,23,18,4,20,44,19,28,5,10,19,7,23,47,61,29,22,26,22,22,56,35,22,7,23,0,28,28,45,4,0,0,0,10,29,25,28,6,71,27,7,38,5,27,15,3,25,16,5,14,20,34,11,39,3,6,30,30,14,31,19,13,22,8,18,27,20,27,23,21,19,8,6,3,31,46,14,26,0,42,21,22,22,4,13,23,33,6,16,17,14,5,10,12,18,15,19,2,15,0,0,2,0,14,11,31,17,10,2,7,15,4,14,10,8,1,18,5,18,10,9,7,17,10,3,3,6,6,6,13,12,10,13,0,9,23,31,11,27,6,2,12,24,4,19,12,3,4,12,15,27,19,14,11,26,19,40,10,41,26,12,22,16,14,4,16,14,10,13,14,12,30,29,35,5,7,4,10,6,15,13,26,6,5,5,15,19,34,2,12,2
Raf1,3,0,0,4,5,0,5,1,0,4,6,0,4,3,12,6,1,0,0,0,3,0,6,0,0,0,10,0,0,0,5,4,0,0,4,0,0,6,1,2,3,2,0,0,0,4,0,12,5,0,1,0,0,9,0,2,0,1,0,0,0,0,1,0,1,1,0,10,2,13,0,4,0,0,0,13,0,0,1,0,0,0,1,0,2,9,10,0,0,4,3,0,3,6,0,0,2,0,3,0,5,3,3,0,0,0,0,0,8,3,4,2,5,3,3,2,0,1,1,0,0,0,4,0,0,0,3,0,0,4,0,3,0,0,0,0,0,1,4,3,0,0,0,1,0,3,5,1,0,1,0,0,2,0,4,1,4,0,0,0,2,0,0,0,7,2,0,4,2,0,0,0,0,0,1,2,0,0,5,0,0,0,0,2,0,2,0,3,2,0,0,0,0,2,0,1,0,1,0,1,1,3,0,0,11,6,2,2,1,0,5,3,3,0,6,4,0,0,0,4,1,0,4,0
Erc1,0,2,4,4,3,2,7,1,1,3,2,0,0,0,3,1,0,0,0,0,0,2,2,0,0,0,6,2,4,0,1,2,2,1,0,1,2,3,0,7,4,1,0,0,0,0,0,3,0,0,5,3,0,2,0,2,6,4,0,0,3,2,4,0,0,0,0,0,1,0,0,4,12,1,0,0,0,1,0,2,0,0,0,0,2,6,4,0,2,0,0,3,3,6,1,0,0,4,1,0,5,4,3,1,4,2,0,0,3,1,3,3,2,7,5,3,0,0,3,0,0,0,1,3,0,0,2,0,0,3,0,2,0,0,0,0,0,3,1,1,2,0,4,1,0,3,0,0,0,4,0,1,0,0,3,0,3,0,0,0,0,1,3,1,4,1,0,1,0,4,3,0,1,0,0,0,0,0,4,0,0,0,4,0,0,2,0,4,3,1,2,5,0,6,1,5,0,1,2,2,0,1,0,0,0,3,5,0,0,0,1,1,0,0,1,2,1,1,1,3,0,0,1,0
Atp6v1e1,7,4,8,1,7,8,3,3,7,4,3,0,6,2,5,2,2,6,6,1,10,18,10,0,0,0,13,6,8,0,0,4,3,24,2,1,0,19,14,8,17,8,3,0,0,0,10,15,5,0,12,6,0,19,23,17,1,0,2,0,6,10,5,0,0,5,5,17,2,2,1,32,0,6,0,0,1,0,0,3,0,0,0,2,9,12,11,0,3,6,9,0,7,3,5,15,4,0,14,4,5,11,12,6,7,6,0,12,15,12,3,2,5,5,9,8,4,9,9,10,1,0,0,1,0,0,1,6,6,7,0,2,0,0,2,3,4,9,11,8,2,2,9,7,5,4,5,0,9,7,8,0,0,1,4,17,1,0,14,5,5,4,9,1,7,5,1,4,7,2,0,10,5,0,3,0,0,0,0,0,2,0,2,0,8,4,0,6,9,8,0,18,1,6,1,4,8,7,10,2,6,5,6,0,4,8,7,2,3,2,8,7,0,0,8,2,0,0,5,18,16,8,4,0
Chd4,16,7,6,8,0,8,8,7,0,2,14,2,8,7,18,10,0,0,14,1,1,11,8,0,0,15,9,8,9,12,17,2,11,6,6,10,3,11,14,0,12,0,0,1,0,0,0,6,7,2,4,7,0,33,7,3,4,0,7,0,15,4,0,0,8,0,0,1,0,17,1,2,2,15,0,1,4,6,0,6,0,1,1,6,6,8,17,0,2,0,2,2,4,14,2,19,1,2,12,2,12,2,3,16,1,10,0,10,4,22,2,0,1,2,11,11,0,0,7,3,0,0,2,2,0,0,8,2,0,4,0,8,0,0,0,4,0,0,8,2,0,0,8,0,0,7,8,0,2,8,6,0,2,0,6,24,4,0,0,4,6,2,1,6,4,3,0,4,12,10,2,5,15,4,6,0,0,4,3,0,2,0,1,6,6,5,0,4,8,1,0,6,0,1,4,3,7,8,11,0,6,0,6,2,3,12,4,6,0,0,2,0,5,4,5,4,0,0,4,6,8,1,0,6
Ltbr,15,4,8,4,2,4,1,10,16,2,6,3,7,3,2,11,1,0,0,0,4,3,4,0,0,1,10,5,7,2,8,1,7,7,5,6,0,5,0,0,1,0,1,7,0,0,2,3,10,0,0,3,0,12,10,0,0,6,1,3,7,10,3,0,4,0,0,3,0,6,1,4,5,2,4,0,1,1,3,5,0,0,6,4,0,3,6,2,6,7,2,0,8,2,0,0,0,5,8,3,3,10,3,5,1,9,0,2,6,15,6,0,4,3,8,7,2,8,0,0,2,0,7,0,0,0,0,0,0,3,2,3,0,1,2,0,1,6,0,3,0,0,4,3,3,3,6,2,2,2,2,0,0,2,3,3,4,3,0,4,6,2,2,7,0,9,5,1,2,2,0,3,4,0,6,0,2,3,5,1,0,0,2,0,5,2,0,3,7,2,0,7,2,0,7,4,4,3,7,1,3,2,7,4,2,9,8,5,2,3,4,3,2,2,0,2,0,0,8,3,6,0,2,1
Kras,10,13,0,1,0,27,6,7,15,13,15,0,4,3,4,9,0,0,7,0,0,2,10,0,0,8,13,3,10,8,8,2,0,8,1,0,7,0,15,8,5,11,0,6,0,0,3,0,2,0,5,0,0,8,18,9,9,0,0,0,0,3,3,0,0,0,0,9,4,19,2,19,0,0,5,10,20,0,1,0,8,0,8,8,1,0,11,0,0,0,4,3,14,14,5,1,4,0,3,9,3,3,0,0,0,4,0,4,0,0,12,0,8,8,11,11,0,12,6,0,0,0,3,5,0,0,0,7,2,5,0,2,0,0,0,0,0,4,9,3,6,0,0,4,0,3,8,0,3,4,1,0,0,2,5,13,0,2,0,0,0,1,0,1,10,0,0,4,2,1,0,0,3,0,4,0,2,3,3,0,0,6,2,2,8,2,1,5,0,5,0,9,0,4,6,9,4,5,2,0,0,3,8,1,3,16,7,4,6,0,2,8,0,0,6,10,0,0,0,0,2,5,6,0
Ergic2,0,0,3,0,7,10,9,8,0,1,2,6,4,1,10,3,0,1,6,0,4,4,5,1,0,0,10,0,10,5,0,0,0,8,7,0,0,2,6,0,12,0,0,0,2,0,0,8,4,0,3,4,0,7,6,0,7,2,0,0,7,5,0,0,6,0,2,0,5,8,0,11,37,0,0,0,7,0,2,0,2,0,0,0,2,15,4,0,0,6,7,0,5,0,0,5,0,0,13,1,7,8,4,5,7,2,6,0,3,4,4,0,4,1,6,6,0,2,6,0,0,3,6,4,1,0,0,0,0,0,0,9,0,5,1,0,0,8,8,0,0,0,4,5,0,8,5,0,0,9,2,0,1,1,4,2,5,2,2,4,3,6,1,2,3,0,2,1,8,6,0,9,2,0,5,3,0,4,3,0,5,2,5,11,4,4,0,5,4,9,0,3,0,1,0,1,5,4,3,4,0,0,0,5,13,7,0,3,0,3,0,2,4,0,9,5,0,0,4,8,5,0,0,3
Tsen34,0,10,8,0,0,0,13,0,10,0,5,2,0,0,9,7,0,0,0,0,0,4,0,3,0,8,9,5,0,2,8,4,0,0,6,0,0,0,16,1,0,0,11,0,0,12,0,1,5,0,0,19,0,4,0,0,0,0,7,0,6,3,0,0,7,0,0,5,0,8,2,16,0,0,4,15,11,0,0,0,0,0,4,0,0,7,0,0,0,0,5,0,11,10,3,4,0,0,2,0,4,9,0,0,3,0,1,2,8,2,10,0,5,6,10,1,0,9,7,0,3,0,6,0,0,0,7,4,0,0,0,7,0,0,0,0,0,0,11,0,0,0,0,0,0,6,7,0,3,9,1,0,1,4,0,0,3,6,0,1,0,0,1,0,0,0,0,2,4,0,0,0,0,0,1,0,1,1,9,1,0,0,4,1,0,4,0,0,6,0,0,4,0,7,11,10,0,6,0,0,0,3,5,0,0,9,5,4,0,0,2,8,0,0,0,12,0,0,3,7,0,6,0,0
Epn1,0,3,4,7,0,2,0,2,0,0,0,0,2,0,2,4,0,4,9,0,0,0,0,15,0,2,3,0,6,6,3,7,0,5,8,0,0,11,0,2,0,0,0,3,0,4,0,5,5,0,0,0,0,11,0,0,0,0,10,0,0,5,0,0,0,0,0,8,0,0,5,5,10,0,0,3,2,0,0,4,0,0,2,1,4,0,5,0,2,4,5,0,5,5,0,2,0,0,5,9,0,2,7,0,0,0,0,1,10,0,5,0,1,1,5,0,1,2,0,0,0,0,0,0,0,0,1,0,0,5,0,0,0,0,0,0,0,0,0,0,0,0,5,3,0,8,0,0,0,3,0,0,0,0,1,1,3,2,2,0,0,3,0,3,4,4,0,2,1,0,0,0,0,0,0,0,0,1,0,0,0,0,0,3,5,1,0,0,0,3,0,0,0,0,4,0,0,6,1,0,4,5,0,0,1,0,2,1,0,0,0,0,0,0,0,4,0,0,5,5,5,0,0,0
Sae1,5,24,17,0,5,24,13,5,8,1,12,8,11,5,8,16,0,8,13,0,10,18,21,10,0,5,13,7,6,4,8,9,14,2,9,15,0,26,33,5,9,9,10,0,0,14,9,16,15,3,7,13,0,10,14,5,14,0,14,0,2,23,0,1,1,0,6,26,5,15,15,30,25,0,0,16,22,0,5,7,2,0,7,2,9,6,7,0,0,4,8,3,15,22,0,1,10,1,15,9,0,23,6,3,0,5,2,12,16,6,7,0,7,15,10,0,0,14,6,2,0,0,3,1,0,0,3,0,0,7,3,14,1,2,0,2,0,7,4,8,2,0,7,6,1,8,3,0,4,5,7,0,3,3,3,2,6,3,2,10,3,1,9,12,7,5,0,0,4,6,0,9,7,0,3,3,1,14,19,0,0,2,0,3,1,12,3,7,12,2,2,9,0,4,7,19,5,13,6,4,2,2,4,0,3,10,16,6,1,1,8,15,10,6,6,12,0,3,8,9,11,2,0,0
Psmd8,40,25,7,17,30,33,0,14,18,38,39,9,2,12,41,22,0,2,22,3,19,14,24,18,8,6,69,37,21,11,14,17,11,17,16,44,10,13,19,17,18,25,22,3,2,50,18,16,28,15,29,32,6,41,58,35,3,12,24,5,35,10,0,0,39,0,16,23,20,92,10,30,23,6,39,30,15,6,15,9,9,5,20,18,31,11,31,4,15,6,2,16,34,25,10,6,4,8,20,20,14,26,16,15,3,6,4,31,21,12,15,0,15,21,17,12,3,13,10,6,10,8,0,4,2,6,17,10,3,12,9,17,4,5,0,7,9,12,16,8,0,2,20,7,0,18,9,8,10,15,7,11,0,2,30,21,16,11,12,20,15,7,9,7,19,17,11,4,20,12,0,8,20,3,22,14,0,14,9,3,5,14,17,12,27,9,0,9,3,21,10,16,0,12,12,20,5,17,19,6,9,0,23,0,13,19,4,9,4,1,27,24,3,8,8,14,1,0,15,26,16,20,0,9
Polr2i,0,0,5,7,0,5,0,1,0,4,8,4,2,0,6,3,0,0,0,0,1,6,12,5,5,7,19,13,8,4,0,4,3,0,0,8,0,7,6,0,6,6,0,0,0,0,0,3,0,0,0,4,0,2,15,6,10,0,3,0,3,0,4,0,2,5,0,8,5,4,2,2,4,1,10,6,3,1,0,0,2,2,1,3,0,4,8,0,2,3,1,0,2,5,2,2,5,2,1,0,4,5,0,4,7,7,5,2,4,3,6,1,3,6,0,7,0,4,11,1,2,2,1,3,0,7,1,0,4,3,5,3,0,0,1,0,2,0,0,1,1,0,6,3,0,2,3,0,0,5,0,0,0,2,1,2,0,5,0,4,2,2,0,2,0,5,3,0,3,4,6,1,2,2,2,5,0,4,3,0,2,0,1,1,2,0,4,5,0,2,1,1,2,1,8,6,1,2,0,1,0,2,3,1,1,7,5,0,3,0,1,4,3,1,0,7,2,0,6,6,1,1,0,2
Tmem147,0,26,0,6,8,49,39,19,0,28,30,11,13,5,19,14,0,5,22,6,15,27,0,12,4,6,29,32,16,23,12,7,16,0,0,15,2,26,16,10,16,29,10,9,16,18,22,52,15,0,12,16,8,16,31,27,3,14,10,7,3,18,0,0,11,0,2,14,12,56,7,54,34,0,27,30,22,9,12,20,1,4,14,8,31,12,37,5,12,27,8,9,16,9,13,9,9,9,21,22,23,16,10,28,10,18,4,22,10,26,3,10,27,15,22,16,4,11,8,3,5,8,6,12,9,4,25,16,8,12,3,7,0,4,0,6,14,10,7,11,2,1,9,12,12,7,27,7,13,19,4,18,8,3,11,10,8,4,6,24,15,17,7,13,11,9,5,6,11,10,18,7,8,2,7,16,3,10,6,1,1,3,22,13,11,15,6,9,0,18,2,13,7,13,14,12,9,5,7,5,10,20,13,8,15,17,5,10,13,4,6,19,17,6,8,7,6,4,11,14,13,18,3,6
Pop4,0,0,1,15,0,20,0,0,5,0,1,0,6,3,0,5,0,2,4,0,5,9,4,1,0,6,4,11,3,4,6,4,0,4,7,4,0,0,14,2,0,7,0,0,2,7,5,1,1,0,5,16,1,6,0,0,13,4,0,2,3,8,3,0,6,0,0,6,0,12,7,0,15,4,6,4,18,0,1,0,3,0,3,0,0,6,3,0,2,8,0,0,1,4,0,6,4,3,6,8,8,2,9,0,2,0,0,0,6,7,0,0,0,2,0,3,0,5,9,7,0,0,3,0,0,1,0,0,2,7,4,5,0,0,0,3,4,2,4,0,3,0,2,1,1,7,0,2,1,3,3,0,0,5,6,2,0,2,5,9,15,0,5,0,1,0,1,3,3,4,0,5,0,0,1,7,0,6,1,0,0,2,1,4,0,2,0,6,4,7,0,6,0,5,8,1,4,4,0,1,0,7,5,0,3,8,2,2,0,0,2,6,4,8,5,6,2,0,7,3,2,0,5,1
Etfb,1,9,1,7,10,15,9,3,7,14,3,4,2,1,0,1,0,0,3,0,4,4,13,2,0,22,12,8,15,3,4,4,4,11,5,10,0,3,9,2,8,6,0,0,0,12,5,2,4,1,14,4,0,4,9,13,4,0,7,0,5,4,5,0,13,2,0,7,1,4,1,15,10,0,0,5,15,6,11,14,0,0,14,7,33,43,8,0,0,0,10,0,60,54,5,9,0,5,16,16,1,39,7,11,8,10,0,25,43,21,14,0,14,38,13,24,0,5,31,2,0,0,2,6,3,0,13,8,0,8,0,23,0,8,0,8,2,5,9,10,0,2,19,25,0,23,8,2,6,26,12,0,0,2,12,27,20,6,7,5,14,0,22,13,17,3,0,5,44,32,1,13,17,0,7,8,3,23,16,0,0,2,22,11,0,6,0,25,9,36,6,30,0,19,13,28,11,10,17,9,7,26,25,3,31,22,23,15,2,13,16,14,5,22,16,43,10,0,19,31,21,0,0,12
Cpt1c,9,0,1,0,8,24,10,0,7,9,10,4,13,4,6,5,0,4,0,0,2,6,0,7,0,6,6,10,14,0,0,0,0,0,3,5,5,6,15,6,0,2,3,0,8,0,0,4,11,0,7,6,2,0,7,0,2,6,0,0,13,5,0,0,6,2,0,13,0,54,0,0,0,0,0,9,10,0,0,5,0,0,9,0,5,0,10,0,5,0,9,1,6,7,5,5,7,2,8,3,3,18,18,5,0,7,1,5,16,6,2,0,11,5,3,10,0,0,4,5,0,0,0,7,0,0,3,4,0,7,0,6,0,0,0,2,0,3,4,6,0,0,0,2,7,9,0,4,3,6,1,0,0,0,0,3,0,0,0,3,13,4,4,2,8,3,0,7,7,3,0,0,1,0,2,0,0,1,0,3,4,1,3,0,9,1,2,3,2,8,4,0,0,0,6,0,0,5,8,0,6,0,1,4,3,0,0,4,0,0,13,3,0,4,5,2,6,0,0,5,6,1,0,0
Gys1,17,6,7,7,0,25,21,31,0,15,14,11,10,10,15,10,0,0,23,0,0,0,17,0,7,0,8,19,6,0,12,14,10,0,0,26,0,11,0,0,20,1,0,0,0,9,0,5,0,0,3,14,12,10,11,8,0,16,12,3,10,2,0,14,11,0,0,35,6,7,3,18,0,0,0,16,0,1,3,0,0,0,20,0,10,7,0,0,0,5,11,0,3,9,4,6,0,5,8,5,8,7,0,10,0,13,0,0,11,14,10,0,0,14,19,5,0,6,13,4,0,0,0,0,0,0,0,7,13,20,0,6,0,0,0,0,0,0,7,19,0,0,24,12,0,12,0,0,3,4,1,0,0,1,10,16,10,3,8,2,2,3,15,1,40,15,0,0,0,13,0,5,9,2,0,0,0,6,9,0,0,0,6,0,0,0,0,6,0,22,0,6,0,0,0,5,4,6,5,0,0,0,6,0,10,1,8,7,3,0,17,7,0,0,1,15,0,0,9,0,11,9,0,0
Nucb1,13,19,3,13,8,42,31,15,0,22,16,9,18,6,24,18,0,0,2,5,28,11,18,18,0,5,12,33,10,6,25,15,16,0,17,13,0,18,26,24,12,0,18,0,0,15,13,35,22,1,12,27,3,34,18,5,3,0,5,0,21,2,7,0,21,0,1,24,15,54,30,26,28,16,7,40,21,0,4,11,3,0,5,7,9,14,10,0,5,22,16,6,16,24,3,14,6,2,26,21,3,7,28,6,6,33,0,13,7,29,18,0,16,18,17,5,1,2,18,2,0,0,0,6,0,0,16,9,3,14,1,4,0,0,0,18,0,5,6,9,0,0,12,31,0,30,8,9,4,5,2,1,3,0,11,17,10,21,8,8,12,4,3,7,11,10,0,5,12,7,4,12,8,0,8,1,2,14,8,0,4,1,11,0,20,1,0,15,4,7,0,3,5,13,12,8,3,10,11,7,5,11,13,3,18,20,3,6,0,2,6,12,6,4,18,8,0,0,37,10,11,10,1,5
Cyfip1,10,8,11,7,2,26,12,2,10,5,16,2,4,7,8,5,0,1,2,0,11,2,7,4,3,3,14,5,3,0,4,0,10,0,10,3,4,11,4,5,9,4,2,2,1,12,5,14,5,7,0,3,2,3,7,9,5,0,6,0,0,9,5,0,8,1,0,12,3,22,0,1,15,3,5,14,13,2,0,8,2,1,14,1,1,6,9,0,7,3,9,3,8,11,0,8,3,0,16,1,5,12,6,0,0,4,3,8,7,13,6,0,11,6,16,2,1,6,11,2,3,1,2,2,0,0,6,3,3,5,0,9,0,2,0,0,1,3,3,2,3,4,2,7,2,12,3,1,8,4,1,0,0,3,5,6,4,7,2,3,2,11,8,4,8,4,1,5,7,5,0,0,3,0,8,1,1,8,8,1,4,0,2,0,3,7,2,11,5,2,2,1,0,3,6,7,3,5,2,6,5,6,9,6,0,7,8,4,3,5,7,3,0,5,2,8,3,1,2,2,9,12,4,8
Herc2,2,0,0,3,0,35,6,4,0,9,1,0,3,5,0,7,0,0,0,0,0,0,4,0,2,4,5,0,12,0,15,4,2,2,2,0,2,13,0,4,0,16,0,0,0,3,6,11,0,1,0,0,0,0,5,0,0,0,0,0,8,0,0,0,0,0,3,0,5,1,0,0,0,4,5,11,0,1,0,0,0,0,0,0,7,6,3,0,0,0,0,0,4,4,0,3,0,1,5,3,11,0,11,3,5,3,0,6,9,0,0,0,4,0,7,4,0,2,6,2,0,0,0,3,0,0,0,0,0,3,0,7,0,0,0,3,0,2,0,8,0,0,4,4,0,1,0,0,4,11,1,0,0,0,8,4,1,0,21,0,0,6,0,6,3,6,0,0,5,4,0,6,5,0,5,2,0,0,3,0,0,0,10,0,5,5,1,6,3,2,0,6,0,1,3,7,4,2,0,0,0,1,0,0,7,4,0,0,0,0,0,0,0,5,3,3,0,0,4,0,8,1,0,6
Cib1,12,15,25,0,7,0,44,3,8,8,10,0,0,0,11,0,0,0,0,4,22,0,20,50,9,2,38,29,25,0,0,13,24,8,0,28,0,0,25,0,11,38,17,6,20,20,15,0,33,0,10,17,4,29,29,43,14,0,9,8,17,0,0,0,21,0,0,0,0,61,11,30,14,20,11,0,18,0,22,5,0,0,23,7,9,24,21,17,0,12,10,13,18,22,9,13,5,6,29,14,15,0,11,18,18,8,13,8,8,12,3,0,21,0,22,9,16,1,24,5,0,13,9,20,7,0,4,9,0,9,0,0,0,0,0,6,8,5,11,0,0,0,14,19,0,15,21,0,15,9,4,15,4,8,16,33,12,3,11,8,16,20,5,1,12,13,0,8,13,7,0,8,10,1,29,8,0,0,19,6,0,13,6,6,8,12,0,27,0,19,1,20,0,0,0,3,0,13,17,0,10,10,21,5,14,7,10,8,0,9,5,6,10,0,14,28,10,0,28,12,8,20,6,0
Picalm,0,7,2,6,6,9,11,7,5,8,2,7,2,2,4,0,0,1,2,2,6,2,6,2,3,11,4,4,12,0,3,6,6,9,2,8,2,4,9,8,6,0,2,2,2,3,10,7,0,4,5,5,7,3,4,1,1,0,6,0,10,7,2,0,3,0,3,5,3,4,4,17,2,0,5,8,6,5,1,4,0,0,5,2,5,5,6,1,0,0,5,0,3,5,13,5,6,0,3,3,3,4,1,6,3,4,0,2,7,7,3,1,4,1,4,1,3,0,5,8,0,0,5,3,0,0,4,11,0,3,4,6,0,2,0,1,2,1,3,2,0,0,6,2,2,1,2,3,1,2,0,3,0,2,2,1,3,5,3,1,1,4,3,1,2,9,4,1,3,3,3,0,4,1,2,1,0,1,3,0,0,0,2,0,4,1,0,6,2,6,0,4,6,0,0,3,1,4,2,5,5,2,3,0,2,6,7,1,3,0,2,1,5,7,2,7,1,0,3,3,5,6,6,2
Spcs2,12,25,6,9,0,39,27,11,16,18,13,0,2,5,20,9,2,6,8,4,20,3,17,25,2,3,43,14,11,16,35,12,14,4,11,8,9,27,30,24,21,4,1,9,2,19,5,18,18,7,19,14,5,28,14,14,11,7,1,3,7,12,0,0,5,0,0,10,4,36,11,18,39,16,7,23,10,9,7,9,0,1,18,7,16,12,24,0,11,18,7,4,14,15,1,10,6,7,15,10,11,15,18,19,14,2,0,17,11,15,17,0,13,20,15,9,2,5,10,7,3,3,1,2,0,11,4,2,11,11,4,10,0,5,0,2,0,6,14,2,0,4,16,20,7,20,11,0,7,12,3,4,2,6,9,6,11,4,10,14,4,5,6,12,11,14,4,3,13,13,7,7,5,5,4,1,2,2,13,0,0,4,1,7,5,8,1,10,6,14,5,12,8,4,10,8,6,3,23,6,6,9,6,6,7,5,5,12,0,7,8,16,13,7,17,12,8,1,39,15,14,4,2,4
Ilk,19,21,9,10,9,25,14,24,6,10,15,10,6,2,11,5,0,4,9,0,4,11,16,1,0,8,23,21,16,6,11,6,6,17,11,30,7,13,9,9,4,3,0,0,12,32,4,14,9,1,3,14,2,20,21,16,8,2,16,8,5,17,12,0,13,0,0,18,14,1,14,15,12,5,2,16,17,3,4,7,1,0,9,4,12,12,22,0,2,0,14,2,9,16,7,2,10,0,17,11,10,7,5,3,4,17,2,5,15,9,1,1,9,14,28,22,0,3,13,10,1,13,15,3,0,10,15,10,3,12,0,5,0,1,0,0,4,4,10,4,0,0,5,8,0,6,10,3,2,8,1,8,0,0,9,15,19,9,6,14,7,5,5,3,13,10,1,3,10,10,3,5,7,0,6,8,4,7,8,2,0,4,9,14,6,3,0,13,13,5,3,18,3,8,11,10,8,12,6,7,2,8,7,3,5,12,12,1,3,2,7,12,5,15,4,12,0,5,8,18,15,0,11,4
Tmem9b,7,0,4,0,5,6,0,15,0,10,14,0,6,2,5,2,0,0,11,0,0,3,0,0,0,14,19,12,6,3,2,5,18,0,12,16,0,0,10,2,0,9,0,9,13,2,2,6,5,0,1,14,1,12,14,23,11,7,0,6,3,0,1,0,12,0,0,20,0,24,1,9,18,21,3,5,9,4,4,5,3,0,13,3,3,8,8,2,1,3,7,1,0,1,3,10,6,5,7,6,16,9,9,7,1,6,3,14,3,4,7,0,1,4,5,9,0,9,12,15,1,2,2,4,0,9,8,0,6,5,0,3,1,0,0,0,6,7,4,6,0,0,11,13,17,7,4,3,0,7,6,0,1,0,4,0,1,0,0,4,0,0,7,0,6,1,0,4,5,4,11,3,5,0,3,0,0,0,6,4,4,0,6,3,5,5,0,5,4,4,0,9,2,2,8,4,0,2,3,2,3,4,3,3,12,0,6,3,0,2,2,4,6,9,2,3,7,0,2,9,12,2,1,2
Eif4g2,0,6,27,9,23,47,45,44,33,0,16,29,18,0,9,0,0,0,0,0,20,21,1,23,9,42,83,30,26,0,45,0,27,0,26,10,0,0,55,8,0,18,35,0,0,47,32,0,22,0,0,34,1,51,0,0,22,33,0,15,10,0,14,2,0,0,0,32,0,73,15,0,68,0,15,31,37,28,0,0,0,0,0,12,10,0,23,15,33,14,0,0,0,14,0,0,21,35,16,20,0,16,5,24,0,2,0,0,1,11,14,10,8,0,1,15,0,16,16,0,0,12,0,0,13,27,26,32,12,0,10,12,0,0,0,0,0,1,2,0,3,0,0,0,0,16,0,18,0,19,14,1,0,0,0,0,9,9,26,0,4,8,12,19,20,14,16,15,8,0,25,17,7,0,0,18,17,0,1,7,0,0,0,0,0,16,0,5,16,3,8,0,0,15,0,9,28,0,1,6,4,10,5,0,0,38,0,0,3,12,0,0,34,23,0,23,22,0,0,7,37,31,1,0
Usp47,0,1,0,6,1,21,18,9,8,2,0,2,0,7,0,2,0,3,7,2,2,9,0,1,0,3,7,6,11,2,4,0,5,0,3,16,3,12,2,9,18,0,0,0,2,8,4,5,0,0,6,1,4,0,16,13,7,0,5,0,4,6,0,0,19,0,0,20,0,15,2,26,0,5,6,46,10,2,2,4,0,0,1,0,9,2,7,0,0,4,12,1,4,15,5,5,8,0,1,5,6,6,15,5,0,6,0,8,5,6,0,0,6,12,13,6,0,0,11,10,0,0,6,0,0,0,5,4,1,4,3,7,0,1,0,4,0,0,2,1,0,0,0,5,2,9,0,3,0,3,5,0,1,3,9,5,3,1,8,11,0,0,4,5,6,6,0,4,4,8,4,10,4,5,5,0,0,9,4,0,0,4,3,4,0,3,1,11,0,1,0,6,5,2,7,5,2,2,7,3,1,9,1,3,10,5,12,0,2,0,0,5,1,2,5,4,3,0,9,4,9,6,0,2
Rps13,0,4,5,4,5,10,6,0,7,3,27,0,4,4,3,6,1,0,4,0,0,9,5,8,0,1,10,15,9,0,0,3,2,2,0,7,3,8,8,4,4,5,1,5,1,12,0,7,11,0,2,1,0,3,4,3,10,8,4,5,1,3,1,1,2,1,0,9,0,0,1,19,11,7,13,8,2,5,2,6,1,0,6,0,7,3,9,2,7,3,7,5,0,3,4,5,2,2,8,3,6,10,5,8,2,3,5,1,7,4,0,0,5,3,13,4,0,0,6,3,6,4,0,7,0,4,5,6,5,4,5,3,0,1,0,1,2,3,2,0,3,0,4,0,0,8,4,0,0,3,5,4,2,3,3,7,2,4,0,3,2,0,4,2,1,6,6,5,6,3,5,3,4,0,0,3,0,4,6,2,0,0,10,0,0,3,0,6,4,2,1,10,0,4,5,2,3,0,3,7,3,1,0,0,6,3,5,3,2,4,0,12,5,1,10,8,4,2,2,6,8,2,0,0
Gga2,0,13,0,0,0,20,0,0,0,0,0,0,0,0,0,10,0,0,7,0,0,0,0,0,1,0,0,7,2,0,0,0,0,0,0,7,0,0,0,0,0,0,0,0,0,0,12,0,0,0,0,0,0,0,7,0,28,0,0,0,0,0,0,0,0,0,0,0,0,23,0,15,0,0,0,0,8,0,0,0,0,0,0,0,0,6,2,0,0,0,6,0,0,3,0,9,0,0,0,0,0,4,7,5,0,0,0,0,4,0,6,0,2,4,0,2,0,0,4,0,0,0,0,0,0,0,0,0,0,3,3,0,0,0,0,0,0,0,0,6,0,0,5,4,0,21,0,0,0,1,8,0,0,0,0,0,2,0,0,6,0,0,7,4,0,0,0,0,3,0,0,4,0,0,8,0,0,6,0,0,0,0,2,0,0,2,0,0,0,0,0,0,0,0,0,0,0,3,1,0,0,8,0,0,6,3,5,2,0,0,0,1,0,0,0,11,0,0,0,0,0,0,1,6
Tnrc6a,0,6,4,0,0,10,0,5,0,0,5,3,0,0,0,2,0,1,0,0,7,0,0,0,0,0,9,5,5,0,0,7,0,0,3,9,0,4,3,0,0,0,0,0,0,6,0,0,7,0,0,0,0,0,0,3,12,0,4,0,0,4,0,0,3,0,0,6,4,0,3,18,28,4,0,0,7,1,0,6,0,0,2,0,0,0,13,0,3,0,3,0,2,1,0,7,0,5,11,4,0,0,0,5,6,0,0,0,0,7,6,0,8,1,2,9,0,7,4,5,0,0,0,2,0,0,3,0,0,0,0,5,0,0,0,0,0,0,2,2,0,0,0,5,0,0,5,0,0,3,0,0,0,0,2,3,1,2,2,0,0,8,9,0,5,0,0,5,0,0,5,2,3,0,0,0,0,5,5,0,0,0,0,0,0,2,2,0,0,0,0,4,0,3,10,0,0,3,0,1,0,0,0,1,3,0,0,0,0,1,3,13,0,0,0,0,0,0,0,0,0,2,1,0
Gtf3c1,2,8,3,4,2,0,0,4,8,0,5,0,1,3,8,0,0,0,0,0,2,0,5,8,0,17,0,17,0,0,11,2,8,0,0,9,0,6,6,2,1,7,0,3,0,0,6,0,9,0,3,4,1,0,7,7,0,0,0,5,0,5,3,0,0,0,0,0,3,25,0,16,15,1,5,0,8,0,3,6,1,0,4,0,1,2,2,0,0,6,5,0,8,0,1,4,0,2,0,4,1,0,5,7,5,0,0,3,0,6,0,0,2,5,8,8,0,0,6,0,0,0,7,0,0,0,4,1,0,3,2,0,0,0,0,7,0,0,0,0,0,0,4,0,0,3,7,0,0,3,0,0,0,0,6,4,0,3,3,7,0,2,3,3,3,3,0,0,0,4,3,0,2,0,10,0,0,0,0,0,1,0,0,2,2,1,0,3,0,0,0,4,0,7,3,0,3,2,2,0,2,0,5,1,1,6,0,0,0,0,3,2,0,0,2,0,0,0,1,4,0,3,1,2
Armc5,0,4,4,0,0,12,4,4,0,0,0,2,0,0,0,3,0,0,0,0,0,5,0,0,0,0,13,9,0,0,0,0,0,0,2,0,0,0,0,9,0,0,1,0,0,0,0,0,5,0,0,0,0,0,0,4,0,0,0,0,0,0,0,0,9,0,0,0,0,0,6,0,0,0,0,14,10,0,0,0,0,0,4,0,2,0,6,0,0,0,0,2,0,0,0,0,0,0,6,0,0,7,0,0,3,0,0,10,4,0,0,0,0,2,0,0,0,0,0,5,0,0,0,0,0,0,2,0,0,0,0,7,0,0,0,0,0,0,0,0,0,0,6,0,0,0,0,6,0,4,0,0,0,0,0,0,0,0,4,0,0,0,4,5,0,0,0,0,4,1,0,0,0,0,4,0,0,5,0,0,0,0,0,0,0,0,0,0,0,4,0,0,1,0,1,0,0,2,3,0,0,4,0,0,0,3,0,0,0,0,0,4,0,0,0,0,0,2,0,3,5,0,0,0
Tgfb1i1,3,9,9,6,3,12,20,8,2,7,12,3,4,11,18,0,3,4,17,10,4,6,14,9,0,8,30,15,15,7,11,6,7,2,6,11,2,9,20,14,4,18,0,6,0,20,4,18,7,9,12,6,2,0,23,14,3,2,5,6,13,14,4,0,16,0,0,9,8,13,9,39,16,10,13,43,22,5,5,4,6,3,18,15,8,12,8,2,4,4,6,2,9,9,12,9,5,5,10,12,25,9,0,4,1,4,2,11,18,19,14,0,8,8,20,20,2,10,9,2,4,2,6,8,0,11,6,5,1,12,2,25,0,1,0,0,0,3,8,7,4,0,9,2,3,6,3,13,0,12,6,0,3,5,6,13,8,0,6,12,10,7,6,14,3,2,0,4,9,7,14,0,6,0,20,6,1,6,4,0,1,10,9,4,7,5,3,13,8,8,8,10,11,10,7,6,3,7,5,3,12,3,8,5,7,14,11,7,2,3,6,24,7,10,6,4,2,0,4,16,9,5,1,3
Ifitm3,17,50,63,50,25,56,90,75,57,97,77,37,60,10,53,48,27,9,46,24,61,40,82,48,20,46,106,72,63,45,64,43,51,90,46,51,36,67,89,46,55,56,70,23,37,82,73,86,61,7,36,63,11,0,75,80,24,37,32,43,41,36,4,33,71,14,31,48,63,155,74,174,69,56,71,68,56,40,53,67,7,23,113,41,43,83,48,22,14,128,50,37,34,41,55,61,27,35,45,24,58,57,112,67,59,27,12,43,87,80,38,32,67,47,88,82,19,34,92,31,34,43,16,39,6,28,62,28,30,36,30,14,6,1,0,66,17,19,44,40,8,11,28,80,24,33,84,46,8,22,13,27,5,7,30,34,29,43,30,28,57,8,29,35,16,58,24,23,36,31,70,23,26,15,43,35,9,30,75,45,18,23,39,29,30,47,17,54,22,92,27,54,18,39,31,24,25,33,37,16,40,27,36,36,33,36,34,35,26,9,39,27,47,18,78,31,7,20,52,80,47,20,26,19
Cd81,26,34,21,53,27,56,42,62,34,43,34,32,15,20,70,36,28,18,20,7,60,39,57,48,13,37,74,47,43,23,36,32,23,41,13,36,25,47,45,32,62,21,36,30,22,97,30,43,41,24,33,36,16,0,57,18,10,25,27,30,43,23,8,20,53,11,7,36,15,131,24,67,54,46,37,47,35,20,25,16,7,4,25,20,38,28,48,10,22,50,43,21,43,34,26,69,7,42,28,38,39,43,83,32,48,32,20,41,44,27,26,24,37,22,58,39,15,20,38,21,61,15,24,18,6,14,47,25,11,33,17,25,1,8,0,38,8,19,38,20,4,6,23,43,44,44,33,33,30,27,17,11,11,16,33,27,18,27,24,16,38,17,23,18,27,25,13,29,41,36,31,16,34,11,19,14,10,25,29,30,29,18,24,30,52,19,20,33,9,50,21,38,28,42,37,25,8,37,44,18,15,25,40,34,23,42,21,34,12,14,28,31,34,34,37,16,8,14,21,57,26,21,21,14
Ash2l,9,0,0,3,5,6,27,11,0,3,0,0,5,2,0,3,0,3,0,0,0,7,4,1,0,0,11,0,2,6,1,6,0,0,0,3,0,0,8,8,9,0,1,0,0,0,13,3,4,0,5,9,0,0,7,10,9,0,10,0,0,9,0,0,0,0,0,0,0,7,2,12,0,5,0,0,6,4,2,3,5,0,0,1,9,11,11,0,0,0,4,0,2,8,0,11,0,4,2,8,0,8,1,4,3,7,5,4,7,11,8,0,0,12,4,8,1,6,8,15,0,1,2,0,0,1,0,1,0,3,2,3,3,0,0,2,0,4,0,0,0,2,5,11,0,5,3,0,0,2,0,0,2,2,4,1,0,10,3,5,0,4,5,1,5,0,0,3,8,3,0,5,0,0,5,0,0,6,2,0,0,0,5,4,5,5,0,7,8,6,0,0,0,0,6,2,1,0,7,0,1,2,2,0,4,4,6,2,0,0,5,6,0,4,0,5,4,0,7,0,0,0,0,0
Leprotl1,7,16,12,11,8,19,35,4,0,12,2,16,9,2,3,10,0,1,0,2,15,7,11,7,4,26,16,8,6,2,9,8,7,0,10,19,7,13,21,12,10,0,2,6,4,4,24,18,15,0,3,19,5,10,20,0,8,4,0,2,21,6,5,0,25,15,0,16,14,35,0,37,2,3,10,0,22,9,11,13,2,1,9,6,14,16,15,0,25,12,6,6,9,3,12,1,15,6,15,11,11,7,4,7,1,17,11,17,1,12,14,4,5,10,27,8,2,2,8,1,4,7,3,4,4,0,14,4,17,14,7,17,9,0,4,0,7,14,11,2,2,0,2,4,3,0,17,0,8,11,5,5,0,4,6,18,10,1,3,6,0,6,4,6,20,7,2,2,3,13,8,6,13,10,8,5,0,2,9,0,4,5,15,4,7,10,2,9,6,12,2,6,10,2,16,9,0,8,3,2,8,5,9,3,9,8,12,12,4,0,8,7,13,8,7,10,8,2,8,5,4,7,6,12
Asah1,1,14,1,8,6,33,6,7,8,25,20,12,11,13,23,16,0,1,13,1,14,11,7,16,2,5,21,9,17,4,12,7,7,2,6,13,5,14,10,2,19,6,13,16,0,15,8,10,23,0,10,6,0,27,20,5,8,0,3,15,12,5,1,5,5,2,0,11,7,7,8,24,27,1,19,12,8,6,6,9,0,6,14,8,7,6,10,0,0,10,12,6,5,6,8,6,3,13,13,12,5,8,15,11,10,14,1,19,10,14,11,0,12,7,14,14,1,8,24,4,0,2,1,6,0,3,7,2,4,4,0,9,1,1,2,2,5,4,6,4,0,2,4,8,4,12,13,13,7,12,3,7,0,0,2,9,10,10,6,7,10,4,6,9,3,5,2,7,8,6,1,5,4,1,8,3,2,1,8,0,0,3,12,3,2,6,2,12,7,13,6,16,1,8,9,8,7,10,16,2,11,11,11,0,5,6,7,13,1,6,6,15,3,3,10,6,0,0,7,38,14,6,2,2
Palld,0,4,8,12,1,5,4,17,4,13,6,0,2,7,13,0,0,0,2,0,1,4,4,9,0,8,4,23,9,3,0,4,4,48,12,5,0,9,3,5,5,8,0,0,0,38,8,3,4,0,6,2,8,5,34,31,5,0,14,0,6,6,0,6,0,0,0,0,4,0,4,11,2,4,0,4,2,0,0,12,0,0,11,16,37,16,58,0,0,0,4,13,27,14,0,14,14,3,27,10,27,15,13,10,0,6,0,24,30,6,2,0,17,11,27,59,0,1,12,0,0,0,28,0,0,0,20,0,0,13,0,7,15,0,0,0,0,30,32,8,8,0,20,13,0,7,36,0,11,18,13,0,3,0,20,31,10,13,16,7,21,6,0,0,9,4,9,1,8,18,0,0,41,0,0,0,0,6,17,0,0,10,4,62,7,4,0,10,4,32,2,18,23,16,0,24,10,12,7,4,3,25,17,12,12,15,17,2,29,6,11,15,0,24,5,2,0,1,15,46,23,68,21,0
Fam32a,4,2,7,5,5,21,6,23,3,23,15,3,10,4,11,7,1,6,13,4,16,6,15,2,0,1,22,1,19,6,9,12,7,12,9,4,8,18,20,9,14,3,3,4,0,15,10,6,11,1,14,7,0,11,21,7,5,4,6,0,1,8,2,2,9,1,2,0,4,25,11,34,15,6,8,0,9,3,4,7,2,0,9,3,18,9,11,0,6,4,10,2,19,8,3,11,0,3,13,7,5,3,16,8,4,5,0,18,22,15,5,0,11,3,20,9,0,2,13,8,0,2,0,0,0,0,12,7,0,2,0,5,2,6,2,3,0,2,7,1,1,0,8,6,0,17,9,1,4,3,7,2,1,2,12,10,8,6,6,6,11,5,10,3,9,3,0,17,13,6,0,2,1,3,13,0,0,6,0,0,2,1,2,2,12,5,0,8,4,10,0,10,1,4,8,3,3,8,15,2,6,6,4,1,13,8,10,9,1,1,5,4,3,4,12,5,0,0,10,19,10,5,8,7
Nfix,0,0,0,0,0,0,0,0,0,0,0,0,0,0,0,0,0,0,0,0,0,0,0,0,0,0,0,0,0,0,0,0,0,0,0,0,0,18,0,0,0,0,0,0,0,0,0,34,0,0,0,0,0,0,0,0,0,0,0,0,0,0,0,0,0,0,0,0,7,0,0,35,23,0,0,0,0,0,0,0,0,0,0,3,0,32,14,0,0,10,0,0,0,0,0,0,0,0,0,0,8,19,14,0,0,20,0,16,25,46,0,0,0,0,0,29,0,24,0,0,0,0,0,0,0,0,0,0,4,28,0,12,0,0,0,0,0,10,15,0,0,0,0,14,0,0,0,0,0,6,0,0,1,0,0,21,0,0,0,0,0,26,0,25,0,0,0,0,39,0,0,0,19,3,0,0,0,0,0,0,0,0,0,0,0,0,0,0,0,0,0,0,0,0,0,19,8,0,0,0,16,0,0,0,0,19,0,0,0,0,0,0,0,0,19,0,0,0,25,0,36,0,0,8
Vps35,2,10,3,5,6,9,6,5,2,9,1,0,4,4,6,4,2,1,6,0,4,4,7,17,0,6,19,1,18,2,2,3,1,4,5,14,3,11,9,7,7,2,10,0,4,4,5,11,3,5,4,2,4,13,7,0,1,13,12,0,5,3,0,1,1,0,0,7,4,7,2,7,5,16,10,8,8,7,0,2,3,1,2,3,3,4,4,2,4,0,6,4,12,4,2,6,3,0,4,7,11,4,5,1,5,3,2,5,3,6,3,1,4,5,5,1,0,0,3,4,0,1,8,0,0,0,9,4,1,5,3,2,4,0,4,0,1,2,4,2,0,0,10,8,0,6,4,2,7,0,1,2,5,0,5,7,0,4,4,5,2,1,4,4,4,3,4,3,3,3,5,1,4,1,1,5,1,11,5,0,5,0,4,7,4,2,2,4,2,3,0,2,1,0,3,7,3,1,7,5,0,2,3,0,8,12,4,5,3,1,3,5,2,4,5,8,1,1,1,2,3,9,3,0
Kars,3,3,6,2,5,29,12,2,6,14,11,4,6,4,10,7,8,4,9,0,3,14,2,2,2,6,17,23,15,7,14,5,7,3,1,7,3,15,18,4,7,3,1,1,11,5,6,22,5,3,11,15,0,4,14,10,6,9,11,2,2,12,1,0,8,1,3,5,1,9,3,19,22,1,1,5,24,3,8,4,0,1,10,4,6,10,7,0,9,4,8,2,15,7,0,7,11,3,10,9,21,11,3,5,5,5,1,5,8,11,7,0,5,13,9,8,0,10,20,0,0,0,4,1,0,0,5,6,0,4,1,7,0,0,0,4,0,4,2,5,0,0,6,8,0,13,7,0,6,7,3,2,2,7,5,3,4,6,8,10,6,2,7,8,6,3,0,2,6,4,4,2,2,1,13,1,3,11,5,0,2,0,7,3,2,4,2,7,8,5,6,10,0,1,9,9,0,6,3,3,1,4,2,0,9,12,10,3,1,2,6,15,2,1,6,10,0,0,13,9,2,0,4,7
Trappc2l,4,6,6,4,8,31,8,11,8,12,19,2,15,7,11,4,0,3,0,1,14,11,8,2,6,8,25,10,13,3,15,17,8,7,2,3,0,12,25,9,9,8,7,11,4,17,9,9,15,11,12,1,7,16,16,32,13,7,30,14,11,8,0,7,5,4,0,18,12,43,10,9,25,4,6,5,9,8,10,6,6,1,1,6,7,17,23,2,12,8,6,4,10,18,1,7,0,6,11,10,6,15,16,12,12,8,3,11,7,18,11,2,18,6,12,5,0,2,19,7,5,0,5,12,2,4,12,12,11,8,3,3,2,0,3,6,5,7,4,1,5,3,14,8,6,11,10,1,9,4,14,3,4,7,18,16,9,4,14,8,15,7,13,1,18,8,10,6,14,7,5,7,4,4,8,4,0,9,8,1,0,3,18,14,15,5,2,17,1,11,9,10,5,4,7,2,3,1,8,3,9,2,5,4,11,5,11,6,4,9,6,5,1,1,14,7,5,5,5,17,17,7,6,2
Rpl13,0,0,13,0,20,85,0,24,15,34,26,0,0,0,28,0,0,0,14,0,0,16,0,0,0,15,33,13,0,22,23,0,16,0,9,0,0,0,0,0,19,0,9,0,0,37,0,0,14,0,25,17,5,34,19,9,25,0,29,0,0,12,8,0,0,0,0,0,6,1,0,33,26,6,0,0,34,6,4,10,6,3,8,17,24,21,20,1,5,10,12,14,23,25,0,11,13,5,19,11,12,18,1,14,12,4,15,17,20,25,16,1,10,20,19,11,2,8,19,3,1,1,0,0,15,4,7,12,4,21,3,16,1,5,1,0,9,9,0,0,0,0,17,10,0,30,13,0,7,14,6,0,0,1,8,19,13,15,0,0,0,0,0,5,19,13,4,8,10,7,5,0,0,1,6,9,1,4,9,0,5,0,12,4,0,11,0,14,13,14,0,22,0,0,0,0,3,10,0,5,5,0,0,1,17,16,22,0,3,0,5,18,0,9,0,24,0,0,22,19,18,0,6,7
Galnt2,7,14,11,12,8,28,21,12,6,21,2,3,8,4,11,1,0,2,8,0,14,4,4,0,1,13,30,8,14,4,19,15,12,0,3,6,6,17,16,12,10,5,5,6,13,6,3,15,8,3,17,1,0,17,12,14,8,0,4,3,4,10,7,0,7,1,0,18,11,19,4,11,23,8,7,2,0,2,3,8,3,6,2,10,10,1,4,4,5,17,21,6,6,9,2,19,3,3,17,3,10,23,6,16,5,15,3,9,6,7,6,3,3,6,17,11,0,3,7,6,6,2,0,12,0,0,3,5,4,8,0,15,1,0,5,0,0,5,14,11,1,2,4,8,4,5,10,8,6,6,9,3,3,0,8,11,7,1,1,6,7,5,6,3,10,5,0,3,6,4,3,7,4,1,8,2,7,1,19,3,1,4,5,9,8,2,2,11,9,6,8,7,6,3,9,4,6,7,6,0,13,4,9,3,10,15,7,7,7,3,2,0,5,1,10,11,2,3,2,4,17,28,5,0
Ubl5,0,24,0,0,0,0,0,0,0,0,0,0,0,0,0,0,0,0,0,0,0,0,0,0,0,0,0,0,0,0,0,0,0,0,0,0,0,0,0,21,0,0,0,0,0,0,0,0,0,0,20,0,0,0,34,0,0,0,0,0,0,0,0,0,0,0,0,0,0,0,0,0,0,0,0,0,0,0,0,0,0,0,0,0,0,0,0,0,0,0,0,0,0,0,0,0,0,0,0,0,0,0,19,0,0,20,0,0,0,0,0,0,0,0,0,0,0,0,0,0,27,0,0,0,0,0,15,0,0,0,0,0,0,0,0,0,0,0,0,0,0,0,0,8,0,0,0,0,0,0,0,0,0,0,0,0,0,0,0,0,0,23,0,0,0,0,0,12,27,0,0,0,0,0,0,0,0,0,0,0,0,0,0,0,0,0,0,0,0,0,0,0,0,0,0,0,0,0,0,0,0,0,0,0,0,0,0,0,0,0,0,0,0,0,0,0,0,0,0,0,0,0,0,0
Stt3a,6,11,4,5,2,33,13,12,9,5,8,4,8,7,14,3,0,3,5,0,7,4,1,4,0,21,20,8,7,4,10,9,4,1,0,6,5,22,7,3,16,5,11,5,14,16,8,20,5,0,11,13,5,11,8,7,10,6,7,7,6,18,0,0,4,0,0,13,1,7,7,30,7,0,1,9,21,0,0,4,0,2,16,4,15,9,4,0,10,5,10,16,7,8,10,15,2,5,4,6,0,12,8,5,4,12,0,3,4,3,9,0,9,18,20,5,0,6,8,0,0,7,3,3,0,3,12,8,0,7,2,13,0,0,0,1,0,4,6,5,0,0,8,6,1,7,6,0,7,12,4,0,0,0,11,7,5,2,1,5,0,6,7,4,6,2,0,3,12,2,4,9,4,0,10,2,1,4,8,0,8,0,3,5,8,2,0,6,10,15,4,10,3,14,7,6,1,3,3,2,3,3,6,1,6,19,4,4,8,5,1,9,5,7,12,15,1,1,8,12,1,26,5,1
Phldb1,9,12,7,2,5,42,17,3,5,7,5,7,4,5,14,9,5,1,4,2,16,1,13,5,0,18,9,22,16,8,7,1,11,8,0,13,0,17,8,8,17,13,14,1,1,9,12,12,11,0,8,11,0,3,10,12,17,4,21,0,5,6,0,0,10,0,1,6,10,20,8,51,0,4,9,15,17,2,5,7,0,0,6,5,6,9,7,0,2,2,4,1,4,13,0,10,2,3,20,7,4,5,10,4,3,5,6,5,11,18,14,0,13,17,14,13,2,15,11,4,0,2,4,3,0,0,4,0,0,10,0,7,0,0,0,0,3,1,4,6,0,0,4,5,0,16,7,0,3,8,3,6,5,1,17,9,6,6,2,3,13,7,8,7,16,0,0,2,6,1,3,7,2,0,11,5,5,4,15,0,0,1,5,4,13,4,0,1,3,12,0,12,0,6,5,8,3,2,1,1,4,10,2,1,6,7,6,2,1,8,2,7,0,5,2,13,5,0,8,8,15,11,0,4
Rbm7,4,8,0,3,0,5,0,3,0,12,4,3,0,0,3,14,0,2,0,0,0,2,9,0,0,2,8,0,5,2,2,0,3,13,11,3,8,12,17,0,0,11,4,5,0,10,0,9,5,0,6,0,0,5,5,16,4,0,10,0,10,10,0,0,0,0,0,0,2,0,4,5,4,0,3,0,10,2,6,3,0,0,5,2,5,2,4,0,2,2,0,4,9,3,0,8,0,7,2,7,8,8,3,9,1,9,0,13,9,4,6,1,8,0,6,2,0,8,5,1,4,1,0,3,1,0,3,3,3,3,0,1,3,1,0,0,0,3,5,2,0,4,0,3,0,3,2,0,6,4,0,0,0,0,0,6,0,1,7,7,2,0,1,4,7,1,1,3,5,7,4,2,0,3,2,3,3,3,11,0,0,3,5,0,7,7,0,2,6,2,3,5,2,6,2,4,5,2,0,8,1,1,2,0,3,3,0,3,2,0,5,1,0,0,5,4,0,0,3,5,5,0,0,5
Wdr61,8,16,9,6,2,12,12,8,0,7,5,10,7,0,9,2,0,0,6,0,16,6,15,0,0,9,16,10,29,12,12,9,6,0,19,9,1,12,13,12,10,9,3,9,0,11,15,28,11,5,8,12,0,15,0,2,16,7,12,0,0,3,1,0,3,0,2,1,7,43,1,36,26,2,9,6,23,6,8,1,0,0,8,5,9,3,7,0,4,1,11,11,5,3,1,9,2,18,5,5,5,9,29,13,14,10,0,16,19,7,11,0,8,6,21,5,0,10,7,5,1,5,3,5,0,3,4,1,0,8,3,6,2,1,3,34,9,8,2,5,0,0,8,5,0,9,4,1,7,13,4,0,0,1,9,9,5,3,10,3,10,8,5,11,7,8,7,8,9,3,8,7,10,1,9,5,0,8,8,0,2,8,4,2,6,6,2,14,4,7,3,7,1,5,5,14,4,13,6,7,3,2,4,7,9,4,10,3,2,0,11,8,5,5,12,7,4,0,6,10,10,11,1,4
Etfa,0,7,8,2,7,26,13,16,5,6,12,0,4,5,6,1,0,1,5,1,6,13,16,7,0,12,3,8,13,7,13,7,4,4,9,15,5,11,15,14,11,0,0,4,0,28,17,17,8,0,7,11,1,25,11,12,6,6,6,3,4,11,4,0,23,2,2,19,7,28,2,31,10,0,0,6,13,0,5,9,0,2,3,4,15,10,8,7,4,9,10,7,13,12,5,7,7,8,12,7,5,14,8,8,5,13,0,12,4,15,7,0,12,8,13,11,0,11,12,13,0,2,0,5,0,0,4,10,0,4,0,7,5,0,0,1,0,2,12,7,0,0,15,10,4,9,9,3,4,12,2,3,0,0,11,10,7,4,2,3,4,14,6,11,6,5,0,5,4,8,0,5,6,3,8,5,2,4,9,0,5,5,4,4,6,5,4,6,12,11,5,14,5,3,14,11,2,4,8,8,6,9,2,4,13,5,13,5,2,3,6,5,3,2,12,9,7,5,16,10,7,12,2,12
Rab11a,0,0,0,0,17,0,0,6,0,0,0,0,12,10,0,0,1,0,0,0,14,0,0,0,0,26,0,25,14,0,30,15,8,0,0,28,0,0,0,2,0,7,0,0,0,0,0,0,26,0,17,0,7,0,0,0,11,0,0,0,0,0,0,7,26,0,0,0,26,0,0,0,0,35,7,0,20,0,0,0,0,0,16,0,0,0,0,0,0,30,0,0,14,17,0,4,0,13,14,22,13,0,0,0,16,0,0,0,11,0,0,0,8,14,5,18,0,0,15,0,0,0,5,0,0,0,0,0,0,0,0,2,0,6,0,0,0,6,0,0,0,0,0,17,0,27,6,0,0,0,0,0,0,0,0,26,18,0,0,10,21,0,0,11,0,0,0,0,0,0,8,3,4,0,20,0,0,0,2,0,4,0,9,0,0,3,0,22,0,28,0,12,0,0,0,2,0,0,17,0,0,0,0,0,0,0,17,7,9,0,12,0,14,0,23,15,0,0,3,0,0,0,0,0
Arpp19,18,39,9,0,0,72,0,0,0,43,0,0,8,14,11,15,0,0,0,0,33,14,10,12,0,0,72,38,12,0,11,10,13,0,0,57,9,31,112,0,21,8,33,0,10,1,9,51,33,0,10,59,0,37,0,0,0,2,39,0,37,48,0,6,35,0,0,23,28,0,10,4,93,0,37,5,58,0,18,0,22,0,0,0,0,3,27,0,22,0,1,0,0,34,16,24,11,0,19,26,20,21,13,27,12,0,0,0,27,0,43,0,18,14,71,15,0,26,0,3,0,0,19,8,8,17,17,0,0,1,22,0,0,6,0,6,3,0,29,0,0,0,0,1,0,19,33,0,7,1,0,0,0,7,40,0,0,0,0,25,12,0,14,31,44,32,0,6,0,20,22,25,0,0,10,0,16,0,44,0,0,0,19,29,7,29,0,18,17,23,0,41,0,14,13,5,16,0,15,26,27,5,13,22,30,23,38,0,13,0,0,22,0,0,20,58,22,0,1,0,0,14,13,0
Cox7a2,4,0,26,35,11,14,25,5,24,22,14,0,43,32,39,0,0,2,16,15,15,4,6,9,0,0,37,11,6,2,18,3,11,14,10,0,2,6,7,21,56,14,11,12,45,27,11,16,21,3,10,11,8,18,26,30,17,0,42,8,0,29,0,0,9,0,0,18,17,12,7,26,12,9,18,19,23,6,13,5,2,2,14,14,18,17,30,8,10,14,8,12,10,14,3,21,6,1,8,6,20,13,17,4,8,7,1,8,19,13,9,7,9,10,15,18,1,8,15,12,9,10,4,13,8,4,10,15,3,6,8,10,17,4,18,5,7,1,9,6,4,6,10,7,1,16,12,4,7,14,2,5,4,10,14,10,8,11,15,1,3,7,12,6,20,3,8,12,19,11,9,11,10,2,3,7,1,15,20,0,4,4,5,8,6,6,8,4,20,2,3,10,6,7,31,3,8,1,31,7,5,2,4,8,6,2,10,5,3,17,2,10,4,10,8,11,4,10,6,15,19,11,3,9
Plod2,0,5,7,0,0,10,4,9,0,0,2,0,7,0,14,7,0,8,0,0,11,16,0,11,3,5,1,0,4,0,11,0,4,0,0,12,0,8,16,3,0,5,15,0,1,1,6,10,10,2,0,11,0,0,9,3,10,7,25,0,2,3,4,0,11,0,2,16,1,11,8,0,0,1,8,9,15,0,1,2,0,1,2,0,2,4,7,0,4,8,5,10,3,8,1,7,0,0,8,5,7,4,19,0,3,4,5,0,0,14,0,0,5,15,9,3,0,2,7,0,2,0,0,0,1,2,3,0,0,0,3,10,0,0,0,11,6,0,2,3,0,0,6,4,5,5,0,2,7,6,3,0,0,7,0,3,0,3,1,3,5,3,7,7,3,4,2,3,5,0,8,8,3,4,2,0,0,0,5,0,2,0,7,0,2,3,3,6,1,7,0,6,1,3,10,0,0,0,15,4,5,6,3,0,0,7,13,3,2,6,0,9,0,6,6,8,5,3,3,4,6,0,0,0
Copb2,4,12,5,8,5,13,0,4,6,12,12,3,4,4,15,8,2,0,11,0,0,3,0,9,4,17,5,8,4,9,16,11,10,10,8,7,0,15,6,3,3,0,5,2,0,14,1,12,13,6,7,5,0,18,11,10,18,0,6,0,3,4,4,0,14,9,1,17,0,20,11,25,8,4,5,3,0,3,2,7,0,1,15,5,4,9,6,0,5,5,3,4,3,9,1,27,0,6,19,9,6,3,9,1,4,12,5,1,8,8,7,0,13,10,13,7,1,1,6,7,0,0,8,4,0,0,6,1,0,10,2,5,1,3,4,1,0,6,5,2,0,3,2,6,0,9,7,5,8,2,3,2,3,4,7,8,5,0,5,0,9,2,3,4,10,7,3,0,8,5,3,7,11,1,12,3,0,3,7,5,2,3,3,2,4,0,0,6,2,7,4,3,0,0,3,6,6,6,11,3,3,6,6,0,11,10,5,7,1,0,1,2,6,3,4,2,0,0,11,10,12,1,17,0
Mrps22,9,3,4,1,6,8,9,8,6,3,1,4,6,0,4,15,0,0,0,0,1,7,0,0,0,4,3,4,2,2,10,3,4,0,0,0,0,5,2,1,3,0,0,2,3,0,3,7,0,0,5,3,0,7,5,5,5,2,8,2,0,7,3,0,0,1,4,0,0,0,2,25,3,2,0,3,3,1,0,1,0,0,4,0,4,14,3,0,3,3,7,2,9,6,0,9,6,0,2,4,0,2,3,1,2,4,1,6,1,5,0,0,1,19,3,6,0,1,3,1,0,0,2,0,3,3,5,1,0,4,4,3,0,2,3,3,2,1,3,0,0,0,6,8,0,1,0,1,2,2,0,0,0,4,3,5,4,12,2,10,4,1,11,8,3,1,0,4,5,1,2,0,2,0,4,0,0,1,4,0,1,0,0,0,1,0,2,5,0,0,1,6,5,2,10,1,1,0,4,0,6,8,4,5,2,5,6,3,2,6,4,0,3,0,3,4,0,0,10,0,6,0,0,3
Ryk,0,0,5,7,18,11,35,9,0,2,0,7,11,1,24,9,4,5,0,0,0,9,6,17,1,35,29,10,0,0,6,18,4,5,0,9,0,22,26,8,8,27,0,4,10,15,20,17,21,12,16,12,6,17,0,12,9,0,12,0,22,9,0,3,10,0,0,12,19,21,16,21,10,12,7,0,12,5,9,7,4,1,16,4,11,15,24,4,4,3,5,8,3,5,3,20,15,12,13,15,24,4,7,7,2,15,5,16,14,10,4,0,13,9,11,22,2,20,7,9,7,3,11,3,0,4,21,9,11,12,6,16,0,6,0,0,2,7,3,4,2,0,4,6,2,13,15,0,13,10,4,4,0,2,9,18,5,6,10,6,16,1,8,0,4,11,7,11,22,7,3,4,10,1,8,6,4,6,11,0,3,8,7,15,10,1,0,13,11,8,5,2,10,2,4,3,4,6,9,4,4,10,14,0,13,12,2,0,1,6,3,13,8,4,4,19,0,0,21,14,18,18,12,0
Srprb,1,8,0,6,9,15,12,0,5,3,16,0,3,4,11,8,0,2,3,1,8,7,8,4,0,5,6,3,10,4,11,1,12,5,3,6,3,33,15,9,13,9,5,0,0,10,13,5,7,0,7,13,3,27,7,5,9,6,8,0,8,8,0,2,16,3,2,10,0,25,2,23,19,0,0,6,18,0,3,2,0,3,5,5,2,4,21,7,9,4,9,5,3,11,1,18,0,5,17,9,2,9,13,1,0,8,0,2,2,12,6,0,9,8,4,6,1,2,6,3,5,4,4,0,0,0,4,1,0,3,0,7,0,2,4,3,1,7,5,4,1,0,8,5,1,15,5,4,0,6,0,0,2,1,7,4,7,0,7,9,1,1,5,3,8,5,0,9,6,8,10,6,4,1,3,0,1,9,4,0,0,4,4,2,4,6,0,6,8,10,0,4,3,5,1,6,6,4,2,8,3,8,2,0,9,12,7,2,1,0,2,6,0,2,14,1,0,2,15,12,7,7,0,1
Dnajc13,0,7,0,4,0,3,5,6,0,0,2,0,0,0,5,0,0,0,0,0,2,0,0,2,0,0,0,0,0,0,0,4,0,0,0,0,0,0,0,0,0,0,0,0,0,0,0,3,12,1,1,4,1,9,9,0,0,0,0,0,4,0,0,0,2,0,0,0,1,0,0,14,2,0,0,0,15,0,0,0,0,0,0,2,0,7,0,0,0,5,4,4,0,11,0,6,0,1,4,4,0,0,10,0,0,11,0,0,0,3,0,0,7,7,0,6,0,0,0,0,0,0,1,0,0,0,0,2,0,0,0,0,0,0,0,0,0,0,9,0,0,0,4,0,0,6,0,0,0,3,0,0,0,6,0,0,0,5,0,12,0,1,3,4,4,0,0,0,0,0,0,0,2,0,0,0,0,0,6,0,1,0,0,0,4,0,0,0,4,8,0,0,0,0,0,5,0,0,0,0,0,0,0,0,0,0,0,0,1,0,0,0,1,0,1,0,5,0,11,0,0,0,4,0
Alas1,14,0,4,3,2,13,11,11,5,18,6,3,1,2,8,4,2,6,0,6,14,4,5,0,0,0,14,5,14,3,9,2,7,8,8,8,0,6,2,3,7,19,11,0,7,8,3,0,9,5,7,2,1,20,7,6,5,7,3,2,3,1,0,0,6,0,0,17,5,25,1,18,3,3,7,0,18,6,1,24,1,0,8,6,4,2,14,0,0,4,7,0,14,7,4,5,0,3,5,9,10,15,4,6,3,9,0,3,3,11,4,0,6,6,5,12,0,1,2,4,0,6,3,4,2,0,1,0,0,6,0,1,1,2,1,0,2,2,2,4,1,1,5,2,1,7,2,2,4,9,7,2,1,0,5,2,5,0,0,3,0,1,9,0,8,1,0,5,10,3,3,1,7,0,7,2,0,3,6,1,2,0,6,4,7,5,0,5,2,11,3,5,0,5,3,1,3,5,13,0,5,4,2,0,6,6,2,4,2,0,2,8,4,3,3,13,0,0,10,1,1,1,4,2
Lamb2,6,23,12,20,7,12,59,28,17,39,18,8,14,6,26,10,0,0,18,0,29,14,18,0,0,39,45,24,4,3,8,22,6,1,18,34,0,24,13,5,12,14,0,4,0,16,5,23,19,0,2,0,3,5,3,28,15,0,1,0,25,7,7,0,29,0,1,65,5,122,1,30,15,0,15,6,6,2,0,6,0,0,12,1,20,13,3,6,1,0,12,0,26,19,3,15,2,6,15,22,16,20,25,9,0,25,0,23,7,18,9,0,6,11,21,13,0,3,29,1,0,2,0,0,0,3,0,0,0,9,0,4,0,0,0,1,0,4,5,16,0,9,7,22,0,10,0,0,9,8,0,0,0,0,19,16,9,17,2,9,16,7,12,2,4,6,6,9,4,2,0,16,2,0,8,0,0,10,13,0,0,0,3,0,14,17,0,12,4,26,0,6,0,14,10,18,0,11,23,0,2,10,13,0,16,11,16,11,0,2,2,14,11,3,10,4,0,0,19,28,14,12,0,10
Uqcrc1,18,29,20,14,11,59,33,18,25,27,67,15,18,8,22,3,3,10,12,1,27,14,28,5,6,12,45,25,44,11,34,10,10,9,17,25,11,25,27,14,22,28,6,3,0,18,20,40,8,10,12,10,6,34,35,27,28,9,16,11,13,12,0,12,15,2,0,19,5,36,22,17,42,7,4,21,29,1,2,17,1,0,13,8,22,28,25,5,6,15,10,13,25,25,6,24,5,6,34,16,9,23,21,14,9,19,2,17,20,18,20,0,17,32,28,21,1,10,26,6,0,4,8,0,2,5,9,5,6,13,3,17,2,0,0,19,4,4,8,11,4,1,14,18,0,13,12,1,6,19,4,2,2,9,15,17,7,21,4,23,18,10,16,10,18,14,2,17,20,17,6,10,22,1,24,3,0,8,14,7,2,9,27,6,17,11,0,12,11,27,5,16,8,11,17,13,7,11,17,8,12,14,15,4,13,22,16,13,3,2,20,21,8,21,18,19,1,1,16,25,16,3,10,4
Higd1a,0,13,0,0,14,0,0,11,0,19,1,5,2,0,8,5,0,0,0,0,3,8,12,0,0,0,23,2,13,10,8,11,5,7,0,37,6,0,0,0,8,14,11,0,9,18,0,0,9,5,7,7,0,19,0,0,0,0,0,0,10,0,0,0,0,0,11,45,22,0,0,51,0,0,0,11,0,0,7,0,0,0,17,0,20,0,55,0,0,0,8,11,25,0,0,11,0,12,20,0,13,0,9,0,10,3,0,13,22,3,20,0,17,0,21,0,0,13,0,0,0,0,0,11,0,0,11,0,0,2,0,0,5,0,0,0,0,19,30,0,0,0,19,4,0,28,7,0,0,15,11,1,0,0,0,20,9,0,10,0,5,0,0,20,0,13,0,7,10,0,0,11,0,0,18,0,0,0,12,0,0,0,0,13,6,12,0,0,0,22,4,4,0,2,0,16,0,5,5,17,0,0,5,0,21,0,0,0,10,0,0,0,0,0,27,26,0,0,0,0,22,5,0,0
Snhg6,0,4,5,5,0,4,0,0,0,1,0,0,4,0,6,0,0,1,0,0,2,6,6,0,4,0,8,2,0,0,1,0,7,0,2,0,0,6,0,2,1,0,4,3,0,9,3,1,0,1,4,0,0,6,0,0,4,0,4,0,0,0,2,0,4,0,0,0,0,0,0,6,0,0,4,1,4,0,0,0,0,6,2,0,0,0,1,0,0,0,0,1,5,3,0,1,6,2,1,4,2,1,0,0,1,3,1,5,0,3,0,0,3,1,2,4,0,2,0,2,0,0,0,2,0,0,5,0,0,0,5,2,0,0,0,0,0,3,0,1,0,2,0,4,0,0,0,0,0,3,0,0,1,1,0,6,2,5,0,0,2,0,0,3,2,0,0,2,1,4,1,0,1,0,2,0,0,2,1,0,0,0,0,0,0,0,0,0,2,0,2,0,0,0,1,0,0,0,2,3,0,0,6,0,0,0,3,0,2,0,5,2,0,0,0,0,0,0,0,3,2,0,0,3
